id,dose_mg,AUC_tau,CLSS_i,F1SS_i,ecog,sex,race,tumor,alb_gL,ppi,highfat,scenario
0,960,76940.168595079,10.256281139088527,0.8220000000000001,1,F,Caucasian,>70,25.702260661682107,True,False,960
1,960,37362.50055194308,25.69421173150238,1.0,1,F,Caucasian,>70,24.97031627107398,False,False,960
2,960,35102.56542970169,27.34842847661799,1.0,1,M,Caucasian,>70,37.17567477346603,False,False,960
3,960,16395.444440976666,48.130442748338986,0.8220000000000001,0,M,Caucasian,>70,48.063852096722904,True,False,960
4,960,24215.84578006924,32.5869270545769,0.8220000000000001,0,M,Caucasian,>70,43.05827690011884,True,False,960
5,960,23639.134149899066,40.61062448025826,1.0,0,M,Caucasian,>70,40.09641042501918,False,False,960
6,960,16696.690807316467,57.49642315825416,1.0,0,F,Caucasian,<=70,30.34829298989003,False,False,960
7,960,29803.280227512438,26.47762239511932,0.8220000000000001,1,F,Caucasian,>70,41.28460767946592,True,False,960
8,960,7707.434698139546,102.38426025075262,0.8220000000000001,0,M,Caucasian,<=70,42.06350025009928,True,False,960
9,960,21235.102627926546,37.161110724382304,0.8220000000000001,2,F,Caucasian,>70,39.029865675795314,True,False,960
10,960,29190.997387837604,32.88685162912532,1.0,1,F,Caucasian,<=70,39.172671911539304,False,False,960
11,960,15511.345183563219,50.87373085064218,0.8220000000000001,2,F,Caucasian,>70,34.58067492942359,True,False,960
12,960,18776.422503153837,51.12795048357857,1.0,0,M,Caucasian,<=70,47.50147352318919,False,False,960
13,960,19906.69146574617,39.640941909299904,0.8220000000000001,1,F,Asian,>70,36.6870247395934,True,False,960
14,960,21593.139935287978,44.45856428833433,1.0,1,F,Caucasian,<=70,37.323224431151914,False,False,960
15,960,59890.13951870096,16.0293498681905,1.0,1,F,Caucasian,>70,40.61561091604119,False,False,960
16,960,13811.526485544371,69.50716135575381,1.0,1,F,Caucasian,<=70,43.40520275896711,False,False,960
17,960,13140.847507843362,73.05464882892872,1.0,1,F,Caucasian,<=70,34.88669301356219,False,False,960
18,960,39186.917105823784,20.13733302543273,0.8220000000000001,0,F,Caucasian,>70,37.477432692873855,True,False,960
19,960,14426.670365128895,54.698692077099366,0.8220000000000001,0,F,Caucasian,>70,26.833311406472024,True,False,960
20,960,55416.45576395096,17.323374199338296,1.0,1,F,Caucasian,<=70,34.7532389847281,False,False,960
21,960,24701.499498202567,38.86403738646941,1.0,1,F,Asian,<=70,32.90488332997047,False,False,960
22,960,47512.47826399665,20.20521839896227,1.0,0,M,Caucasian,>70,39.56107262421234,False,False,960
23,960,15368.11539418656,62.466995814148305,1.0,0,F,Asian,>70,45.776775998274914,False,False,960
24,960,17841.30366497408,44.22995173548865,0.8220000000000001,1,M,Caucasian,>70,46.084858905237866,True,False,960
25,960,23424.50660901393,40.98272019230427,1.0,0,F,Asian,<=70,36.228848831195464,False,False,960
26,960,19490.65090170853,49.2543837987395,1.0,0,F,Caucasian,>70,38.916746966476865,False,False,960
27,960,19583.52715465115,49.02079142428625,1.0,1,M,Asian,>70,32.09896112015985,False,False,960
28,960,70981.52199423715,13.524646598560407,1.0,1,F,Caucasian,>70,39.602579408328126,False,False,960
29,960,42319.78542566106,18.64659737904788,0.8220000000000001,1,M,Caucasian,<=70,36.78281964707165,True,False,960
30,960,54146.459934939754,14.573805950530755,0.8220000000000001,2,M,Caucasian,>70,32.441811666736506,True,False,960
31,960,48969.57981255287,16.114493998531657,0.8220000000000001,1,F,Caucasian,<=70,27.698577233964432,True,False,960
32,960,24406.32248011575,32.33260564523434,0.8220000000000001,1,F,Caucasian,>70,37.980481992645906,True,False,960
33,960,10964.808057209975,71.9684280730395,0.8220000000000001,0,F,Caucasian,>70,37.092791078933416,True,False,960
34,960,24104.450878693908,39.82666955705474,1.0,1,F,Asian,>70,38.622649823125265,False,False,960
35,960,22142.154965600526,35.63880756981226,0.8220000000000001,0,F,Caucasian,>70,41.192091602067975,True,False,960
36,960,19750.589025228273,39.95425143989495,0.8220000000000001,1,F,Caucasian,>70,28.99845635061653,True,False,960
37,960,36124.025743522136,26.575111168836163,1.0,2,F,Caucasian,<=70,41.40115830173055,False,False,960
38,960,13167.6572374387,59.92865593101475,0.8220000000000001,0,F,Caucasian,<=70,39.62696138971243,True,False,960
39,960,25664.716961659633,30.747270705492753,0.8220000000000001,1,M,Caucasian,<=70,25.190712669623032,True,False,960
40,960,9540.225562651147,100.62655161511971,1.0,1,F,Caucasian,<=70,40.36181811562268,False,False,960
41,960,8306.390501623746,95.00155330353681,0.8220000000000001,0,M,Caucasian,>70,37.70011235663881,True,False,960
42,960,24351.41834441467,39.42275502897716,1.0,1,F,Caucasian,>70,36.348054475439554,False,False,960
43,960,21909.582094654106,43.816445053702694,1.0,0,F,Asian,<=70,39.36452037520232,False,False,960
44,960,13133.173943630683,60.0860084079452,0.8220000000000001,1,M,Caucasian,<=70,38.91574153132125,True,False,960
45,960,20235.375677817075,38.99705212120518,0.8220000000000001,1,F,Caucasian,<=70,40.55272567811894,True,False,960
46,960,17592.250304629073,54.56948277659476,1.0,0,M,Caucasian,>70,39.795342287142475,False,False,960
47,960,20845.328989418173,46.05348279642552,1.0,0,F,Caucasian,<=70,34.05819038352119,False,False,960
48,960,20045.96715425773,39.365523944420524,0.8220000000000001,0,M,Asian,<=70,39.02492729123663,True,False,960
49,960,5681.961387376276,138.88161960290742,0.8220000000000001,1,F,Asian,>70,45.45568634317229,True,False,960
50,960,16852.655090415512,56.964317779574905,1.0,2,M,Caucasian,>70,41.1149749327635,False,False,960
51,960,14544.544827150534,66.00412810498908,1.0,0,M,Caucasian,>70,30.78222335062121,False,False,960
52,960,20017.081840842027,47.95903856681325,1.0,2,M,Asian,<=70,37.21092774549033,False,False,960
53,960,38262.02367595091,25.090152265087724,1.0,1,M,Asian,<=70,30.88933720925273,False,False,960
54,960,38721.645637026755,24.79233473181781,1.0,1,M,Caucasian,>70,35.7472548308462,False,False,960
55,960,39116.371783253635,24.542153482930946,1.0,1,M,Caucasian,<=70,37.52382330297525,False,False,960
56,960,15673.174995644415,61.25115046994528,1.0,0,F,Caucasian,<=70,34.76672476534908,False,False,960
57,960,32209.03172824498,29.80530455245414,1.0,0,F,Caucasian,<=70,43.87040465756979,False,False,960
58,960,31371.86603418351,30.600666181411135,1.0,1,F,Caucasian,<=70,38.90991991009902,False,False,960
59,960,19201.85250160681,41.09603487132123,0.8220000000000001,1,M,Caucasian,>70,33.990260449665875,True,False,960
60,960,55305.90793447269,17.358000905390128,1.0,0,F,Caucasian,>70,34.102694031168554,False,False,960
61,960,8140.388112616329,96.93886692908261,0.8220000000000001,1,F,Caucasian,<=70,42.72602736610804,True,False,960
62,960,34693.943903796666,22.74518002877281,0.8220000000000001,2,F,Caucasian,>70,39.3281948980314,True,False,960
63,960,12960.571034955175,74.07081041497645,1.0,0,M,Caucasian,<=70,36.23303397372086,False,False,960
64,960,16213.788316003345,59.208864781616775,1.0,0,M,Caucasian,>70,35.15338187325501,False,False,960
65,960,18720.45645604085,51.280800885077795,1.0,0,F,Caucasian,<=70,36.50019188954851,False,False,960
66,960,53172.40507430311,18.054477668604534,1.0,1,M,Caucasian,>70,31.641354753194875,False,False,960
67,960,18678.745103201283,42.24694944119965,0.8220000000000001,0,F,Caucasian,<=70,34.0730400482725,True,False,960
68,960,20277.39398566091,47.343361808665385,1.0,1,M,Caucasian,<=70,40.61641440081045,False,False,960
69,960,28862.89147708449,27.34029612474956,0.8220000000000001,1,F,Caucasian,>70,38.423473179414295,True,False,960
70,960,32404.244565977406,29.625748504809916,1.0,1,M,Caucasian,<=70,36.66280968540155,False,False,960
71,960,80045.06698026891,11.99324375900191,1.0,1,F,Caucasian,>70,39.87234850299039,False,False,960
72,960,31902.691013703603,24.735217466797348,0.8220000000000001,2,M,Caucasian,>70,40.038156526959675,True,False,960
73,960,24336.958516961866,39.44617809702553,1.0,2,M,Caucasian,<=70,34.773499006947866,False,False,960
74,960,36417.67352025169,26.360827235878993,1.0,1,M,Caucasian,>70,37.7535151108294,False,False,960
75,960,33085.85547420377,23.85067542277266,0.8220000000000001,2,F,Caucasian,>70,37.82460134872616,True,False,960
76,960,27787.632066627568,34.54774403584184,1.0,2,F,Caucasian,>70,39.83521338917833,False,False,960
77,960,10363.898282905631,92.62923793679433,1.0,0,F,Caucasian,>70,30.4547817830018,False,False,960
78,960,6610.223152494002,119.37872319821297,0.8220000000000001,0,M,Caucasian,>70,36.65740285594469,True,False,960
79,960,18765.802455212728,42.05095955173502,0.8220000000000001,1,F,Caucasian,<=70,33.06079133726942,True,False,960
80,960,19290.598432664065,49.7651746445806,1.0,1,M,Caucasian,<=70,46.029950732466574,False,False,960
81,960,23737.531940821525,40.44228365414369,1.0,1,M,Caucasian,<=70,27.469061075417216,False,False,960
82,960,16339.998892734997,48.293760922520896,0.8220000000000001,1,M,Asian,>70,43.71675980012785,True,False,960
83,960,11993.390247347033,65.79624140676614,0.8220000000000001,1,M,Caucasian,>70,33.7819954876432,True,False,960
84,960,9875.365884891178,97.21158802518423,1.0,1,M,Caucasian,<=70,44.622272656000774,False,False,960
85,960,16112.590888286817,48.97536376807391,0.8220000000000001,1,M,Caucasian,<=70,29.482649115719052,True,False,960
86,960,49687.12074259093,19.320902190597348,1.0,1,F,Caucasian,>70,38.896736529546594,False,False,960
87,960,68966.63623005702,13.919774146989832,1.0,1,F,Asian,>70,29.759418155134473,False,False,960
88,960,13296.825227459609,72.19768505473621,1.0,1,F,Caucasian,>70,42.21696594311773,False,False,960
89,960,24395.52359014723,39.35148169509758,1.0,0,F,Caucasian,<=70,40.07072162035567,False,False,960
90,960,7340.017308640983,130.7898823167415,1.0,2,M,Asian,>70,37.25894795827295,False,False,960
91,960,38004.798805442144,25.259967956008012,1.0,1,M,Caucasian,>70,34.54598505707097,False,False,960
92,960,39691.47006172501,24.18655692286238,1.0,1,M,Caucasian,<=70,29.651062462488337,False,False,960
93,960,18042.622912825907,53.20734156216098,1.0,1,F,Asian,<=70,40.39796018017921,False,False,960
94,960,13118.030140605464,73.18171933668778,1.0,1,M,Caucasian,<=70,36.26875604878178,False,False,960
95,960,15960.666529749706,60.147864013737696,1.0,0,F,Caucasian,>70,41.41521324200836,False,False,960
96,960,6766.8052295766465,141.869016091078,1.0,0,M,Caucasian,<=70,43.94817406108959,False,False,960
97,960,39713.289437740365,19.870426529062158,0.8220000000000001,2,F,Asian,>70,31.842221362259874,True,False,960
98,960,17930.67061509316,53.53954799615353,1.0,2,M,Caucasian,<=70,37.203081013567434,False,False,960
99,960,6954.224592428505,113.473470623765,0.8220000000000001,0,M,Caucasian,<=70,43.055969651432704,True,False,960
100,960,44907.01692229989,21.377505472274734,1.0,0,F,Caucasian,>70,34.5064806182397,False,False,960
101,960,18398.333477400556,52.17863896092591,1.0,1,M,Caucasian,<=70,41.88463544972112,False,False,960
102,960,22415.2993551894,42.82789111079835,1.0,1,F,Caucasian,>70,31.38265780225646,False,False,960
103,960,31504.667502414562,25.047717133961843,0.8220000000000001,1,M,Caucasian,>70,46.48365870975062,True,False,960
104,960,44636.525415490614,21.507050359857143,1.0,1,M,Caucasian,>70,39.99861448756284,False,False,960
105,960,22822.489083687542,42.06377299512714,1.0,0,F,Caucasian,>70,43.091278805772994,False,False,960
106,960,13748.358508520523,57.3973976246651,0.8220000000000001,0,F,Asian,>70,40.375159075759775,True,False,960
107,960,26481.9028482101,36.25117143214979,1.0,1,F,Caucasian,>70,38.128141749367884,False,False,960
108,960,10649.161065577237,74.10161186788528,0.8220000000000001,1,M,Caucasian,<=70,47.09924108227126,True,False,960
109,960,11612.952846127353,67.95170965179223,0.8220000000000001,1,F,Asian,>70,41.48299192268011,True,False,960
110,960,27933.335321692375,34.367539319749135,1.0,1,M,Caucasian,>70,44.97164117594276,False,False,960
111,960,32423.61935175961,29.60804559124277,1.0,1,F,Caucasian,<=70,41.10940062743844,False,False,960
112,960,42026.1174413257,22.84293811676259,1.0,0,F,Caucasian,<=70,35.71317007392166,False,False,960
113,960,16979.301117983137,46.47541112067483,0.8220000000000001,1,F,Caucasian,>70,44.23626571733989,True,False,960
114,960,42568.83796258617,18.537503905874974,0.8220000000000001,2,M,Caucasian,<=70,33.66010168769085,True,False,960
115,960,9407.319028008538,102.04820280270914,1.0,1,M,Caucasian,>70,36.58268296938344,False,False,960
116,960,16883.302502283146,56.86091331184631,1.0,0,M,Caucasian,<=70,34.0900645075329,False,False,960
117,960,16519.80106852786,58.1120799226155,1.0,1,M,Caucasian,<=70,41.41178058324782,False,False,960
118,960,10302.563201621366,76.59453133719309,0.8220000000000001,2,F,Asian,<=70,44.67090549438153,True,False,960
119,960,15734.405583678392,61.01279103900988,1.0,0,M,Caucasian,<=70,44.034050386302525,False,False,960
120,960,16509.967623617737,58.146691858238825,1.0,2,F,Caucasian,>70,34.26080714044325,False,False,960
121,960,71251.58584259968,11.075121917191119,0.8220000000000001,1,F,Caucasian,>70,26.58751725747617,True,False,960
122,960,38795.01128975314,20.340759643197448,0.8220000000000001,1,F,Caucasian,>70,36.35233342388599,True,False,960
123,960,37064.211943622155,25.900995857142256,1.0,0,F,Caucasian,>70,28.578980696990346,False,False,960
124,960,8934.713306088333,107.44608887963226,1.0,1,F,Caucasian,>70,44.10227505869389,False,False,960
125,960,49886.703819896145,19.243604537711036,1.0,1,F,Caucasian,>70,43.86702732915255,False,False,960
126,960,21513.463203229425,44.623219931223936,1.0,0,F,Asian,>70,32.83125607162583,False,False,960
127,960,29879.57194952205,32.128974324726094,1.0,1,F,Caucasian,<=70,31.943816208519163,False,False,960
128,960,52323.73871456416,18.347312779711338,1.0,0,M,Caucasian,<=70,38.6282120724657,False,False,960
129,960,23611.2923341632,40.65851146194887,1.0,1,M,Caucasian,>70,35.259607326825034,False,False,960
130,960,16255.971471812618,59.0552217481811,1.0,1,M,Caucasian,>70,35.791175242715944,False,False,960
131,960,52315.03770440184,18.35036429533577,1.0,1,M,Caucasian,>70,35.65602826925104,False,False,960
132,960,20187.45782230325,39.08961727356154,0.8220000000000001,1,M,Caucasian,<=70,32.07402744689849,True,False,960
133,960,19036.05127084454,50.430626937338005,1.0,0,F,Caucasian,>70,35.97068216789384,False,False,960
134,960,31834.9720102862,24.787833950192496,0.8220000000000001,1,M,Caucasian,<=70,40.39247442120988,True,False,960
135,960,9561.750515221574,82.52882134330754,0.8220000000000001,0,F,Asian,>70,31.31221885620748,True,False,960
136,960,37872.16659549604,25.34843095335793,1.0,0,F,Caucasian,>70,37.80416262282626,False,False,960
137,960,54678.64435268296,17.557128772394208,1.0,0,M,Caucasian,>70,34.146068385946236,False,False,960
138,960,19793.289240845108,48.50128689166829,1.0,0,M,Caucasian,>70,33.786558810456015,False,False,960
139,960,10163.359119918934,94.45695942383047,1.0,1,M,Caucasian,>70,41.76179644178678,False,False,960
140,960,17730.66527054559,44.505944247387966,0.8220000000000001,1,M,Caucasian,<=70,51.0,True,False,960
141,960,14508.194067836255,54.39133198179565,0.8220000000000001,1,M,Caucasian,>70,43.559713669139775,True,False,960
142,960,26947.554023513156,29.2835483068872,0.8220000000000001,1,M,Caucasian,>70,35.17436532391276,True,False,960
143,960,40669.92254033814,23.604667529126264,1.0,0,M,Caucasian,<=70,28.04775493887163,False,False,960
144,960,14681.742381444377,65.38733449057808,1.0,0,M,Caucasian,<=70,44.756663020212535,False,False,960
145,960,13746.50329789639,57.40514390454175,0.8220000000000001,1,F,Caucasian,<=70,45.315305121742455,True,False,960
146,960,26101.416271679278,30.23284222535526,0.8220000000000001,0,F,Caucasian,<=70,38.493982335533936,True,False,960
147,960,15218.98390376274,51.85103059376376,0.8220000000000001,0,F,Caucasian,<=70,36.07979162910921,True,False,960
148,960,31985.251180831794,30.013833393789675,1.0,1,M,Caucasian,<=70,41.73789440252385,False,False,960
149,960,20046.589600778527,39.364301645071535,0.8220000000000001,2,M,Asian,>70,42.6253439408765,True,False,960
150,960,20622.148880785404,38.26565333039852,0.8220000000000001,1,F,Asian,<=70,40.93789202086646,True,False,960
151,960,31821.291559834073,30.168480062944553,1.0,1,M,Caucasian,>70,41.83506564739503,False,False,960
152,960,27672.82572429694,34.69107237419246,1.0,0,F,Caucasian,>70,41.75158541356959,False,False,960
153,960,29246.011155920805,32.8249891885051,1.0,1,M,Caucasian,>70,32.9568518183539,False,False,960
154,960,12356.988680238917,63.86021873289786,0.8220000000000001,1,F,Caucasian,<=70,40.670901440592765,True,False,960
155,960,7077.851837839231,111.49145504590096,0.8220000000000001,0,F,Caucasian,<=70,43.73149913529972,True,False,960
156,960,22442.07293687888,42.77679707663901,1.0,1,F,Asian,<=70,38.96559287336814,False,False,960
157,960,41284.28136814174,19.11429662450049,0.8220000000000001,1,F,Caucasian,>70,34.194313014424864,True,False,960
158,960,10276.046584821785,93.42114129941433,1.0,1,M,Caucasian,<=70,41.15453306677493,False,False,960
159,960,30394.770787230595,25.962360615383353,0.8220000000000001,1,M,Caucasian,>70,36.4474010765879,True,False,960
160,960,25074.746414064837,38.28553175163998,1.0,0,M,Caucasian,<=70,36.21207049385458,False,False,960
161,960,18086.182307271323,53.0791951386028,1.0,0,M,Caucasian,>70,35.04964053784198,False,False,960
162,960,7056.078934429994,136.05289976500964,1.0,1,F,Caucasian,<=70,39.40603923186387,False,False,960
163,960,9113.430013630583,86.58869369927083,0.8220000000000001,0,F,Caucasian,<=70,40.87501955446309,True,False,960
164,960,25215.398667238336,38.07197390249083,1.0,0,F,Caucasian,<=70,37.82466202306795,False,False,960
165,960,25912.068466960423,37.048373858075536,1.0,1,M,Caucasian,>70,34.86376234958177,False,False,960
166,960,29952.29244254808,32.05096911501481,1.0,1,M,Asian,>70,31.445731885332172,False,False,960
167,960,31904.30810777792,30.089980223265286,1.0,0,F,Caucasian,<=70,35.95662510105106,False,False,960
168,960,37429.84995075856,25.64797885278577,1.0,2,M,Caucasian,>70,40.86291052867355,False,False,960
169,960,10647.024063700574,74.11648506462815,0.8220000000000001,1,M,Caucasian,<=70,35.75115120880994,True,False,960
170,960,31467.93047285258,25.076958927463465,0.8220000000000001,0,F,Caucasian,<=70,39.42191766343325,True,False,960
171,960,16060.0516987993,49.135582798839756,0.8220000000000001,1,F,Caucasian,<=70,44.3419844980742,True,False,960
172,960,14464.067944188444,54.557265842840756,0.8220000000000001,1,F,Caucasian,<=70,44.052011090907946,True,False,960
173,960,44545.80264230747,21.55085200077275,1.0,1,M,Caucasian,>70,41.14464832208451,False,False,960
174,960,26172.208660058845,36.68012938720937,1.0,1,F,Caucasian,<=70,45.62507196612871,False,False,960
175,960,10787.950170550876,88.9881752161429,1.0,0,M,Caucasian,<=70,38.85292398275599,False,False,960
176,960,9567.430469148365,100.34042087848624,1.0,0,M,Caucasian,<=70,36.16553317985206,False,False,960
177,960,43168.8458535751,22.238259583224323,1.0,1,F,Asian,>70,40.8863019820004,False,False,960
178,960,106673.13075295855,8.999454625769243,1.0,1,F,Caucasian,>70,34.98365593153761,False,False,960
179,960,30635.904765256557,31.335780919671514,1.0,0,M,Caucasian,<=70,36.77169784986873,False,False,960
180,960,22680.949640092706,42.32627007394017,1.0,1,F,Caucasian,>70,37.66030129817796,False,False,960
181,960,31011.02961479376,25.446430183135607,0.8220000000000001,1,F,Caucasian,<=70,35.13872397253325,True,False,960
182,960,8946.993579720473,88.19945973680403,0.8220000000000001,0,M,Asian,<=70,31.05947174870043,True,False,960
183,960,11917.061049144719,66.21766866392237,0.8220000000000001,1,M,Caucasian,<=70,47.019062685671976,True,False,960
184,960,21948.04582932823,35.95399818901111,0.8220000000000001,0,M,Caucasian,>70,37.524640383837024,True,False,960
185,960,6489.874862923078,147.92272890876828,1.0,1,M,Caucasian,<=70,44.3222386378623,False,False,960
186,960,19193.793559509675,50.016167831729256,1.0,0,F,Caucasian,<=70,35.618739018770796,False,False,960
187,960,18646.362054451256,51.4845736233481,1.0,0,F,Caucasian,>70,32.57802036113131,False,False,960
188,960,24512.989665487377,39.16290966954613,1.0,0,F,Caucasian,<=70,41.36792458058461,False,False,960
189,960,7562.451869364438,104.34711038581713,0.8220000000000001,1,F,Asian,<=70,39.681668370785324,True,False,960
190,960,27259.8416218433,35.21663894153928,1.0,1,M,Caucasian,>70,34.61492878975933,False,False,960
191,960,18836.826210281695,41.892407520820846,0.8220000000000001,1,M,Caucasian,>70,41.8485807970405,True,False,960
192,960,20183.53875851698,39.09720735502886,0.8220000000000001,1,M,Caucasian,>70,38.25705235651595,True,False,960
193,960,14545.128826969123,66.00147798072425,1.0,1,F,Caucasian,>70,31.85655406852792,False,False,960
194,960,20264.176273195757,47.37424245908434,1.0,1,M,Caucasian,<=70,40.98412990342678,False,False,960
195,960,33854.27256453687,23.30931785628209,0.8220000000000001,0,M,Caucasian,<=70,38.10227814416925,True,False,960
196,960,34219.122578335526,28.054489059511592,1.0,1,F,Asian,>70,37.16406551350489,False,False,960
197,960,22225.667017835633,35.50489618002231,0.8220000000000001,0,M,Caucasian,<=70,34.791411186666025,True,False,960
198,960,36916.289416249485,21.37592950099292,0.8220000000000001,1,F,Caucasian,<=70,32.522502205325424,True,False,960
199,960,39074.11045996127,24.568697500707003,1.0,1,F,Caucasian,>70,33.001183844120376,False,False,960
200,960,20222.982367675668,39.0209508000821,0.8220000000000001,0,F,Caucasian,>70,38.5029713894336,True,False,960
201,960,37177.88570854474,25.821801904656443,1.0,1,F,Caucasian,>70,35.69455204255021,False,False,960
202,960,24658.310190501306,38.93210818516689,1.0,0,F,Caucasian,>70,42.66775042426517,False,False,960
203,960,24287.326904874597,32.49101900306779,0.8220000000000001,0,M,Asian,<=70,42.75567307197514,True,False,960
204,960,28194.519940390437,34.04916991066548,1.0,1,M,Caucasian,<=70,41.20171664014518,False,False,960
205,960,13266.636394931365,72.36197415998951,1.0,0,F,Caucasian,>70,35.237522658080806,False,False,960
206,960,13285.653154532218,72.25839699665117,1.0,0,F,Caucasian,<=70,27.954994013522935,False,False,960
207,960,15037.469186177164,52.47691551217807,0.8220000000000001,1,M,Caucasian,>70,38.204898132558334,True,False,960
208,960,51626.65244133194,15.285128178642784,0.8220000000000001,1,F,Caucasian,>70,30.14114257193235,True,False,960
209,960,12671.812131563618,75.7586989163753,1.0,2,F,Asian,>70,51.0,False,False,960
210,960,16076.5549523157,59.71428598026343,1.0,1,M,Caucasian,>70,33.18855728700083,False,False,960
211,960,24593.419882027018,32.086631456111256,0.8220000000000001,1,M,Asian,<=70,29.805933684377585,True,False,960
212,960,50035.59643737248,19.186340692502647,1.0,2,M,Caucasian,>70,35.400738144866985,False,False,960
213,960,29936.55543941315,32.06781761992919,1.0,1,F,Caucasian,>70,35.40345360526958,False,False,960
214,960,15705.962317996979,61.1232843020364,1.0,1,M,Caucasian,<=70,39.21053306528654,False,False,960
215,960,10577.850009367428,90.75568278524015,1.0,1,M,Caucasian,>70,36.038243807397244,False,False,960
216,960,30972.487161074536,30.995250559228726,1.0,1,M,Caucasian,<=70,43.8211151338765,False,False,960
217,960,13014.33806679359,73.76479657075022,1.0,0,F,Caucasian,<=70,37.49983674818989,False,False,960
218,960,25331.027624790022,31.152309005724415,0.8220000000000001,0,M,Caucasian,>70,46.41855165017491,True,False,960
219,960,34114.26524766557,28.140720400410576,1.0,1,F,Caucasian,<=70,39.62619739369545,False,False,960
220,960,35825.10431063076,26.796851494864427,1.0,1,M,Caucasian,>70,34.841951411330776,False,False,960
221,960,19923.07093639155,39.60835167025334,0.8220000000000001,1,F,Asian,>70,39.95298923593476,True,False,960
222,960,14000.584999361725,68.56856338815597,1.0,1,M,Caucasian,>70,43.199011727314954,False,False,960
223,960,57295.49327133325,13.772811000386689,0.8220000000000001,1,M,Caucasian,<=70,22.484043303761744,True,False,960
224,960,30514.995607862016,31.459942263686955,1.0,1,F,Caucasian,>70,42.54053804232988,False,False,960
225,960,8673.407726800862,90.9815409186422,0.8220000000000001,0,F,Caucasian,<=70,35.04247665826842,True,False,960
226,960,25260.919753974802,38.003366835007824,1.0,1,M,Caucasian,<=70,36.54215974513585,False,False,960
227,960,27656.19947503841,34.711927821697444,1.0,2,M,Caucasian,>70,39.08707603754748,False,False,960
228,960,23273.88688097436,33.90581057799502,0.8220000000000001,0,F,Caucasian,>70,40.40360313176122,True,False,960
229,960,15243.985445502385,62.9756570833804,1.0,0,F,Caucasian,<=70,32.949026887566966,False,False,960
230,960,14768.977643167414,65.00111403744495,1.0,1,F,Asian,<=70,41.09494618537238,False,False,960
231,960,23283.312822654025,41.23124605644375,1.0,1,F,Caucasian,<=70,35.65004178345716,False,False,960
232,960,34345.88306783289,22.975679456006226,0.8220000000000001,1,M,Caucasian,>70,36.60152916115713,True,False,960
233,960,43666.761607273074,21.984685025053558,1.0,1,F,Caucasian,<=70,36.216193944946575,False,False,960
234,960,34582.00498232089,27.760102414269326,1.0,1,F,Caucasian,<=70,28.569654355150064,False,False,960
235,960,19298.70079984947,49.744281232003345,1.0,1,M,Asian,<=70,39.9071977058093,False,False,960
236,960,38914.46675415639,24.669488755038994,1.0,1,M,Caucasian,<=70,38.53962551500372,False,False,960
237,960,10267.699975326308,93.49708331047053,1.0,0,M,Caucasian,<=70,37.810021852906566,False,False,960
238,960,37532.35062311966,25.5779343436232,1.0,1,F,Caucasian,>70,29.104746026921894,False,False,960
239,960,59048.09048473802,16.257934712522637,1.0,1,F,Caucasian,<=70,32.669945117892595,False,False,960
240,960,14691.650725283596,65.34323596108149,1.0,0,M,Caucasian,<=70,39.736004307463986,False,False,960
241,960,26349.749011324,36.432984602146796,1.0,0,M,Caucasian,<=70,34.833930740356365,False,False,960
242,960,40974.25982875563,19.258920192774237,0.8220000000000001,1,M,Caucasian,>70,41.05953336330829,True,False,960
243,960,14309.084063477621,67.09024810681596,1.0,0,F,Caucasian,<=70,38.81054968131906,False,False,960
244,960,19175.613631090724,41.15226845833743,0.8220000000000001,1,F,Asian,<=70,39.72754606202296,True,False,960
245,960,8130.23603039562,118.07775277506748,1.0,1,M,Caucasian,<=70,40.34047312329029,False,False,960
246,960,13306.685396604496,59.30252173853618,0.8220000000000001,1,F,Caucasian,<=70,34.988004782518864,True,False,960
247,960,8925.757259732738,88.40930545579599,0.8220000000000001,1,F,Caucasian,<=70,45.92821333041078,True,False,960
248,960,27646.858156973634,34.723656284895064,1.0,0,F,Caucasian,<=70,35.827026187292915,False,False,960
249,960,42069.40236286844,18.757575712473116,0.8220000000000001,2,M,Caucasian,>70,32.96321286779201,True,False,960
250,960,26671.69928679952,35.99320724477152,1.0,1,F,Caucasian,>70,35.52844278741691,False,False,960
251,960,7637.200605449792,103.32581802773333,0.8220000000000001,0,M,Asian,<=70,38.43100168380742,True,False,960
252,960,13011.216404306115,73.7824942856445,1.0,0,M,Caucasian,<=70,35.94713291695695,False,False,960
253,960,48126.658463454056,16.396733643978923,0.8220000000000001,1,M,Caucasian,<=70,32.020493104391186,True,False,960
254,960,25954.574182768534,36.98769986514948,1.0,1,M,Caucasian,<=70,28.127645849371188,False,False,960
255,960,27529.446563604288,34.87175079172068,1.0,1,M,Caucasian,>70,29.463623367231136,False,False,960
256,960,22088.065276309615,43.46238513835074,1.0,0,M,Caucasian,>70,42.6743106811595,False,False,960
257,960,16619.95992363597,57.761872135127234,1.0,0,M,Asian,>70,34.13637731349765,False,False,960
258,960,28431.15510885629,33.765775478498256,1.0,1,F,Caucasian,>70,37.2421577737808,False,False,960
259,960,69057.0691815577,13.901545654595726,1.0,0,F,Caucasian,>70,31.84525047455477,False,False,960
260,960,56066.953167900334,17.12238575057121,1.0,0,M,Caucasian,>70,41.656881013242526,False,False,960
261,960,41782.19434798821,18.886514035804723,0.8220000000000001,1,M,Caucasian,<=70,29.453020247501577,True,False,960
262,960,25261.208185234675,38.00293291439345,1.0,0,F,Caucasian,>70,33.63120954393784,False,False,960
263,960,52161.54438778101,18.40436304690554,1.0,0,M,Caucasian,>70,42.870506311248185,False,False,960
264,960,37015.38610607676,25.935161050296276,1.0,1,M,Caucasian,<=70,34.26360243744529,False,False,960
265,960,18724.436691177056,51.26990017554715,1.0,1,F,Caucasian,>70,28.906054591927266,False,False,960
266,960,27733.427681874327,28.453749354456587,0.8220000000000001,0,M,Asian,>70,38.77548676698689,True,False,960
267,960,25150.2343233356,38.17061851822453,1.0,1,M,Caucasian,<=70,31.88158425861216,False,False,960
268,960,10131.988222566206,77.88402262869327,0.8220000000000001,0,F,Asian,<=70,41.872631337464924,True,False,960
269,960,11262.741879050309,85.23679316363314,1.0,2,M,Asian,<=70,44.90130710571493,False,False,960
270,960,12107.256011459613,79.2912943355086,1.0,1,F,Caucasian,<=70,41.396902869263265,False,False,960
271,960,34237.997958324755,23.048076612439033,0.8220000000000001,1,M,Asian,>70,33.39841437000605,True,False,960
272,960,22129.134073584784,35.65977762057852,0.8220000000000001,1,M,Caucasian,<=70,34.480858045873994,True,False,960
273,960,16537.705897219366,47.716412717962406,0.8220000000000001,1,M,Caucasian,>70,39.460101404511214,True,False,960
274,960,16473.16778388898,58.2765872717508,1.0,1,F,Asian,<=70,36.87963908772577,False,False,960
275,960,26495.365661197542,36.23275150363068,1.0,1,M,Caucasian,>70,39.54180506278254,False,False,960
276,960,22417.83011145898,42.82305625597954,1.0,1,M,Asian,>70,39.92404280198223,False,False,960
277,960,19577.5395812485,49.03578388979453,1.0,1,F,Caucasian,<=70,26.051441175575114,False,False,960
278,960,53765.01472777296,14.677202340509556,0.8220000000000001,2,M,Caucasian,>70,31.47875802960435,True,False,960
279,960,33536.714029536604,23.53003336298848,0.8220000000000001,1,M,Caucasian,>70,39.44173840401101,True,False,960
280,960,31119.761204143317,30.848565761879453,1.0,1,M,Caucasian,<=70,41.56695724326918,False,False,960
281,960,6862.095972595893,139.89894688646234,1.0,1,M,Caucasian,<=70,43.66853236990983,False,False,960
282,960,23339.53974076533,41.131916510043425,1.0,1,F,Caucasian,>70,32.25554739274787,False,False,960
283,960,19321.15979107784,49.686458286179615,1.0,1,F,Caucasian,>70,38.816981590869126,False,False,960
284,960,81995.09668742304,9.623990115021607,0.8220000000000001,1,F,Caucasian,<=70,37.51730538791213,True,False,960
285,960,13394.77926246033,58.91250497957485,0.8220000000000001,1,F,Caucasian,<=70,43.92315560515188,True,False,960
286,960,30181.46336943816,31.807602840493775,1.0,1,F,Caucasian,<=70,30.081402410671352,False,False,960
287,960,26162.445101032976,30.16231842828953,0.8220000000000001,2,F,Caucasian,>70,35.10033925104199,True,False,960
288,960,25879.78180689164,37.09459404114286,1.0,1,F,Asian,<=70,38.44991283837023,False,False,960
289,960,17473.17640701128,45.16179437662852,0.8220000000000001,1,F,Caucasian,>70,34.53447937217512,True,False,960
290,960,36504.67565713256,26.298001083935887,1.0,1,M,Caucasian,>70,41.21841724192575,False,False,960
291,960,23283.401803735076,33.891954734613186,0.8220000000000001,0,M,Caucasian,>70,38.388434320913646,True,False,960
292,960,27453.670902339632,34.96800130718358,1.0,1,M,Caucasian,>70,39.246855496293634,False,False,960
293,960,18175.27076527075,52.819020547103214,1.0,1,M,Caucasian,<=70,38.59846205456943,False,False,960
294,960,10895.62224108118,88.10878156002758,1.0,1,M,Caucasian,<=70,39.152845015294446,False,False,960
295,960,90793.24077059621,10.573474323111729,1.0,0,M,Caucasian,>70,31.815751529154742,False,False,960
296,960,42354.66080866076,22.665746382360297,1.0,1,M,Caucasian,>70,32.91498256718613,False,False,960
297,960,89282.64648571715,10.752369444532253,1.0,2,F,Caucasian,<=70,29.250040583404193,False,False,960
298,960,29394.0857415051,32.65963120752753,1.0,1,M,Caucasian,>70,38.35184482839137,False,False,960
299,960,12005.58543288914,65.72940606779711,0.8220000000000001,1,M,Caucasian,<=70,42.65992960724662,True,False,960
300,960,9311.48206491748,103.09851786290348,1.0,1,F,Caucasian,<=70,46.70971741265439,False,False,960
301,960,27041.943240679466,29.18133482407873,0.8220000000000001,0,M,Caucasian,<=70,38.18884951046961,True,False,960
302,960,23351.222515835794,33.793519781024436,0.8220000000000001,0,F,Caucasian,>70,28.615946309193667,True,False,960
303,960,48213.70295524524,16.3671311604609,0.8220000000000001,2,M,Caucasian,<=70,31.352041365756442,True,False,960
304,960,14007.005672722147,56.33752269671503,0.8220000000000001,1,M,Caucasian,>70,36.453328916897334,True,False,960
305,960,53235.48026098113,18.03308611650923,1.0,1,F,Caucasian,>70,38.228686920435074,False,False,960
306,960,23184.417335272392,41.40712212506077,1.0,2,F,Caucasian,<=70,44.31313490074977,False,False,960
307,960,51536.666457127605,18.627514466784657,1.0,1,F,Caucasian,<=70,33.78624222224038,False,False,960
308,960,37231.0305723096,25.784942969427107,1.0,2,F,Caucasian,>70,41.09172105989241,False,False,960
309,960,28465.330753449343,33.725236088594194,1.0,2,M,Caucasian,>70,32.29098469516651,False,False,960
310,960,34371.123986640414,22.9588069423252,0.8220000000000001,0,F,Caucasian,<=70,42.22910179559906,True,False,960
311,960,26683.913137821582,35.97673231214739,1.0,1,F,Asian,>70,31.1401869495871,False,False,960
312,960,27546.72185499256,34.849881777348756,1.0,0,F,Caucasian,>70,38.55481507850032,False,False,960
313,960,8870.846797265443,108.21965725931967,1.0,0,F,Caucasian,>70,48.90377897219144,False,False,960
314,960,28917.37691034405,33.19803186078741,1.0,2,M,Caucasian,>70,43.04200555522394,False,False,960
315,960,16510.8643471815,58.143533846177924,1.0,0,F,Caucasian,<=70,45.447536094650985,False,False,960
316,960,7165.227284880559,110.13188676723942,0.8220000000000001,1,M,Asian,<=70,36.40051653576443,True,False,960
317,960,48663.8606077493,16.21572949915814,0.8220000000000001,0,F,Caucasian,>70,39.2404283149793,True,False,960
318,960,11013.267946806636,71.65175711799606,0.8220000000000001,1,F,Caucasian,<=70,40.80912956385039,True,False,960
319,960,9753.918389985878,80.90287087189199,0.8220000000000001,0,F,Caucasian,<=70,45.30108193989957,True,False,960
320,960,8877.18772199457,108.14235657329351,1.0,1,F,Caucasian,<=70,35.14016246633659,False,False,960
321,960,18494.48388331291,51.907369032675895,1.0,0,M,Asian,<=70,34.23005471382565,False,False,960
322,960,46130.549668822365,20.81050425134696,1.0,1,F,Caucasian,>70,39.566241602781616,False,False,960
323,960,12485.789783430959,76.88740693631976,1.0,1,F,Caucasian,>70,41.1025852483746,False,False,960
324,960,11854.66606435886,66.56619391182137,0.8220000000000001,0,M,Asian,>70,40.01837337213654,True,False,960
325,960,32941.84658722245,29.14226430683357,1.0,0,M,Caucasian,>70,31.605189806729822,False,False,960
326,960,18372.08994446423,52.25317331353809,1.0,1,M,Caucasian,>70,35.554339751452126,False,False,960
327,960,26753.553933153904,35.88308313724016,1.0,0,F,Caucasian,<=70,42.318028947671706,False,False,960
328,960,22518.58634409183,35.04305234538137,0.8220000000000001,1,M,Caucasian,<=70,35.79747905591502,True,False,960
329,960,11180.256697638431,70.58156367435494,0.8220000000000001,1,M,Caucasian,<=70,42.90341698060463,True,False,960
330,960,28946.450210160056,33.16468834797038,1.0,0,M,Caucasian,>70,43.36229129380763,False,False,960
331,960,17634.63276023546,54.43833240262963,1.0,0,M,Asian,>70,43.23253127436362,False,False,960
332,960,27369.036565268056,35.07613421870547,1.0,1,M,Caucasian,>70,41.04532404834083,False,False,960
333,960,39003.89007004009,24.612929589230923,1.0,0,F,Caucasian,>70,43.22957676715776,False,False,960
334,960,73975.69246468626,12.97723573805375,1.0,2,M,Caucasian,>70,43.48244987039406,False,False,960
335,960,29442.335854560937,32.606108589420415,1.0,0,F,Asian,>70,34.25903452286177,False,False,960
336,960,19415.503957893205,40.64380722289675,0.8220000000000001,1,M,Caucasian,>70,44.25211556139085,True,False,960
337,960,15119.972470239083,63.492179095536414,1.0,0,M,Asian,>70,28.105892569055733,False,False,960
338,960,52061.28850599395,18.439804844428174,1.0,1,M,Caucasian,<=70,34.561311482111186,False,False,960
339,960,22984.722863249273,34.33236957847944,0.8220000000000001,1,F,Caucasian,<=70,37.710900016870035,True,False,960
340,960,21773.88480505278,44.089514048371626,1.0,1,F,Caucasian,>70,37.063514458834845,False,False,960
341,960,24058.460581301653,39.90280245719946,1.0,2,M,Asian,<=70,32.4510279145735,False,False,960
342,960,36016.81871669487,21.90976405237644,0.8220000000000001,0,M,Asian,>70,36.656083975031486,True,False,960
343,960,23869.192232391757,33.06018872851183,0.8220000000000001,1,F,Caucasian,>70,32.03078424876358,True,False,960
344,960,25414.418120953622,37.773833555075626,1.0,0,M,Caucasian,<=70,35.18854919237692,False,False,960
345,960,13555.808034859363,58.21268625011088,0.8220000000000001,1,M,Caucasian,<=70,40.452775658958146,True,False,960
346,960,45436.58178985319,17.367503648265743,0.8220000000000001,1,M,Caucasian,>70,33.57517303343768,True,False,960
347,960,57962.02169379876,13.614431949402249,0.8220000000000001,0,M,Caucasian,>70,32.88437914890801,True,False,960
348,960,15479.115832192756,62.01904620439857,1.0,1,M,Asian,>70,42.46393127490114,False,False,960
349,960,18624.2778918827,42.370501803129464,0.8220000000000001,0,M,Caucasian,>70,38.01380682928083,True,False,960
350,960,23023.546097017563,41.6964439776007,1.0,0,M,Caucasian,<=70,35.926694187302566,False,False,960
351,960,21096.185190768956,45.50585763818885,1.0,1,M,Caucasian,>70,39.65603627057034,False,False,960
352,960,33011.35814635984,23.90449967254729,0.8220000000000001,1,M,Caucasian,<=70,32.88596746018026,True,False,960
353,960,23427.40645104547,40.97764735529054,1.0,1,M,Caucasian,<=70,34.80743618589862,False,False,960
354,960,13601.323553923816,58.01788310317407,0.8220000000000001,1,M,Caucasian,<=70,31.833648114725765,True,False,960
355,960,14889.083209666594,64.47677042846595,1.0,1,M,Caucasian,<=70,41.82353882065002,False,False,960
356,960,21879.175816242296,43.87733834504549,1.0,0,F,Caucasian,>70,34.52288644145451,False,False,960
357,960,14366.144894830477,54.9291411006134,0.8220000000000001,1,M,Caucasian,<=70,42.40858496458725,True,False,960
358,960,24142.20537357892,32.6863261988322,0.8220000000000001,1,M,Asian,<=70,28.638760889994156,True,False,960
359,960,15787.185372235806,60.80881280385215,1.0,1,M,Asian,<=70,38.2398569050577,False,False,960
360,960,15626.692162219819,50.49821112543778,0.8220000000000001,0,F,Caucasian,>70,31.076381357204703,True,False,960
361,960,20772.320340964456,37.98901552869858,0.8220000000000001,1,M,Caucasian,>70,38.35596612736911,True,False,960
362,960,10769.796953099554,73.27157637571717,0.8220000000000001,1,M,Caucasian,<=70,30.325299788060203,True,False,960
363,960,33703.218733994865,23.413787455381865,0.8220000000000001,1,F,Caucasian,<=70,32.806286943829654,True,False,960
364,960,28056.584434109667,34.21656696147534,1.0,0,M,Asian,>70,40.13100841245955,False,False,960
365,960,41557.12729946375,23.100730545741737,1.0,0,M,Caucasian,>70,35.638619132642596,False,False,960
366,960,15072.473016715772,63.69226861015671,1.0,0,F,Caucasian,>70,28.91537974367036,False,False,960
367,960,31437.216528948215,30.53705467581733,1.0,1,M,Caucasian,<=70,29.2248236452533,False,False,960
368,960,64265.537548621796,14.93802178615073,1.0,1,F,Caucasian,>70,33.10637101435748,False,False,960
369,960,19465.711202616585,49.31748909697975,1.0,2,M,Caucasian,>70,34.30611144485442,False,False,960
370,960,22698.245567445563,42.294017709318375,1.0,1,F,Asian,<=70,39.662621362674805,False,False,960
371,960,22328.191311317983,35.34186844771441,0.8220000000000001,0,M,Caucasian,>70,33.42300295728025,True,False,960
372,960,8542.44736804463,92.37633736579052,0.8220000000000001,1,M,Asian,>70,43.108986161771966,True,False,960
373,960,35989.99300273719,26.67408131829834,1.0,1,F,Caucasian,>70,36.08485418973774,False,False,960
374,960,22438.32497275096,35.168400536060744,0.8220000000000001,2,M,Caucasian,>70,34.707963156228566,True,False,960
375,960,33758.28548573707,23.375594721284187,0.8220000000000001,1,F,Caucasian,<=70,31.151065339855187,True,False,960
376,960,15610.266807132593,61.49798794991511,1.0,1,F,Asian,<=70,39.994910400717316,False,False,960
377,960,11819.937209137468,81.2187055662078,1.0,1,F,Caucasian,<=70,48.70794908447513,False,False,960
378,960,48135.65891194325,19.943634754354807,1.0,1,F,Asian,>70,37.592545958648465,False,False,960
379,960,17599.39731924441,54.54732242167571,1.0,1,F,Caucasian,<=70,38.876102904540865,False,False,960
380,960,37264.591495952394,21.176134456906976,0.8220000000000001,0,M,Caucasian,>70,29.962574278836836,True,False,960
381,960,15984.630835389646,60.05768978252407,1.0,1,F,Asian,<=70,46.597963810026336,False,False,960
382,960,52634.55924520038,18.238967206465972,1.0,1,F,Caucasian,>70,36.96985178847402,False,False,960
383,960,32152.83734377734,24.54277958622278,0.8220000000000001,0,M,Caucasian,<=70,37.491274207148805,True,False,960
384,960,29502.013024360287,32.54015240272969,1.0,1,M,Caucasian,>70,31.32254697201244,False,False,960
385,960,21730.44886616651,44.17764243676917,1.0,1,F,Asian,<=70,41.80406371637196,False,False,960
386,960,42221.32786507586,18.6900801064747,0.8220000000000001,0,F,Caucasian,<=70,35.974054511530326,True,False,960
387,960,16463.89535218585,58.30940852479025,1.0,1,M,Caucasian,>70,42.46085273941198,False,False,960
388,960,20642.40146295946,38.22811030082861,0.8220000000000001,1,M,Caucasian,>70,22.735249043402316,True,False,960
389,960,29222.49981827293,27.003849941221,0.8220000000000001,1,F,Caucasian,<=70,40.18057305692326,True,False,960
390,960,32474.418195848506,29.561730535413417,1.0,1,M,Caucasian,>70,27.45889092135517,False,False,960
391,960,12861.04840148963,74.64399246711552,1.0,2,M,Caucasian,<=70,41.825637129905445,False,False,960
392,960,50467.287832121176,19.02222293366405,1.0,1,F,Asian,>70,35.32358969788671,False,False,960
393,960,18937.046231561442,41.67070145738001,0.8220000000000001,0,F,Caucasian,<=70,41.096209754083944,True,False,960
394,960,29310.1255202523,32.75318624400543,1.0,0,M,Caucasian,>70,38.05410974425013,False,False,960
395,960,13046.36884548495,60.485795652872135,0.8220000000000001,1,M,Caucasian,>70,50.155405695220935,True,False,960
396,960,18299.899057817,43.12154933242208,0.8220000000000001,1,M,Caucasian,<=70,41.17207735815587,True,False,960
397,960,47647.90215249575,20.147791542375725,1.0,1,F,Caucasian,<=70,28.598239625445014,False,False,960
398,960,19884.139621017013,48.27968513082181,1.0,0,F,Caucasian,>70,40.80799975418456,False,False,960
399,960,34572.06856459764,27.768080993078193,1.0,1,M,Caucasian,>70,28.52471465191402,False,False,960
400,960,16161.201882634885,59.401522669642176,1.0,0,M,Caucasian,>70,29.31019528776634,False,False,960
401,960,31549.570438701063,30.42830652370443,1.0,0,M,Caucasian,>70,39.59888713888212,False,False,960
402,960,11130.42326549425,70.89757336060832,0.8220000000000001,1,F,Caucasian,>70,38.33183158700376,True,False,960
403,960,12621.300472477631,76.06189251998266,1.0,1,F,Caucasian,>70,40.81734596310332,False,False,960
404,960,24797.833995088346,38.71305857560564,1.0,2,M,Caucasian,>70,34.336342947697474,False,False,960
405,960,63695.636705366654,12.388917684427717,0.8220000000000001,1,F,Caucasian,>70,39.110337232234166,True,False,960
406,960,48513.25827787609,16.266068864722474,0.8220000000000001,0,M,Caucasian,>70,32.62357522204517,True,False,960
407,960,18853.668135287546,50.918473429751955,1.0,0,F,Caucasian,<=70,39.88770674662287,False,False,960
408,960,16633.3236501351,57.7154644611393,1.0,2,F,Asian,<=70,29.469794498335567,False,False,960
409,960,34157.70378558669,23.10225549566889,0.8220000000000001,0,F,Caucasian,>70,39.064969423708945,True,False,960
410,960,18910.325545994507,41.7295830302164,0.8220000000000001,1,M,Caucasian,>70,33.10521562904937,True,False,960
411,960,22227.789916625854,35.50150523106021,0.8220000000000001,1,M,Caucasian,>70,35.14145353232511,True,False,960
412,960,32669.237899214524,29.385442138614494,1.0,1,M,Caucasian,>70,42.85802153733463,False,False,960
413,960,19090.739627586816,41.33522406118267,0.8220000000000001,1,M,Asian,>70,39.68608625775423,True,False,960
414,960,49660.057270640325,15.890436768918876,0.8220000000000001,1,F,Caucasian,>70,37.32695017654073,True,False,960
415,960,15815.48229456585,60.70001420885236,1.0,1,F,Caucasian,<=70,43.6861352872868,False,False,960
416,960,45446.40572014325,21.123782723580675,1.0,1,F,Caucasian,<=70,26.795338604097797,False,False,960
417,960,23877.400996331868,33.048823032340394,0.8220000000000001,1,M,Caucasian,>70,34.53727189138624,True,False,960
418,960,30543.823913448276,31.430249294271153,1.0,1,F,Caucasian,<=70,39.611789205530464,False,False,960
419,960,29930.90696656151,32.07386936428294,1.0,1,M,Caucasian,<=70,39.486382224133926,False,False,960
420,960,9377.329331398034,102.37456380951024,1.0,1,M,Caucasian,>70,36.165595992221014,False,False,960
421,960,18818.462951878686,51.013730635432225,1.0,0,M,Caucasian,>70,39.319069653601744,False,False,960
422,960,10458.933153409162,75.44937790741889,0.8220000000000001,1,M,Caucasian,<=70,41.78204239670758,True,False,960
423,960,28224.746523106965,34.01270580814852,1.0,1,F,Caucasian,<=70,43.33527673213703,False,False,960
424,960,18619.907020869443,42.38044793218053,0.8220000000000001,2,M,Asian,>70,41.13320917957376,True,False,960
425,960,39437.63125603613,24.342232771727815,1.0,0,M,Caucasian,>70,34.483475321534925,False,False,960
426,960,13477.211193000161,71.23135389453628,1.0,1,M,Caucasian,<=70,35.34613546503163,False,False,960
427,960,20779.284492774248,46.199858341312414,1.0,0,F,Caucasian,>70,40.51329168514152,False,False,960
428,960,18256.002338527032,43.225235479657016,0.8220000000000001,0,M,Asian,<=70,41.858983479091975,True,False,960
429,960,40485.62228798331,19.491363980694498,0.8220000000000001,2,M,Caucasian,<=70,32.933544833047634,True,False,960
430,960,29346.63370484628,32.71244019519235,1.0,1,F,Caucasian,<=70,34.050515008339765,False,False,960
431,960,31790.164737806284,24.822771649923013,0.8220000000000001,0,F,Caucasian,>70,32.36091081279873,True,False,960
432,960,15799.999846672914,49.94430428214017,0.8220000000000001,0,F,Caucasian,>70,51.0,True,False,960
433,960,21563.48301744275,36.595201218730715,0.8220000000000001,1,M,Caucasian,<=70,34.96897179419588,True,False,960
434,960,36404.45469408273,21.67646807598702,0.8220000000000001,1,F,Caucasian,<=70,32.47594161381977,True,False,960
435,960,26938.345217964266,35.636932864005644,1.0,1,F,Caucasian,<=70,30.39138380920719,False,False,960
436,960,12531.133434478837,62.97275534779422,0.8220000000000001,2,M,Caucasian,<=70,34.28002431071351,True,False,960
437,960,16600.357670989655,47.53632515876723,0.8220000000000001,1,M,Caucasian,<=70,40.95345007467006,True,False,960
438,960,30107.721688938054,31.885507974278763,1.0,1,F,Caucasian,<=70,34.08410045078473,False,False,960
439,960,15343.152271340674,62.56862885947986,1.0,1,F,Caucasian,<=70,42.79068547758143,False,False,960
440,960,27604.67936854149,28.586457732933766,0.8220000000000001,0,M,Caucasian,<=70,33.95329519413104,True,False,960
441,960,14961.46245781389,64.16485037521335,1.0,1,M,Caucasian,<=70,37.86078353865886,False,False,960
442,960,27568.989994483898,34.821732685603656,1.0,1,M,Caucasian,>70,36.394404825598606,False,False,960
443,960,19116.191471225524,50.21920822696464,1.0,0,M,Caucasian,<=70,34.6080035417152,False,False,960
444,960,21361.078056119943,44.94155198899057,1.0,0,M,Caucasian,>70,37.63115477972499,False,False,960
445,960,16033.205683480144,49.217855466862254,0.8220000000000001,2,M,Caucasian,>70,48.64590998240668,True,False,960
446,960,23904.556622248772,33.0112795008103,0.8220000000000001,1,F,Caucasian,>70,36.40208239137065,True,False,960
447,960,28279.57552309965,27.904237790111875,0.8220000000000001,1,F,Caucasian,<=70,47.283334324620775,True,False,960
448,960,25417.717477612627,37.76893030798486,1.0,1,F,Caucasian,<=70,42.14537537630289,False,False,960
449,960,46620.15839728015,20.59195062829317,1.0,1,F,Caucasian,>70,43.39386286631536,False,False,960
450,960,12002.58010973337,65.74586403802223,0.8220000000000001,2,M,Caucasian,<=70,42.61600498842066,True,False,960
451,960,29249.996794673454,26.978464494864564,0.8220000000000001,0,F,Caucasian,>70,28.569129104045814,True,False,960
452,960,32579.56087278497,24.221320940491378,0.8220000000000001,1,F,Caucasian,<=70,36.603802156179974,True,False,960
453,960,67464.22189395959,11.69686654417123,0.8220000000000001,0,M,Caucasian,>70,33.64235292190955,True,False,960
454,960,39158.63847160265,24.515663400712462,1.0,1,F,Caucasian,<=70,35.80460478908319,False,False,960
455,960,43994.96539863579,21.820678600414762,1.0,1,F,Caucasian,>70,35.3901377451538,False,False,960
456,960,68517.34562741894,14.011050650155832,1.0,2,M,Caucasian,>70,27.564557858371877,False,False,960
457,960,12012.218205541903,79.91862814788851,1.0,0,F,Caucasian,>70,40.0202222473469,False,False,960
458,960,35357.997634752544,22.31800590496088,0.8220000000000001,1,M,Caucasian,<=70,35.98654112918092,True,False,960
459,960,19497.678245816758,49.2366315566813,1.0,1,F,Asian,>70,35.76358716152684,False,False,960
460,960,29038.509961982963,33.05954752006305,1.0,1,F,Caucasian,<=70,49.038562775259024,False,False,960
461,960,17261.071937153312,55.6164763981815,1.0,0,F,Asian,<=70,40.98650996120637,False,False,960
462,960,14946.191235977298,64.23041060047214,1.0,0,M,Caucasian,<=70,40.95377683727492,False,False,960
463,960,14630.4275181611,65.61667448256922,1.0,0,M,Asian,>70,38.18650307057923,False,False,960
464,960,32140.64327381953,29.868723902672393,1.0,0,M,Caucasian,>70,33.03624604220326,False,False,960
465,960,14447.170580728263,66.4489973753468,1.0,1,M,Caucasian,>70,41.47657953358067,False,False,960
466,960,34554.37380504879,27.782300597203502,1.0,0,F,Caucasian,<=70,29.822817985263654,False,False,960
467,960,29059.45370586173,33.035720826587784,1.0,1,M,Caucasian,>70,47.503280617583755,False,False,960
468,960,46067.57836626661,17.129617574555215,0.8220000000000001,0,M,Caucasian,<=70,25.554970075623707,True,False,960
469,960,14175.466112516084,55.668010754387446,0.8220000000000001,1,F,Asian,>70,37.5710579772662,True,False,960
470,960,15740.976886943607,60.98732034834982,1.0,1,M,Caucasian,>70,24.7622969119681,False,False,960
471,960,15422.486817156298,51.16684548708231,0.8220000000000001,1,M,Asian,<=70,37.98554238007241,True,False,960
472,960,57269.067278715775,16.762975994141726,1.0,0,M,Caucasian,>70,34.327881900541406,False,False,960
473,960,25410.2702391784,37.779999620776955,1.0,2,M,Caucasian,<=70,44.618228920517176,False,False,960
474,960,19147.450289224424,41.212797948565076,0.8220000000000001,1,M,Caucasian,<=70,42.68495617760453,True,False,960
475,960,25644.444225080173,37.43500898573281,1.0,1,M,Caucasian,<=70,38.00563484146811,False,False,960
476,960,59836.237086673,16.043789628840408,1.0,1,M,Caucasian,<=70,37.098166749977835,False,False,960
477,960,16494.73440528188,47.84072180921634,0.8220000000000001,1,M,Caucasian,>70,41.03323560126549,True,False,960
478,960,18208.386209643693,52.72295902267034,1.0,0,M,Caucasian,<=70,42.8308033702551,False,False,960
479,960,20016.459573582688,39.42355525456982,0.8220000000000001,1,M,Asian,>70,39.37001762770304,True,False,960
480,960,10166.50902784842,94.42769365279054,1.0,1,M,Asian,<=70,31.131082340241424,False,False,960
481,960,18927.317362859518,50.72034148292868,1.0,0,F,Caucasian,>70,36.46617039144098,False,False,960
482,960,43449.84003362464,22.094442678202782,1.0,2,F,Caucasian,>70,34.16325282863597,False,False,960
483,960,27963.43860886513,34.330541870328325,1.0,0,M,Caucasian,>70,38.4348742189425,False,False,960
484,960,64895.19351398515,14.79308324726879,1.0,1,F,Caucasian,<=70,24.292285605790383,False,False,960
485,960,40548.63458143419,19.461074537915778,0.8220000000000001,1,F,Caucasian,<=70,27.664564170997735,True,False,960
486,960,29788.16389041506,26.491058760889768,0.8220000000000001,1,M,Caucasian,<=70,35.344457383516776,True,False,960
487,960,24683.283790652033,31.969814336407413,0.8220000000000001,0,M,Asian,>70,32.6867032725726,True,False,960
488,960,27683.42164555038,34.677794251430726,1.0,1,F,Caucasian,>70,35.852324388094914,False,False,960
489,960,50215.40128629096,19.117640711995755,1.0,1,F,Caucasian,>70,37.533848941709856,False,False,960
490,960,19290.830160076322,49.764576849926605,1.0,0,F,Caucasian,>70,40.74214015529309,False,False,960
491,960,10303.156271606633,76.59012240498103,0.8220000000000001,1,M,Asian,<=70,44.117516586527174,True,False,960
492,960,27958.04196613433,34.337168574353356,1.0,0,M,Caucasian,>70,39.75337943319482,False,False,960
493,960,16089.425773044304,59.66651722327794,1.0,0,F,Caucasian,<=70,35.68402975653172,False,False,960
494,960,22338.591432450354,35.32541442401234,0.8220000000000001,1,F,Caucasian,<=70,36.36438526507679,True,False,960
495,960,11835.8447319939,66.67204731631037,0.8220000000000001,1,F,Caucasian,<=70,36.71756908293293,True,False,960
496,960,23945.335596936013,40.0913153258474,1.0,0,M,Caucasian,<=70,31.090413354105653,False,False,960
497,960,24188.58261488028,39.688146068113525,1.0,0,M,Caucasian,>70,38.82096701927104,False,False,960
498,960,9719.342527946665,98.77211315885296,1.0,1,M,Caucasian,<=70,34.46633717335119,False,False,960
499,960,31531.863146333213,30.44539409374028,1.0,1,F,Caucasian,>70,32.34137891447943,False,False,960
500,960,24764.069151140735,38.76584232344459,1.0,0,F,Caucasian,<=70,38.97145542608438,False,False,960
501,960,27750.06653918189,34.59451164358549,1.0,1,F,Caucasian,<=70,28.823273187747915,False,False,960
502,960,8714.915066446309,90.54821463931724,0.8220000000000001,1,F,Asian,<=70,38.51133143590556,True,False,960
503,960,19169.514920434747,41.165360901166906,0.8220000000000001,1,F,Caucasian,>70,34.77033070476835,True,False,960
504,960,21004.506461327728,37.5690807804926,0.8220000000000001,1,M,Asian,<=70,28.25139804372213,True,False,960
505,960,37503.750297369916,25.59744005301047,1.0,0,F,Caucasian,>70,40.623288129400606,False,False,960
506,960,47189.851103661815,16.722239666883933,0.8220000000000001,2,M,Asian,>70,37.52152846140019,True,False,960
507,960,19909.685544783995,39.63498058394681,0.8220000000000001,1,F,Caucasian,>70,44.71148751572364,True,False,960
508,960,19910.3875805222,39.63358306354493,0.8220000000000001,0,F,Caucasian,<=70,35.0622552523899,True,False,960
509,960,11161.02224232074,70.7032010927985,0.8220000000000001,0,M,Caucasian,<=70,46.24529658405165,True,False,960
510,960,39831.70552381943,24.101403326199986,1.0,0,F,Asian,>70,42.49977196497183,False,False,960
511,960,35139.341771199906,27.31980599553555,1.0,1,F,Caucasian,<=70,39.29268337733844,False,False,960
512,960,16136.391718945426,59.492854209338674,1.0,0,F,Asian,>70,43.95826696273425,False,False,960
513,960,17628.880633830206,44.76291015809941,0.8220000000000001,1,M,Caucasian,>70,41.37187863652285,True,False,960
514,960,8968.895010191196,87.98408266607393,0.8220000000000001,1,F,Asian,<=70,36.72734569763475,True,False,960
515,960,10506.794254296397,75.10568693941221,0.8220000000000001,2,M,Asian,<=70,37.227155744510675,True,False,960
516,960,57525.41103259758,16.688277106894596,1.0,1,M,Caucasian,>70,35.30026763601747,False,False,960
517,960,29819.914602941702,32.19325114718126,1.0,0,F,Caucasian,<=70,39.053529513208886,False,False,960
518,960,22072.912618473525,43.49222128467746,1.0,0,F,Caucasian,<=70,38.37258554204618,False,False,960
519,960,11643.700630343648,82.44801463704988,1.0,2,F,Asian,>70,39.36660819052715,False,False,960
520,960,35866.04190010511,26.766265501886526,1.0,1,F,Caucasian,<=70,36.04392881448387,False,False,960
521,960,41130.82731118766,23.340157802731046,1.0,1,F,Caucasian,<=70,38.75739093086675,False,False,960
522,960,35968.63369849226,26.68992122545487,1.0,1,F,Asian,<=70,34.68094064547614,False,False,960
523,960,44774.9768439301,21.44054710170424,1.0,0,F,Caucasian,<=70,35.197531746421774,False,False,960
524,960,47621.332225720726,16.570724990633273,0.8220000000000001,1,F,Caucasian,>70,37.11389395915204,True,False,960
525,960,64604.06306160699,14.859746500534118,1.0,1,F,Caucasian,>70,33.634410349770775,False,False,960
526,960,58744.811321905836,16.341868811859094,1.0,1,M,Asian,>70,37.61401013503456,False,False,960
527,960,42924.25644190534,22.364976812103567,1.0,1,M,Caucasian,<=70,34.96716018117727,False,False,960
528,960,34205.48182345225,28.065676868840264,1.0,0,M,Caucasian,<=70,38.944795434316944,False,False,960
529,960,34720.23361605028,22.727957672358805,0.8220000000000001,1,F,Caucasian,<=70,29.226356784622457,True,False,960
530,960,8212.614097291931,116.89335315494188,1.0,0,M,Caucasian,>70,36.88818163201004,False,False,960
531,960,27354.371281000327,28.848040113724107,0.8220000000000001,0,M,Caucasian,>70,39.55101020747584,True,False,960
532,960,21036.065984099037,37.51271747276741,0.8220000000000001,1,M,Caucasian,>70,39.239895666783994,True,False,960
533,960,18758.18595665767,51.17765663578338,1.0,1,F,Asian,<=70,28.053123804695467,False,False,960
534,960,30373.415365158933,31.606587157175852,1.0,1,M,Caucasian,>70,43.40202855896729,False,False,960
535,960,14636.572720117509,65.5891251563633,1.0,0,M,Asian,>70,41.99210921511954,False,False,960
536,960,35081.30121690893,22.49403450347646,0.8220000000000001,1,F,Caucasian,<=70,31.837464024989142,True,False,960
537,960,33934.33450641975,28.28993153876012,1.0,0,F,Caucasian,<=70,36.23349262604306,False,False,960
538,960,41312.133142512044,23.23772526314108,1.0,2,M,Caucasian,>70,30.97621781007421,False,False,960
539,960,13267.968827084307,59.47556934179296,0.8220000000000001,0,F,Caucasian,<=70,44.398272069157926,True,False,960
540,960,26132.273738372733,36.73618337275919,1.0,2,M,Caucasian,>70,39.50375814172308,False,False,960
541,960,13237.564497716483,72.52089311184113,1.0,1,M,Caucasian,<=70,33.04389820334043,False,False,960
542,960,46751.24467914191,20.534212652274142,1.0,1,F,Caucasian,<=70,36.672191746407606,False,False,960
543,960,20008.731874866837,47.97905264580338,1.0,0,M,Caucasian,>70,44.92828881936052,False,False,960
544,960,10070.185994889122,78.36200844755984,0.8220000000000001,1,M,Caucasian,<=70,35.33401470834381,True,False,960
545,960,15318.886624382494,62.66773973455775,1.0,1,M,Caucasian,>70,39.49456563439175,False,False,960
546,960,22148.42888482086,35.628712271361756,0.8220000000000001,1,M,Caucasian,<=70,34.78520309884924,True,False,960
547,960,40155.73839951481,23.90691936601518,1.0,1,M,Caucasian,<=70,34.9792692106385,False,False,960
548,960,21314.669071291184,37.02239041857183,0.8220000000000001,1,M,Caucasian,>70,31.067467822173327,True,False,960
549,960,37125.838811121765,25.858001616718038,1.0,1,F,Asian,>70,41.42683300260118,False,False,960
550,960,15734.164161188972,61.013727209482504,1.0,1,F,Asian,>70,47.609859140058234,False,False,960
551,960,13328.443524041706,72.02641465737257,1.0,0,M,Asian,<=70,42.6314919215185,False,False,960
552,960,18982.962584055804,41.56990756873739,0.8220000000000001,2,M,Caucasian,<=70,40.781544991473616,True,False,960
553,960,21735.514835567916,44.16734580535721,1.0,1,F,Asian,>70,34.235662830118606,False,False,960
554,960,12631.591781009696,75.99992278433677,1.0,0,M,Caucasian,>70,44.91653014455911,False,False,960
555,960,24973.606474984736,31.598159472498953,0.8220000000000001,1,F,Caucasian,<=70,41.12432477025509,True,False,960
556,960,81319.02345584222,11.80535573599575,1.0,1,F,Caucasian,>70,27.219906073768392,False,False,960
557,960,28388.73529917298,33.81622991947678,1.0,0,F,Caucasian,>70,31.004162982282914,False,False,960
558,960,32020.576320520853,29.980722095397454,1.0,1,M,Caucasian,>70,39.87917999003688,False,False,960
559,960,34056.00625724914,23.171243099945947,0.8220000000000001,0,F,Caucasian,>70,38.04896224721144,True,False,960
560,960,27497.174921965085,28.698220898672805,0.8220000000000001,0,F,Caucasian,<=70,27.972857594893995,True,False,960
561,960,22186.308495929163,35.567881882864434,0.8220000000000001,1,M,Caucasian,<=70,44.5337175932631,True,False,960
562,960,20902.30222592827,37.752779166169354,0.8220000000000001,0,F,Caucasian,>70,35.11575788938962,True,False,960
563,960,28373.237849181347,33.83470032933513,1.0,1,M,Caucasian,>70,43.47085657261979,False,False,960
564,960,39429.73067664156,20.01332462733458,0.8220000000000001,1,F,Caucasian,>70,37.525922069445066,True,False,960
565,960,14380.29469314343,54.87509239822845,0.8220000000000001,0,F,Caucasian,>70,32.79330056487376,True,False,960
566,960,14100.113523117268,55.965506852567565,0.8220000000000001,1,F,Caucasian,>70,32.50835363527301,True,False,960
567,960,15939.045023433328,60.22945531483369,1.0,0,F,Asian,>70,40.17692649102418,False,False,960
568,960,11670.645040754765,82.25766413489642,1.0,1,M,Caucasian,<=70,35.94197361966082,False,False,960
569,960,9915.627032645078,96.8168726838359,1.0,0,M,Caucasian,>70,43.17079200669001,False,False,960
570,960,23390.395559551187,41.04248675726202,1.0,1,M,Caucasian,>70,37.029925433446365,False,False,960
571,960,47167.48781975483,20.353002552701774,1.0,1,M,Caucasian,>70,38.62055601700698,False,False,960
572,960,24225.647782039134,32.5737419737875,0.8220000000000001,0,F,Caucasian,>70,41.95449773852531,True,False,960
573,960,45737.16820518468,17.253363751334017,0.8220000000000001,1,F,Caucasian,>70,29.11229198603406,True,False,960
574,960,19059.9464690282,41.402005051918415,0.8220000000000001,0,M,Caucasian,>70,33.53926995476567,True,False,960
575,960,24049.32038901874,39.91796792887127,1.0,0,M,Caucasian,>70,39.46543530764702,False,False,960
576,960,33345.526179779416,28.789469232671458,1.0,1,F,Caucasian,<=70,30.158213011425033,False,False,960
577,960,29470.974886296448,32.57442292641582,1.0,1,M,Caucasian,>70,37.127425186567095,False,False,960
578,960,48299.79150804449,19.8758621937345,1.0,0,M,Caucasian,<=70,32.430681961446936,False,False,960
579,960,65293.935759570544,14.702743659609869,1.0,1,F,Caucasian,>70,37.08156337338418,False,False,960
580,960,37046.50935291134,25.913372589435543,1.0,0,M,Caucasian,<=70,32.48036708440135,False,False,960
581,960,47484.55413645811,20.217100433147433,1.0,1,M,Caucasian,>70,34.56985725780427,False,False,960
582,960,14643.864711810511,65.55646469649126,1.0,1,M,Caucasian,>70,38.30353192498107,False,False,960
583,960,36457.601510080036,26.331957129285446,1.0,2,M,Caucasian,>70,33.1716182542484,False,False,960
584,960,38727.72490975006,24.788442962687725,1.0,1,F,Caucasian,>70,37.571116069651794,False,False,960
585,960,24752.01075434403,31.881046264554804,0.8220000000000001,1,F,Caucasian,>70,44.5695756087606,True,False,960
586,960,53624.81120493575,17.902160929410215,1.0,2,F,Caucasian,>70,34.26442768225129,False,False,960
587,960,37732.28593448803,25.442402341241184,1.0,1,M,Caucasian,<=70,34.213955247642026,False,False,960
588,960,11412.432071353958,84.11879203291562,1.0,1,F,Caucasian,<=70,34.76142044078783,False,False,960
589,960,25118.837064106247,38.21832983549224,1.0,1,M,Caucasian,>70,38.412190386467586,False,False,960
590,960,24184.71018055663,32.62887973883662,0.8220000000000001,1,F,Asian,<=70,40.652691885559264,True,False,960
591,960,12743.330775629183,61.92415577167175,0.8220000000000001,1,M,Caucasian,>70,37.583635383534464,True,False,960
592,960,27313.248500928312,35.1477781915019,1.0,0,F,Caucasian,<=70,41.33761322680082,False,False,960
593,960,17202.2459910257,55.806666205147046,1.0,1,F,Caucasian,>70,37.26104301839527,False,False,960
594,960,48494.34553551719,16.27241261400362,0.8220000000000001,0,F,Caucasian,>70,41.83890981389628,True,False,960
595,960,42261.61380385523,22.715649346841218,1.0,0,F,Caucasian,<=70,38.07183967249051,False,False,960
596,960,11777.128023022835,81.51393091111163,1.0,1,M,Caucasian,<=70,42.31734189858683,False,False,960
597,960,12729.079391054755,75.41786570006244,1.0,1,M,Asian,<=70,42.516758199006624,False,False,960
598,960,11938.813488338728,66.0970205096826,0.8220000000000001,1,F,Caucasian,<=70,45.83601744921674,True,False,960
599,960,12618.283703926118,76.08007733264871,1.0,0,M,Caucasian,<=70,45.86104657858003,False,False,960
600,960,34468.49889530912,27.851517494736274,1.0,2,M,Caucasian,<=70,38.254464753942365,False,False,960
601,960,16024.68101323207,59.9075887505841,1.0,1,M,Caucasian,<=70,37.83994950615184,False,False,960
602,960,28153.65808697323,34.09858843331604,1.0,0,F,Asian,>70,39.56313192464758,False,False,960
603,960,33642.11294929532,28.53566306750387,1.0,1,F,Caucasian,>70,34.81806441628446,False,False,960
604,960,51425.8963779274,18.667637661480672,1.0,0,M,Caucasian,<=70,36.42739082952048,False,False,960
605,960,35745.86124640113,26.85625598394701,1.0,1,M,Caucasian,>70,36.65159324830945,False,False,960
606,960,20280.228094273058,38.91080496391656,0.8220000000000001,1,F,Caucasian,<=70,47.12052645564129,True,False,960
607,960,18531.16432696651,51.80462398701036,1.0,2,F,Caucasian,<=70,37.343973643774646,False,False,960
608,960,17449.049377756546,45.2242401815851,0.8220000000000001,1,F,Caucasian,>70,41.87730588746205,True,False,960
609,960,26361.007405927376,36.41742461572771,1.0,1,M,Asian,>70,39.397438542198174,False,False,960
610,960,22255.18445720329,35.45780541686714,0.8220000000000001,0,M,Caucasian,<=70,41.9293195148457,True,False,960
611,960,48305.91950886296,19.87334077811858,1.0,1,M,Caucasian,>70,34.471050103966924,False,False,960
612,960,16064.945145763339,59.75744027069846,1.0,0,M,Caucasian,<=70,37.46310292144237,False,False,960
613,960,76672.37964099753,12.52080611681808,1.0,1,M,Caucasian,>70,37.65617322196693,False,False,960
614,960,13900.467700275574,69.06242442338599,1.0,0,F,Caucasian,>70,37.96685234042959,False,False,960
615,960,7103.267410476291,135.14907218389934,1.0,0,M,Caucasian,<=70,39.93000376671123,False,False,960
616,960,17209.035109706845,55.78464997485577,1.0,0,M,Caucasian,>70,42.79503431185606,False,False,960
617,960,40349.162418421976,23.792315440027537,1.0,1,F,Caucasian,>70,33.886640732942254,False,False,960
618,960,39560.073305045684,24.266891332518256,1.0,1,F,Caucasian,<=70,36.18005228925434,False,False,960
619,960,15781.088052824778,50.00415670697367,0.8220000000000001,0,M,Asian,>70,37.29892927923759,True,False,960
620,960,13917.959830482065,56.697965047415146,0.8220000000000001,1,M,Caucasian,<=70,39.12959097728739,True,False,960
621,960,23024.976949019987,41.6938528158162,1.0,0,M,Asian,<=70,41.90913150258135,False,False,960
622,960,52302.52188500931,15.087609001625863,0.8220000000000001,2,F,Caucasian,>70,39.6751045889521,True,False,960
623,960,29390.863137597775,32.663212220260924,1.0,1,M,Asian,<=70,35.00897956958962,False,False,960
624,960,49310.943798268556,19.468294987971987,1.0,1,F,Caucasian,>70,35.84481916732725,False,False,960
625,960,7883.648600388377,100.0957855936305,0.8220000000000001,1,F,Caucasian,>70,34.02500096324745,True,False,960
626,960,10753.878821585582,89.27011508378285,1.0,1,M,Caucasian,<=70,44.45914960434601,False,False,960
627,960,23523.415356619214,33.546149147000925,0.8220000000000001,2,M,Caucasian,>70,45.359844175100505,True,False,960
628,960,8266.341364935912,116.1336022332829,1.0,1,M,Caucasian,>70,41.08315636887221,False,False,960
629,960,19341.583203869326,40.79914201863966,0.8220000000000001,1,F,Caucasian,<=70,40.08727030655337,True,False,960
630,960,78926.00267507629,12.163291785498652,1.0,1,F,Caucasian,>70,34.885916255389866,False,False,960
631,960,23005.624776048953,34.30117667665123,0.8220000000000001,1,M,Caucasian,<=70,41.93238458935525,True,False,960
632,960,52917.30134104961,18.141514696920076,1.0,1,M,Caucasian,<=70,46.16166060521652,False,False,960
633,960,15612.176305729618,61.490466236131546,1.0,1,M,Caucasian,<=70,35.766315276849525,False,False,960
634,960,14569.704991873401,65.89014674871336,1.0,0,M,Caucasian,>70,42.287162371769455,False,False,960
635,960,27043.82408948208,35.497938339769206,1.0,0,M,Caucasian,<=70,36.51314029170602,False,False,960
636,960,8051.922260188771,119.22618835337508,1.0,0,M,Caucasian,<=70,42.71689553215008,False,False,960
637,960,28990.944262084602,33.113788613485156,1.0,1,F,Caucasian,<=70,36.67759139201583,False,False,960
638,960,23243.244057832133,33.950510438068356,0.8220000000000001,1,F,Asian,>70,35.36316920033898,True,False,960
639,960,39800.69156911546,19.826791165918873,0.8220000000000001,1,F,Caucasian,<=70,32.07219577445006,True,False,960
640,960,71001.55692166324,13.5208302693866,1.0,1,M,Caucasian,<=70,38.50956725265072,False,False,960
641,960,52151.81507849329,15.131208737649914,0.8220000000000001,1,F,Caucasian,<=70,31.924780430503652,True,False,960
642,960,12763.59325083408,75.21392927005611,1.0,0,M,Caucasian,<=70,47.120377720788454,False,False,960
643,960,20720.444872877117,38.08412439218191,0.8220000000000001,1,F,Caucasian,>70,34.67178048367636,True,False,960
644,960,28364.964525517014,33.84456903291339,1.0,0,M,Caucasian,<=70,28.12474593123087,False,False,960
645,960,32614.894943287447,29.434404178498816,1.0,1,F,Caucasian,<=70,33.324948116344274,False,False,960
646,960,8010.313690789243,98.51299592766004,0.8220000000000001,1,M,Caucasian,>70,36.4632596875708,True,False,960
647,960,14084.155489771154,56.02891849448206,0.8220000000000001,2,M,Caucasian,<=70,39.95150258531595,True,False,960
648,960,29026.45450256267,33.07327803039962,1.0,0,M,Caucasian,>70,31.284779467492914,False,False,960
649,960,33062.588645646596,29.035838974647397,1.0,0,F,Caucasian,>70,34.179610725476664,False,False,960
650,960,23236.786750599804,33.95994499883383,0.8220000000000001,0,M,Caucasian,>70,43.68296365379045,True,False,960
651,960,38708.212950244844,24.800938272039957,1.0,1,M,Caucasian,<=70,40.079265265920284,False,False,960
652,960,35557.24655646387,22.192944516862426,0.8220000000000001,1,F,Caucasian,>70,39.98601672223313,True,False,960
653,960,18769.077709732766,51.14795808545184,1.0,1,M,Caucasian,>70,35.504446626993165,False,False,960
654,960,13749.724808782115,69.81957918072924,1.0,1,M,Caucasian,>70,24.775673671868486,False,False,960
655,960,32069.206630503926,29.935258800161808,1.0,1,F,Caucasian,<=70,33.46749167846409,False,False,960
656,960,20143.607517647015,47.65779908881674,1.0,0,F,Caucasian,<=70,32.231302001961474,False,False,960
657,960,12773.207579239923,75.15731612788252,1.0,0,M,Caucasian,>70,44.94582901457934,False,False,960
658,960,39930.66632102048,19.76225474566118,0.8220000000000001,1,F,Caucasian,<=70,30.98146431537572,True,False,960
659,960,11046.00779461319,71.43938467840215,0.8220000000000001,1,M,Caucasian,>70,38.658318019192194,True,False,960
660,960,22953.91596715184,34.37844771799587,0.8220000000000001,0,F,Caucasian,>70,34.72250474266846,True,False,960
661,960,63205.153797367384,15.188634823636578,1.0,1,F,Caucasian,>70,34.05322569116771,False,False,960
662,960,9641.185417923656,81.84885631729158,0.8220000000000001,1,F,Caucasian,>70,44.56258737225613,True,False,960
663,960,12072.907531868384,65.3628794817645,0.8220000000000001,2,F,Caucasian,<=70,38.40133586227474,True,False,960
664,960,15972.778326105472,49.40405381512645,0.8220000000000001,1,M,Caucasian,>70,43.41029493774997,True,False,960
665,960,30584.726764227507,31.38821567380601,1.0,1,M,Caucasian,<=70,34.473636336216856,False,False,960
666,960,50196.466181021024,19.12485226625316,1.0,1,F,Caucasian,<=70,32.86043734752999,False,False,960
667,960,30033.73514403854,31.96405626526118,1.0,1,M,Caucasian,<=70,32.57122250054798,False,False,960
668,960,45006.581272949414,21.33021377869007,1.0,1,F,Caucasian,>70,36.698034117053425,False,False,960
669,960,25284.52094318189,37.967893564495995,1.0,0,F,Caucasian,>70,33.181683191226945,False,False,960
670,960,21655.546599690988,36.43962512639881,0.8220000000000001,0,F,Caucasian,>70,25.253583004426922,True,False,960
671,960,26722.183727438536,35.925207677330086,1.0,0,M,Caucasian,<=70,32.52160120826224,False,False,960
672,960,4255.795638912065,185.4224372958208,0.8220000000000001,0,M,Caucasian,<=70,40.18630327446956,True,False,960
673,960,17393.716409422563,55.19234517816714,1.0,0,M,Asian,<=70,37.570395288402906,False,False,960
674,960,13680.457439328442,70.17309211022445,1.0,0,F,Caucasian,<=70,42.94555769098173,False,False,960
675,960,18180.979695389156,43.403601633201724,0.8220000000000001,0,F,Caucasian,<=70,37.49154999095699,True,False,960
676,960,34777.76479014161,22.690359911333076,0.8220000000000001,1,F,Caucasian,>70,37.75609351331048,True,False,960
677,960,10436.785285917464,91.98234645062064,1.0,1,M,Asian,>70,33.57993095967286,False,False,960
678,960,29693.721335034235,32.330066991884266,1.0,1,M,Caucasian,>70,39.69050975903768,False,False,960
679,960,21225.82014075599,45.22793435701883,1.0,2,M,Caucasian,<=70,39.794153257402996,False,False,960
680,960,27810.660243485392,34.51913732342542,1.0,0,M,Caucasian,>70,25.91228419326302,False,False,960
681,960,15827.454162095746,60.65410079019836,1.0,0,F,Caucasian,>70,45.326557754533674,False,False,960
682,960,19273.01672033571,49.81057267423354,1.0,1,F,Caucasian,>70,35.815604239009645,False,False,960
683,960,32668.343261256352,24.15549492942521,0.8220000000000001,0,F,Caucasian,>70,31.693825574081973,True,False,960
684,960,16866.51286254182,46.78619738597692,0.8220000000000001,2,F,Asian,>70,42.04513522700021,True,False,960
685,960,43336.58568344467,22.152183538693883,1.0,1,M,Caucasian,<=70,33.19899496522642,False,False,960
686,960,23723.998322356194,33.26252132029434,0.8220000000000001,1,F,Caucasian,<=70,36.85968017479024,True,False,960
687,960,21518.401539603816,44.612979185891476,1.0,1,M,Caucasian,<=70,38.44845375264225,False,False,960
688,960,27547.73359206824,34.848601856539325,1.0,0,F,Caucasian,<=70,33.16487870005744,False,False,960
689,960,9951.266110485773,79.29845220082042,0.8220000000000001,1,F,Caucasian,>70,37.44323570746392,True,False,960
690,960,75323.47936233843,10.476414614412493,0.8220000000000001,1,F,Caucasian,>70,36.925474693507596,True,False,960
691,960,14651.455068508394,65.52250240751916,1.0,0,F,Caucasian,>70,32.72784607562377,False,False,960
692,960,28528.836569690517,27.66043396380116,0.8220000000000001,1,M,Caucasian,<=70,32.677090884791,True,False,960
693,960,26804.646472656787,29.439671991383115,0.8220000000000001,1,M,Caucasian,<=70,50.057197366934325,True,False,960
694,960,15858.99962145032,60.533452482181666,1.0,2,M,Caucasian,>70,51.0,False,False,960
695,960,12390.39148505961,77.47939208842371,1.0,1,M,Caucasian,>70,38.60067956346852,False,False,960
696,960,33414.44445258335,28.730090107057876,1.0,2,M,Caucasian,>70,39.99713988679125,False,False,960
697,960,20653.004787085036,46.48234045829098,1.0,0,M,Caucasian,>70,29.96750367028895,False,False,960
698,960,27292.03899599435,35.175092639318706,1.0,0,F,Caucasian,<=70,27.883415822086775,False,False,960
699,960,27075.3841486634,29.145292848558004,0.8220000000000001,0,F,Caucasian,<=70,31.72407841811079,True,False,960
700,960,23142.709590496528,34.097995177023236,0.8220000000000001,0,F,Caucasian,>70,46.63117333077217,True,False,960
701,960,17058.05466967246,46.26084364725233,0.8220000000000001,1,M,Caucasian,<=70,40.448285587104756,True,False,960
702,960,23241.751095852866,41.30497723862542,1.0,0,M,Caucasian,>70,32.84479455687136,False,False,960
703,960,16868.54519114531,56.910657624697016,1.0,1,F,Caucasian,>70,48.14356009451748,False,False,960
704,960,24430.668172975096,39.29487287056439,1.0,1,M,Caucasian,>70,39.73054863755746,False,False,960
705,960,22573.270552540238,42.52817498313147,1.0,2,F,Caucasian,<=70,30.260689083719125,False,False,960
706,960,24505.451638194863,39.17495642086914,1.0,1,M,Caucasian,>70,37.86351056102679,False,False,960
707,960,11569.343843416833,82.97791240306661,1.0,1,M,Caucasian,>70,35.71268068939237,False,False,960
708,960,11866.731079669611,80.8984372827574,1.0,0,M,Caucasian,<=70,45.359276888204704,False,False,960
709,960,70089.46588347026,13.69678007813731,1.0,1,M,Caucasian,<=70,39.23713569551955,False,False,960
710,960,22064.61414947921,43.50857864526305,1.0,1,M,Caucasian,>70,43.88186187380139,False,False,960
711,960,18391.287104998628,52.1986304992802,1.0,1,M,Caucasian,>70,35.25072448247439,False,False,960
712,960,17349.975942592908,55.331488826060614,1.0,1,F,Asian,<=70,41.34349128075717,False,False,960
713,960,45408.023082719366,21.141638301477627,1.0,1,F,Caucasian,<=70,43.387295584468404,False,False,960
714,960,13958.172497887512,56.534621571658384,0.8220000000000001,0,F,Asian,<=70,36.50606271872471,True,False,960
715,960,11465.494410309373,68.82564081060917,0.8220000000000001,1,F,Caucasian,>70,39.411555852637264,True,False,960
716,960,7721.875572529141,102.1927888617273,0.8220000000000001,0,F,Caucasian,<=70,39.3531960753881,True,False,960
717,960,21980.507229407525,35.900900364312044,0.8220000000000001,0,M,Asian,<=70,42.20704359960683,True,False,960
718,960,8932.782368589553,107.46931475411952,1.0,0,M,Caucasian,<=70,32.66297190964726,False,False,960
719,960,69614.10220541753,13.790309284851922,1.0,1,M,Caucasian,>70,38.31755066762367,False,False,960
720,960,47385.59510360139,20.259321380286693,1.0,1,M,Caucasian,>70,36.32344081317824,False,False,960
721,960,11781.689448849951,81.48237179122971,1.0,1,M,Caucasian,>70,39.9636414118727,False,False,960
722,960,13333.034313378863,72.0016147439672,1.0,1,M,Caucasian,<=70,37.00963779267777,False,False,960
723,960,17772.812522775646,44.40040083631965,0.8220000000000001,1,M,Caucasian,<=70,45.083753004475014,True,False,960
724,960,20228.557481781667,47.45765983879965,1.0,0,F,Asian,<=70,33.862477868164625,False,False,960
725,960,30623.725031569487,31.34824385375561,1.0,1,M,Caucasian,>70,38.56735932926113,False,False,960
726,960,43057.29799783633,18.327206691874956,0.8220000000000001,1,F,Caucasian,<=70,34.418207031709294,True,False,960
727,960,33656.426324657004,28.52352744583269,1.0,0,F,Caucasian,>70,36.57227997620311,False,False,960
728,960,18205.930431122637,43.34411816992428,0.8220000000000001,0,F,Caucasian,<=70,37.7620705009563,True,False,960
729,960,8824.928616177289,108.78274961229602,1.0,0,F,Asian,<=70,38.47405328885428,False,False,960
730,960,46887.56170671734,20.4745131769662,1.0,1,M,Caucasian,>70,32.30384763204394,False,False,960
731,960,25893.674035237833,30.4753971539965,0.8220000000000001,2,F,Caucasian,>70,41.89108178743484,True,False,960
732,960,55445.55319219736,17.314283016930872,1.0,0,M,Caucasian,>70,34.22014383540367,False,False,960
733,960,22251.79499724275,35.463206455828896,0.8220000000000001,1,M,Caucasian,>70,33.66510438280435,True,False,960
734,960,30055.985434127742,31.940393440234587,1.0,1,M,Asian,<=70,35.53275505318535,False,False,960
735,960,19539.78792148004,49.130523005558025,1.0,0,F,Caucasian,<=70,37.24638225315404,False,False,960
736,960,24097.00262895531,39.83897975951789,1.0,2,M,Caucasian,<=70,43.86827993507423,False,False,960
737,960,5578.454756607831,172.0906670190081,1.0,0,M,Asian,<=70,47.32656977226114,False,False,960
738,960,41337.45408242796,23.223491173059063,1.0,1,F,Caucasian,<=70,29.46505638659667,False,False,960
739,960,12045.958723766988,79.69477747801801,1.0,0,M,Caucasian,<=70,36.889447647048634,False,False,960
740,960,12489.905904276806,76.86206824594858,1.0,1,M,Caucasian,<=70,42.897718409976385,False,False,960
741,960,16264.398409843192,59.024623955289314,1.0,1,M,Caucasian,<=70,44.05624089701275,False,False,960
742,960,25650.280229833097,37.42649169514537,1.0,1,F,Caucasian,>70,39.60970410217127,False,False,960
743,960,11304.662995586024,69.80482304586319,0.8220000000000001,1,M,Asian,>70,36.27699699820216,True,False,960
744,960,33573.62124904704,28.59387710604047,1.0,1,M,Caucasian,<=70,32.013822666947306,False,False,960
745,960,33807.21060803204,28.396309033905325,1.0,1,F,Caucasian,>70,49.29486593121267,False,False,960
746,960,49367.94422490677,15.984461423084309,0.8220000000000001,1,M,Caucasian,<=70,27.543870675879436,True,False,960
747,960,37535.67646328682,25.575668016505954,1.0,1,M,Caucasian,<=70,36.33939278449542,False,False,960
748,960,11969.197762985283,80.20587670201238,1.0,1,M,Asian,>70,43.31110393497472,False,False,960
749,960,32489.7390713451,24.288283702960804,0.8220000000000001,0,F,Caucasian,>70,36.18594382550458,True,False,960
750,960,21276.21538376801,37.08930304409465,0.8220000000000001,2,F,Caucasian,<=70,42.53466950386222,True,False,960
751,960,27757.748451915137,34.584937667513344,1.0,1,F,Caucasian,<=70,39.08727079322018,False,False,960
752,960,22016.54540038386,35.84213534182532,0.8220000000000001,0,F,Asian,<=70,33.381320010696484,True,False,960
753,960,17765.19050586787,54.038260928466286,1.0,0,F,Caucasian,<=70,33.37669134392933,False,False,960
754,960,10209.316083663614,77.29410996126435,0.8220000000000001,0,F,Caucasian,<=70,34.16397642535859,True,False,960
755,960,16023.549089091439,49.247516615231,0.8220000000000001,0,M,Caucasian,>70,39.52732125142864,True,False,960
756,960,33488.39417706486,23.56398446063572,0.8220000000000001,1,F,Asian,<=70,44.01271499444536,True,False,960
757,960,22024.329861897415,43.58815936828215,1.0,1,M,Caucasian,<=70,41.53956374889112,False,False,960
758,960,7112.3467322883225,134.9765465794621,1.0,1,M,Asian,>70,42.681399142583494,False,False,960
759,960,68695.82819047355,11.487160440252644,0.8220000000000001,0,M,Caucasian,>70,29.20820187736799,True,False,960
760,960,13788.73828116291,57.229311624402484,0.8220000000000001,1,F,Caucasian,<=70,39.874191051183296,True,False,960
761,960,28220.905859501385,34.017334694335766,1.0,1,F,Asian,>70,40.11627751696476,False,False,960
762,960,27759.388714047065,34.582894093565244,1.0,1,F,Caucasian,>70,40.55928442159434,False,False,960
763,960,21784.44158704544,36.2240178086211,0.8220000000000001,0,F,Caucasian,<=70,34.85955037090459,True,False,960
764,960,18325.270433413283,43.06184745634981,0.8220000000000001,1,M,Caucasian,<=70,31.113837977737916,True,False,960
765,960,13189.467410297346,59.829557589559265,0.8220000000000001,0,M,Caucasian,<=70,38.82285289530763,True,False,960
766,960,6678.697939616288,143.74059265437523,1.0,0,F,Caucasian,<=70,40.272579014801586,False,False,960
767,960,38217.88060825417,25.119132320295712,1.0,0,F,Caucasian,<=70,36.847843671177564,False,False,960
768,960,20406.256245113687,38.6704935251882,0.8220000000000001,0,M,Asian,>70,38.64150712293202,True,False,960
769,960,55451.523995373944,17.312418682669357,1.0,1,F,Caucasian,<=70,33.47954335485271,False,False,960
770,960,25243.047342966216,38.030273720795314,1.0,1,M,Caucasian,<=70,37.79239212903764,False,False,960
771,960,35033.33728266193,27.402470745346488,1.0,1,M,Caucasian,>70,37.62149551265571,False,False,960
772,960,14476.200834970052,66.31574201989068,1.0,1,M,Asian,<=70,35.99119734732024,False,False,960
773,960,43377.928229258694,22.13107078157951,1.0,1,F,Caucasian,<=70,30.31420873816177,False,False,960
774,960,103050.97109150032,9.315778297204043,1.0,2,M,Caucasian,>70,32.010034429490084,False,False,960
775,960,38319.628610529,20.59310146297126,0.8220000000000001,1,F,Caucasian,<=70,31.799744259417107,True,False,960
776,960,16311.327844751528,58.85480379875374,1.0,1,F,Caucasian,<=70,37.044061829429694,False,False,960
777,960,29244.339751489373,32.82686523812214,1.0,1,M,Caucasian,>70,45.70724129493422,False,False,960
778,960,16814.105955742827,46.93202255755249,0.8220000000000001,1,M,Caucasian,>70,40.55397155054109,True,False,960
779,960,21439.306469251747,36.80716076948459,0.8220000000000001,1,M,Caucasian,>70,47.53830337804404,True,False,960
780,960,27364.79985508077,35.08156482356872,1.0,1,M,Caucasian,<=70,40.70647122801879,False,False,960
781,960,17920.716754283065,44.03395303993072,0.8220000000000001,1,M,Caucasian,<=70,35.78799048306733,True,False,960
782,960,19402.052974806724,40.671984610322454,0.8220000000000001,1,M,Asian,<=70,40.33315573330211,True,False,960
783,960,62938.7043075041,12.537913016838422,0.8220000000000001,2,M,Caucasian,>70,41.623485509573314,True,False,960
784,960,9033.305023616218,106.27339578263152,1.0,1,F,Caucasian,<=70,34.87285474083972,False,False,960
785,960,26623.63918484996,36.05818097723781,1.0,1,M,Caucasian,<=70,31.132304366913658,False,False,960
786,960,8506.614711850812,92.7654568509673,0.8220000000000001,1,M,Caucasian,<=70,38.01108898545433,True,False,960
787,960,12336.705644796337,63.96521265244369,0.8220000000000001,1,M,Caucasian,<=70,46.68610052238952,True,False,960
788,960,36042.914463150686,26.634916024381944,1.0,1,F,Caucasian,>70,37.81168035888371,False,False,960
789,960,17421.946804450225,55.102911906192915,1.0,2,M,Caucasian,<=70,34.39682299747777,False,False,960
790,960,17116.320519112527,56.086820700047014,1.0,1,M,Asian,<=70,40.81757519892603,False,False,960
791,960,17952.32966756161,53.474953823661195,1.0,1,F,Caucasian,<=70,43.14492668409629,False,False,960
792,960,16306.047887728155,58.87386119615722,1.0,1,M,Caucasian,<=70,35.53690207785198,False,False,960
793,960,22590.057521740007,34.93218196724706,0.8220000000000001,1,F,Asian,>70,42.39793107188776,True,False,960
794,960,20557.44185245487,46.69841738530134,1.0,1,F,Caucasian,<=70,41.469664875908066,False,False,960
795,960,21305.701462412675,45.05836157019394,1.0,1,F,Caucasian,>70,44.262698924631465,False,False,960
796,960,64956.96184197905,14.779016332928165,1.0,1,F,Caucasian,<=70,28.160447128006307,False,False,960
797,960,21056.46884152094,37.47636918322915,0.8220000000000001,0,F,Caucasian,>70,38.44814961717553,True,False,960
798,960,12895.422369177812,74.44502184702057,1.0,2,F,Caucasian,<=70,36.58044785629738,False,False,960
799,960,31871.96911768366,30.120511112925215,1.0,1,F,Caucasian,<=70,33.759280942170044,False,False,960
800,960,47004.374674228835,16.78822461673237,0.8220000000000001,1,F,Asian,>70,35.787261818017264,True,False,960
801,960,120973.02159236169,7.935653647098908,1.0,1,F,Caucasian,<=70,38.78511027750464,False,False,960
802,960,48226.95755535685,19.905879380802183,1.0,1,F,Caucasian,>70,29.4216746962127,False,False,960
803,960,39469.24378312505,19.993289061630968,0.8220000000000001,1,M,Caucasian,<=70,28.239471211222906,True,False,960
804,960,16357.170472338097,48.24306265771913,0.8220000000000001,1,M,Asian,<=70,43.688595000450064,True,False,960
805,960,53909.29336141186,14.63792141940503,0.8220000000000001,1,F,Caucasian,>70,37.386754129475456,True,False,960
806,960,13559.833860000823,70.79732760088122,1.0,1,M,Caucasian,>70,36.53021851090724,False,False,960
807,960,16185.88913191817,59.31092151786113,1.0,1,M,Caucasian,>70,36.19283459718697,False,False,960
808,960,15519.829681858571,61.85634892128762,1.0,1,F,Caucasian,<=70,39.003552670923355,False,False,960
809,960,8053.212048011426,97.98823069545983,0.8220000000000001,0,M,Asian,<=70,29.658878867234854,True,False,960
810,960,33194.645290272936,28.92032710713465,1.0,0,M,Asian,>70,44.74740194395386,False,False,960
811,960,14990.75806194251,64.03945657939614,1.0,2,M,Asian,>70,50.063805015188585,False,False,960
812,960,17425.96731289941,55.09019859628504,1.0,2,M,Caucasian,<=70,41.43750572641966,False,False,960
813,960,25313.32298842283,31.174097543847083,0.8220000000000001,1,M,Caucasian,<=70,40.6750809961797,True,False,960
814,960,75297.40239624253,12.74944379818215,1.0,1,M,Caucasian,>70,42.202360848005284,False,False,960
815,960,28656.1225728136,33.50069422549034,1.0,0,M,Caucasian,<=70,36.01968881730296,False,False,960
816,960,37888.684771616834,25.337379900797057,1.0,0,F,Asian,>70,35.805594014864425,False,False,960
817,960,28273.618221091736,33.953913945257035,1.0,0,M,Caucasian,>70,36.424416172585154,False,False,960
818,960,27356.219882631398,28.846090702064302,0.8220000000000001,1,M,Caucasian,<=70,34.72512506510674,True,False,960
819,960,12560.048279641442,76.43282721739709,1.0,1,M,Caucasian,>70,33.88449703877184,False,False,960
820,960,18998.108112617974,50.53134734833922,1.0,1,F,Caucasian,>70,39.18022002721304,False,False,960
821,960,20946.194605592533,45.831713973653464,1.0,0,M,Caucasian,<=70,36.246212314985904,False,False,960
822,960,33349.3696350408,23.662216366778253,0.8220000000000001,0,F,Caucasian,<=70,42.924842582934915,True,False,960
823,960,33741.39287959848,23.387297697396967,0.8220000000000001,1,M,Caucasian,<=70,41.44000795765396,True,False,960
824,960,58445.25937287484,16.42562648024705,1.0,2,F,Caucasian,>70,31.22458809213882,False,False,960
825,960,29411.49363983463,32.64030082102956,1.0,0,M,Caucasian,<=70,40.722334780625175,False,False,960
826,960,7845.633224320841,122.3610602932694,1.0,0,M,Caucasian,<=70,41.46579600921673,False,False,960
827,960,42347.589747740836,22.66953103396432,1.0,0,F,Caucasian,<=70,37.08015465683055,False,False,960
828,960,15037.200307978608,52.477853844993994,0.8220000000000001,1,M,Caucasian,<=70,39.368550138613756,True,False,960
829,960,22111.04419217431,43.41721682867287,1.0,1,F,Caucasian,>70,35.416007917790765,False,False,960
830,960,22086.407414252542,43.46564753580087,1.0,1,F,Caucasian,<=70,41.83503851575694,False,False,960
831,960,48611.00180993596,19.748615832965175,1.0,1,F,Caucasian,<=70,40.847896509881494,False,False,960
832,960,39707.2824387136,24.17692526507491,1.0,1,F,Caucasian,>70,34.9979887753507,False,False,960
833,960,52539.80284361441,18.271861484852842,1.0,0,F,Asian,<=70,32.96665320857525,False,False,960
834,960,16221.063191237185,59.18231059716256,1.0,1,M,Caucasian,>70,39.48424357876442,False,False,960
835,960,37909.96798418115,20.815633511726507,0.8220000000000001,1,M,Caucasian,<=70,38.49249011879162,True,False,960
836,960,9504.738102768137,83.02385520440366,0.8220000000000001,1,M,Asian,<=70,33.60201343317375,True,False,960
837,960,32858.65792849418,29.21604412721655,1.0,1,M,Caucasian,<=70,32.34316773198583,False,False,960
838,960,21785.76550295624,36.22181648347035,0.8220000000000001,0,M,Caucasian,<=70,37.58483654600025,True,False,960
839,960,8155.013594877549,117.71899443589032,1.0,1,M,Caucasian,>70,44.14737146341942,False,False,960
840,960,9903.162069081038,96.93873464893048,1.0,1,M,Caucasian,<=70,33.72287763220959,False,False,960
841,960,42970.00825392614,22.34116396550344,1.0,1,F,Caucasian,<=70,36.204150681558424,False,False,960
842,960,13720.834184946667,69.96659146666391,1.0,0,F,Caucasian,>70,42.05667471061365,False,False,960
843,960,47504.45196442489,20.20863225027676,1.0,1,F,Caucasian,>70,37.61601811682115,False,False,960
844,960,16926.52453581424,56.7157184553019,1.0,0,F,Caucasian,>70,34.614465254652764,False,False,960
845,960,17989.113354446712,53.36560958201414,1.0,1,M,Asian,<=70,38.517957977951674,False,False,960
846,960,16339.426272809476,58.75359293352552,1.0,0,F,Caucasian,>70,37.1663644076505,False,False,960
847,960,30765.968972873045,31.20330781216255,1.0,0,M,Caucasian,<=70,36.859784192997786,False,False,960
848,960,6966.430015329865,137.80372412950214,1.0,0,M,Caucasian,<=70,40.65546571275584,False,False,960
849,960,29535.26479949264,32.503517626037706,1.0,0,M,Caucasian,>70,42.21686939517963,False,False,960
850,960,10574.043187163437,90.78835626143558,1.0,2,M,Caucasian,<=70,39.30443917973692,False,False,960
851,960,10596.725770155692,74.46828549838051,0.8220000000000001,0,F,Asian,>70,35.44389904663739,True,False,960
852,960,18422.68867769866,52.10965765068348,1.0,0,M,Caucasian,<=70,41.21508235810248,False,False,960
853,960,13540.603570681957,70.89787356884054,1.0,1,F,Caucasian,>70,40.603984841433515,False,False,960
854,960,27176.530909931065,35.324596917158004,1.0,1,M,Caucasian,>70,36.24270606967834,False,False,960
855,960,44525.59247669452,17.722841092188485,0.8220000000000001,1,F,Caucasian,>70,29.63941727605633,True,False,960
856,960,46923.6830432857,20.458752121278046,1.0,0,F,Caucasian,>70,37.82615237703881,False,False,960
857,960,18347.82241969684,43.008918548985974,0.8220000000000001,2,F,Caucasian,>70,35.34667993937512,True,False,960
858,960,25127.64491112156,38.20493338693677,1.0,0,M,Asian,>70,31.69233992501367,False,False,960
859,960,45754.479722723205,20.981552097580337,1.0,0,F,Caucasian,>70,36.80913948278693,False,False,960
860,960,27847.241068059127,28.337457131619523,0.8220000000000001,0,F,Caucasian,>70,34.32711402705418,True,False,960
861,960,12555.40032286327,62.85104255600833,0.8220000000000001,1,M,Caucasian,>70,37.44617192889215,True,False,960
862,960,18764.50386831922,42.053869664643756,0.8220000000000001,0,M,Caucasian,<=70,34.115488477070365,True,False,960
863,960,42302.30349135541,18.65430330906824,0.8220000000000001,1,M,Caucasian,<=70,43.71457922596143,True,False,960
864,960,11348.115028684519,84.59554715240527,1.0,0,M,Caucasian,<=70,45.10786448778512,False,False,960
865,960,15234.999020660973,63.01280352549377,1.0,0,M,Caucasian,>70,41.87810380598598,False,False,960
866,960,12357.189599643772,63.85918040965791,0.8220000000000001,2,F,Caucasian,>70,38.43763825159926,True,False,960
867,960,26679.058658545357,35.9832785814019,1.0,0,F,Asian,>70,44.26329913937265,False,False,960
868,960,23008.1652408564,41.72431786500275,1.0,1,F,Caucasian,>70,39.71728602158889,False,False,960
869,960,34792.929349210805,22.68047027830669,0.8220000000000001,0,M,Asian,>70,41.777535613253136,True,False,960
870,960,54911.011987924416,14.370887940902218,0.8220000000000001,0,F,Caucasian,<=70,30.976882829991617,True,False,960
871,960,16431.77895841961,58.42337597342727,1.0,0,F,Caucasian,<=70,37.848631970242266,False,False,960
872,960,29640.961183135176,26.62261844764285,0.8220000000000001,0,F,Caucasian,<=70,41.73086362148907,True,False,960
873,960,34464.79464249188,27.854510956998702,1.0,1,M,Asian,<=70,43.96603375149467,False,False,960
874,960,18397.571625880013,52.18079970128016,1.0,0,M,Caucasian,>70,39.488271181075355,False,False,960
875,960,37014.710301518986,25.935634567443962,1.0,0,M,Caucasian,>70,32.585765928736215,False,False,960
876,960,79101.64256840502,9.976025457595144,0.8220000000000001,1,M,Caucasian,<=70,32.041717506820376,True,False,960
877,960,27115.27050364067,35.40440431420753,1.0,2,M,Asian,<=70,38.35344366706014,False,False,960
878,960,20599.064381604145,38.308536027719704,0.8220000000000001,1,F,Caucasian,>70,40.03549599390276,True,False,960
879,960,9466.800152668759,83.35657109837071,0.8220000000000001,1,M,Caucasian,>70,41.7398720984723,True,False,960
880,960,19792.048973945733,39.87055615306926,0.8220000000000001,1,F,Asian,<=70,42.43945058347287,True,False,960
881,960,21719.760624239436,44.19938214828353,1.0,2,M,Caucasian,>70,32.381174686765036,False,False,960
882,960,41527.114146028485,23.117426282601706,1.0,1,M,Caucasian,>70,33.39083821087739,False,False,960
883,960,48210.275129298374,16.368294889079273,0.8220000000000001,1,F,Caucasian,<=70,25.630266405126477,True,False,960
884,960,10588.069407618172,74.52916765281347,0.8220000000000001,1,M,Caucasian,>70,37.24242186057547,True,False,960
885,960,16410.255906303257,58.500001796514304,1.0,1,F,Caucasian,<=70,46.38547895767226,False,False,960
886,960,19503.874931899165,40.459652389862846,0.8220000000000001,1,M,Caucasian,<=70,29.21027497191153,True,False,960
887,960,41750.82662082014,22.993556719695487,1.0,0,M,Caucasian,<=70,25.088184627195055,False,False,960
888,960,22735.80372106279,34.70825178126197,0.8220000000000001,1,M,Caucasian,<=70,36.210634498058155,True,False,960
889,960,28410.32521151927,27.775817211696086,0.8220000000000001,0,M,Caucasian,>70,38.302701281606694,True,False,960
890,960,35899.12356705777,26.741599922537606,1.0,1,F,Caucasian,>70,41.48210998317834,False,False,960
891,960,59311.999997032544,16.185594821419443,1.0,1,M,Caucasian,<=70,31.69610970611906,False,False,960
892,960,13726.246811794634,69.93900176522362,1.0,1,F,Asian,>70,50.928993925525326,False,False,960
893,960,19357.958450147664,49.592006433543986,1.0,1,M,Asian,>70,35.539133890874496,False,False,960
894,960,25980.789377526653,30.373211088135292,0.8220000000000001,1,M,Caucasian,>70,39.607121542696156,True,False,960
895,960,26819.52607299971,35.79481596307812,1.0,0,F,Caucasian,<=70,37.575712725332814,False,False,960
896,960,22706.68960717663,42.27828964097806,1.0,0,F,Caucasian,<=70,39.55549795806327,False,False,960
897,960,7384.806612299551,106.85723288754835,0.8220000000000001,1,M,Caucasian,<=70,39.695994345156706,True,False,960
898,960,33737.72565199028,28.45479300835345,1.0,1,M,Caucasian,>70,38.22832133133447,False,False,960
899,960,32286.024001511534,29.734228034862873,1.0,0,M,Caucasian,>70,34.72709458834359,False,False,960
900,960,18442.031558389823,52.055002560890195,1.0,2,M,Caucasian,<=70,43.70422014125266,False,False,960
901,960,20656.8662100346,46.4736514357466,1.0,0,M,Caucasian,>70,42.5111417655809,False,False,960
902,960,19336.871286857055,49.646087299163845,1.0,1,F,Asian,<=70,40.87674487449981,False,False,960
903,960,57235.467757046994,16.772816535282043,1.0,1,F,Asian,>70,45.45591889046656,False,False,960
904,960,30963.4470229253,25.485534585853333,0.8220000000000001,1,F,Caucasian,<=70,34.06729392207735,True,False,960
905,960,23204.428338319554,41.371413507940886,1.0,0,F,Caucasian,<=70,34.6959135039802,False,False,960
906,960,36082.96358432035,21.869600543091412,0.8220000000000001,1,F,Asian,>70,42.9101328991584,True,False,960
907,960,20574.518782076473,38.35423848102067,0.8220000000000001,1,M,Caucasian,>70,33.69300544523968,True,False,960
908,960,36296.48399134157,26.448842819844632,1.0,0,M,Caucasian,<=70,37.557144754055855,False,False,960
909,960,25453.420516602328,31.00251298191087,0.8220000000000001,1,F,Caucasian,>70,47.487769974656075,True,False,960
910,960,11945.039727006055,80.36808766986141,1.0,1,F,Caucasian,<=70,32.448935222670315,False,False,960
911,960,10239.546577556728,77.06591244280399,0.8220000000000001,1,M,Asian,<=70,43.77349673521337,True,False,960
912,960,45920.072202505915,20.905890473482568,1.0,2,F,Caucasian,<=70,31.937269898559347,False,False,960
913,960,45191.79755357462,17.461575832749357,0.8220000000000001,1,F,Caucasian,>70,34.23852907681438,True,False,960
914,960,40595.7649812363,23.647786916781097,1.0,0,F,Caucasian,>70,36.74980889192004,False,False,960
915,960,43551.6086063593,22.04281381835855,1.0,0,M,Caucasian,<=70,35.21423515490214,False,False,960
916,960,14524.336658928285,66.09596173260529,1.0,1,F,Caucasian,<=70,34.02562769762812,False,False,960
917,960,14222.425218808085,67.49903657292376,1.0,1,F,Asian,<=70,39.95262520301494,False,False,960
918,960,19847.48769223711,48.368842187290134,1.0,1,M,Asian,>70,39.38858929312024,False,False,960
919,960,38609.39466334123,24.86441469416507,1.0,1,M,Caucasian,>70,39.70736659568507,False,False,960
920,960,25032.24087642961,38.35054179683679,1.0,1,F,Asian,<=70,39.16286462268735,False,False,960
921,960,26906.764211264166,35.67876064406543,1.0,1,M,Caucasian,>70,38.82007932744656,False,False,960
922,960,27774.78109233875,34.563728758416794,1.0,1,F,Caucasian,>70,36.538299628853956,False,False,960
923,960,11905.102934266977,66.28418119163351,0.8220000000000001,1,F,Caucasian,<=70,39.63654223113531,True,False,960
924,960,13025.67306156944,60.581898245872324,0.8220000000000001,0,M,Caucasian,<=70,47.69571424787556,True,False,960
925,960,12824.199970292988,61.53366306108618,0.8220000000000001,1,M,Caucasian,>70,39.3856054749532,True,False,960
926,960,7572.122752119355,126.78082902595662,1.0,1,F,Caucasian,<=70,45.80171355216934,False,False,960
927,960,15886.145461848559,60.430014461688785,1.0,0,M,Caucasian,<=70,45.70671943376509,False,False,960
928,960,34060.3928032549,23.16825893812328,0.8220000000000001,0,F,Caucasian,<=70,41.30800840092307,True,False,960
929,960,19809.299334962736,48.46208761688168,1.0,1,M,Caucasian,>70,35.11240273938252,False,False,960
930,960,16775.194877320213,57.22735306627669,1.0,0,M,Caucasian,<=70,41.605923660265674,False,False,960
931,960,28746.176416198767,27.451303038525946,0.8220000000000001,1,M,Caucasian,<=70,36.132370471403014,True,False,960
932,960,41783.014464163076,18.886143331683773,0.8220000000000001,1,F,Caucasian,<=70,37.853578078047185,True,False,960
933,960,15458.070711420394,62.103480953205484,1.0,0,M,Caucasian,<=70,36.34890229814253,False,False,960
934,960,30382.826761534398,25.97256687778145,0.8220000000000001,1,F,Caucasian,<=70,30.21172007177072,True,False,960
935,960,35204.33586875742,27.269368284034737,1.0,1,F,Caucasian,>70,29.905572167815034,False,False,960
936,960,19650.27655773833,48.85427424795961,1.0,1,M,Caucasian,<=70,43.79478504016374,False,False,960
937,960,5542.892270100313,142.36610807983806,0.8220000000000001,0,F,Caucasian,<=70,41.57571175340371,True,False,960
938,960,22063.264015284883,43.511241099002206,1.0,0,F,Caucasian,>70,37.75925916588039,False,False,960
939,960,24460.449692649803,32.26105856251389,0.8220000000000001,0,F,Asian,<=70,30.561728575220513,True,False,960
940,960,26987.80672220748,35.571619801547044,1.0,0,F,Caucasian,<=70,38.258166454387,False,False,960
941,960,50234.76114565372,19.11027300829634,1.0,2,M,Caucasian,<=70,37.17438032367273,False,False,960
942,960,27910.52861930288,34.39562227911604,1.0,1,M,Caucasian,>70,48.315799944284535,False,False,960
943,960,35630.976252486646,26.942848638142564,1.0,1,M,Asian,>70,36.973791490923716,False,False,960
944,960,22555.9991632362,42.56073929833685,1.0,1,M,Caucasian,<=70,40.07544129929879,False,False,960
945,960,19368.318870703166,49.565478883771966,1.0,1,F,Caucasian,>70,40.2519382087946,False,False,960
946,960,24182.511459974015,39.69810999940829,1.0,0,F,Caucasian,<=70,34.747741223098316,False,False,960
947,960,6341.928418840094,124.42902976573268,0.8220000000000001,0,M,Caucasian,<=70,34.107505369099606,True,False,960
948,960,59683.046868511985,16.0849696918956,1.0,1,F,Asian,>70,40.948323709014026,False,False,960
949,960,19214.249841672958,41.069519054993854,0.8220000000000001,0,M,Caucasian,>70,49.37721601921461,True,False,960
950,960,55022.82043703634,17.44730626992388,1.0,0,M,Caucasian,<=70,40.40494694977154,False,False,960
951,960,19589.8544117398,40.282075783426784,0.8220000000000001,1,F,Caucasian,>70,43.62911087331992,True,False,960
952,960,10931.536582722338,87.81931000599792,1.0,1,F,Caucasian,>70,51.0,False,False,960
953,960,17811.6230539961,44.30365484424274,0.8220000000000001,1,M,Caucasian,<=70,34.71741875286933,True,False,960
954,960,14775.125174223063,53.408684575932554,0.8220000000000001,1,F,Caucasian,>70,43.512997052492146,True,False,960
955,960,21997.512843961937,35.87314645967371,0.8220000000000001,1,M,Caucasian,<=70,36.79468832593052,True,False,960
956,960,50477.82014578876,15.633004708224002,0.8220000000000001,2,M,Caucasian,>70,30.64927845975344,True,False,960
957,960,33493.16963574048,23.560624705938015,0.8220000000000001,1,F,Caucasian,>70,38.19172244708165,True,False,960
958,960,8277.881532873289,115.97170075310075,1.0,0,M,Caucasian,<=70,45.396703215711014,False,False,960
959,960,55901.94383811451,17.17292698765624,1.0,0,F,Caucasian,<=70,31.8834488833915,False,False,960
960,960,24419.42666815433,39.31296230029625,1.0,1,M,Caucasian,<=70,34.81545620059981,False,False,960
961,960,20693.186888738266,38.13429049101462,0.8220000000000001,2,M,Asian,>70,35.96528272259697,True,False,960
962,960,23805.41620252807,33.148758807090196,0.8220000000000001,0,F,Caucasian,<=70,36.98556098218886,True,False,960
963,960,21506.35120255427,36.692416699039015,0.8220000000000001,0,F,Asian,<=70,32.729656364577906,True,False,960
964,960,30238.633584431893,31.747466277518836,1.0,0,F,Caucasian,<=70,33.56461895320564,False,False,960
965,960,13246.335387051147,72.47287434217019,1.0,0,F,Caucasian,>70,43.42333583829232,False,False,960
966,960,17848.16761819238,44.21294201628079,0.8220000000000001,2,M,Caucasian,<=70,33.789373912874055,True,False,960
967,960,27438.644428759268,28.759438245895986,0.8220000000000001,1,M,Caucasian,<=70,33.81033164471158,True,False,960
968,960,24774.110397981887,38.750130058280604,1.0,0,F,Caucasian,>70,36.45519933213231,False,False,960
969,960,34547.49339285044,27.787833666643692,1.0,1,M,Caucasian,>70,43.085255635880486,False,False,960
970,960,22652.376425600913,34.836080116881895,0.8220000000000001,1,M,Caucasian,>70,48.133736803188725,True,False,960
971,960,15981.933132793232,60.06782734124834,1.0,1,M,Caucasian,<=70,32.262305239827825,False,False,960
972,960,9281.248775545633,103.43435708020475,1.0,0,M,Caucasian,>70,40.99530178469817,False,False,960
973,960,33908.52343260672,28.311465756036313,1.0,1,F,Asian,>70,36.78750785309674,False,False,960
974,960,9317.383646187105,103.03321580976811,1.0,1,M,Caucasian,<=70,46.36897466519882,False,False,960
975,960,94145.13346669989,8.381952108858819,0.8220000000000001,1,F,Caucasian,<=70,28.215952255351446,True,False,960
976,960,40918.592327872655,23.46121763690472,1.0,1,F,Caucasian,<=70,33.35033338570347,False,False,960
977,960,12066.62193961109,65.39692748718318,0.8220000000000001,0,M,Caucasian,>70,39.82638527776319,True,False,960
978,960,26483.202105519875,36.2493929614315,1.0,1,F,Caucasian,<=70,41.735057814652244,False,False,960
979,960,21117.900797450224,45.45906381546742,1.0,0,F,Caucasian,<=70,40.16622528717318,False,False,960
980,960,20001.29586166429,39.45344368973992,0.8220000000000001,1,M,Caucasian,<=70,37.042369777844016,True,False,960
981,960,9528.382114877657,100.75162692111728,1.0,0,F,Asian,<=70,34.32306259298729,False,False,960
982,960,44441.78897742514,17.756260901217214,0.8220000000000001,1,F,Caucasian,>70,31.078279388625074,True,False,960
983,960,8532.625701612962,92.48266918011286,0.8220000000000001,1,M,Caucasian,<=70,33.590809553916785,True,False,960
984,960,10961.375072938046,87.58025280697608,1.0,1,F,Caucasian,<=70,41.03884530309747,False,False,960
985,960,37273.49617019828,25.75556625051878,1.0,0,F,Caucasian,>70,40.94215038777163,False,False,960
986,960,21874.661594983583,43.88639320574232,1.0,2,F,Caucasian,>70,32.445209854781794,False,False,960
987,960,36625.46808532123,26.211269102789963,1.0,1,F,Asian,<=70,37.379767862658596,False,False,960
988,960,20504.20886111253,46.81965573520361,1.0,2,F,Caucasian,<=70,35.52834988868283,False,False,960
989,960,13934.47612185977,56.63076193887653,0.8220000000000001,1,M,Caucasian,<=70,34.76655612920453,True,False,960
990,960,19480.03101163005,49.28123571399125,1.0,1,F,Caucasian,<=70,34.716907362336634,False,False,960
991,960,27470.042923724082,28.726565961005058,0.8220000000000001,1,F,Caucasian,>70,32.261230158545295,True,False,960
992,960,21452.786055306122,44.74943242919976,1.0,1,M,Caucasian,<=70,43.41560994948635,False,False,960
993,960,13420.761168014926,71.53096519502361,1.0,1,M,Caucasian,<=70,36.70458792986254,False,False,960
994,960,11598.785559332695,82.76728585843698,1.0,0,F,Caucasian,>70,34.47514719324007,False,False,960
995,960,53225.194918869325,18.036570865796154,1.0,1,M,Caucasian,<=70,35.97220255251405,False,False,960
996,960,20010.998387860982,47.97361837689981,1.0,1,F,Caucasian,>70,37.53121555574769,False,False,960
997,960,12207.108134716638,78.64270467710446,1.0,0,M,Caucasian,>70,51.0,False,False,960
998,960,36145.79749089541,26.559104145974636,1.0,1,F,Asian,<=70,37.42577386944978,False,False,960
999,960,12210.509677274873,78.62079678677685,1.0,1,M,Asian,<=70,38.64562974228112,False,False,960
0,240,88096.49304136545,10.256281139088527,3.7647600000000003,1,F,Caucasian,>70,25.702260661682107,True,False,A_published_DG1
1,240,42780.06313197483,25.69421173150238,4.58,1,F,Caucasian,>70,24.97031627107398,False,False,A_published_DG1
2,240,40192.43741700844,27.34842847661799,4.58,1,M,Caucasian,>70,37.17567477346603,False,False,A_published_DG1
3,240,18772.78388491828,48.130442748338986,3.7647600000000003,0,M,Caucasian,>70,48.063852096722904,True,False,A_published_DG1
4,240,27727.14341817928,32.5869270545769,3.7647600000000003,0,M,Caucasian,>70,43.05827690011884,True,False,A_published_DG1
5,240,27066.80860163443,40.61062448025826,4.58,0,M,Caucasian,>70,40.09641042501918,False,False,A_published_DG1
6,240,19117.71097437736,57.49642315825416,4.58,0,F,Caucasian,<=70,30.34829298989003,False,False,A_published_DG1
7,240,34124.75586050173,26.47762239511932,3.7647600000000003,1,F,Caucasian,>70,41.28460767946592,True,False,A_published_DG1
8,240,8825.012729369779,102.38426025075262,3.7647600000000003,0,M,Caucasian,<=70,42.06350025009928,True,False,A_published_DG1
9,240,24314.192508975895,37.161110724382304,3.7647600000000003,2,F,Caucasian,>70,39.029865675795314,True,False,A_published_DG1
10,240,33423.69200907406,32.88685162912532,4.58,1,F,Caucasian,<=70,39.172671911539304,False,False,A_published_DG1
11,240,17760.490235179885,50.87373085064218,3.7647600000000003,2,F,Caucasian,>70,34.58067492942359,True,False,A_published_DG1
12,240,21499.00376611115,51.12795048357857,4.58,0,M,Caucasian,<=70,47.50147352318919,False,False,A_published_DG1
13,240,22793.161728279363,39.640941909299904,3.7647600000000003,1,F,Asian,>70,36.6870247395934,True,False,A_published_DG1
14,240,24724.14522590474,44.45856428833433,4.58,1,F,Caucasian,<=70,37.323224431151914,False,False,A_published_DG1
15,240,68574.2097489126,16.0293498681905,4.58,1,F,Caucasian,>70,40.61561091604119,False,False,A_published_DG1
16,240,15814.197825948308,69.50716135575381,4.58,1,F,Caucasian,<=70,43.40520275896711,False,False,A_published_DG1
17,240,15046.270396480651,73.05464882892872,4.58,1,F,Caucasian,<=70,34.88669301356219,False,False,A_published_DG1
18,240,44869.020086168224,20.13733302543273,3.7647600000000003,0,F,Caucasian,>70,37.477432692873855,True,False,A_published_DG1
19,240,16518.537568072585,54.698692077099366,3.7647600000000003,0,F,Caucasian,>70,26.833311406472024,True,False,A_published_DG1
20,240,63451.841849723845,17.323374199338296,4.58,1,F,Caucasian,<=70,34.7532389847281,False,False,A_published_DG1
21,240,28283.216925441942,38.86403738646941,4.58,1,F,Asian,<=70,32.90488332997047,False,False,A_published_DG1
22,240,54401.787612276166,20.20521839896227,4.58,0,M,Caucasian,>70,39.56107262421234,False,False,A_published_DG1
23,240,17596.49212634361,62.466995814148305,4.58,0,F,Asian,>70,45.776775998274914,False,False,A_published_DG1
24,240,20428.292696395314,44.22995173548865,3.7647600000000003,1,M,Caucasian,>70,46.084858905237866,True,False,A_published_DG1
25,240,26821.06006732095,40.98272019230427,4.58,0,F,Asian,<=70,36.228848831195464,False,False,A_published_DG1
26,240,22316.795282456267,49.2543837987395,4.58,0,F,Caucasian,>70,38.916746966476865,False,False,A_published_DG1
27,240,22423.138592075567,49.02079142428625,4.58,1,M,Asian,>70,32.09896112015985,False,False,A_published_DG1
28,240,81273.84268340153,13.524646598560407,4.58,1,F,Caucasian,>70,39.602579408328126,False,False,A_published_DG1
29,240,48456.15431238191,18.64659737904788,3.7647600000000003,1,M,Caucasian,<=70,36.78281964707165,True,False,A_published_DG1
30,240,61997.69662550602,14.573805950530755,3.7647600000000003,2,M,Caucasian,>70,32.441811666736506,True,False,A_published_DG1
31,240,56070.16888537302,16.114493998531657,3.7647600000000003,1,F,Caucasian,<=70,27.698577233964432,True,False,A_published_DG1
32,240,27945.239239732527,32.33260564523434,3.7647600000000003,1,F,Caucasian,>70,37.980481992645906,True,False,A_published_DG1
33,240,12554.70522550542,71.9684280730395,3.7647600000000003,0,F,Caucasian,>70,37.092791078933416,True,False,A_published_DG1
34,240,27599.596256104523,39.82666955705474,4.58,1,F,Asian,>70,38.622649823125265,False,False,A_published_DG1
35,240,25352.7674356126,35.63880756981226,3.7647600000000003,0,F,Caucasian,>70,41.192091602067975,True,False,A_published_DG1
36,240,22614.42443388637,39.95425143989495,3.7647600000000003,1,F,Caucasian,>70,28.99845635061653,True,False,A_published_DG1
37,240,41362.00947633284,26.575111168836163,4.58,2,F,Caucasian,<=70,41.40115830173055,False,False,A_published_DG1
38,240,15076.96753686731,59.92865593101475,3.7647600000000003,0,F,Caucasian,<=70,39.62696138971243,True,False,A_published_DG1
39,240,29386.10092110027,30.747270705492753,3.7647600000000003,1,M,Caucasian,<=70,25.190712669623032,True,False,A_published_DG1
40,240,10923.558269235562,100.62655161511971,4.58,1,F,Caucasian,<=70,40.36181811562268,False,False,A_published_DG1
41,240,9510.817124359188,95.00155330353681,3.7647600000000003,0,M,Caucasian,>70,37.70011235663881,True,False,A_published_DG1
42,240,27882.3740043548,39.42275502897716,4.58,1,F,Caucasian,>70,36.348054475439554,False,False,A_published_DG1
43,240,25086.471498378953,43.816445053702694,4.58,0,F,Asian,<=70,39.36452037520232,False,False,A_published_DG1
44,240,15037.484165457132,60.0860084079452,3.7647600000000003,1,M,Caucasian,<=70,38.91574153132125,True,False,A_published_DG1
45,240,23169.50515110055,38.99705212120518,3.7647600000000003,1,F,Caucasian,<=70,40.55272567811894,True,False,A_published_DG1
46,240,20143.126598800285,54.56948277659476,4.58,0,M,Caucasian,>70,39.795342287142475,False,False,A_published_DG1
47,240,23867.90169288381,46.05348279642552,4.58,0,F,Caucasian,<=70,34.05819038352119,False,False,A_published_DG1
48,240,22952.632391625102,39.365523944420524,3.7647600000000003,0,M,Asian,<=70,39.02492729123663,True,False,A_published_DG1
49,240,6505.845788545836,138.88161960290742,3.7647600000000003,1,F,Asian,>70,45.45568634317229,True,False,A_published_DG1
50,240,19296.290078525766,56.964317779574905,4.58,2,M,Caucasian,>70,41.1149749327635,False,False,A_published_DG1
51,240,16653.50382708736,66.00412810498908,4.58,0,M,Caucasian,>70,30.78222335062121,False,False,A_published_DG1
52,240,22919.558707764125,47.95903856681325,4.58,2,M,Asian,<=70,37.21092774549033,False,False,A_published_DG1
53,240,43810.017108963795,25.090152265087724,4.58,1,M,Asian,<=70,30.88933720925273,False,False,A_published_DG1
54,240,44336.284254395636,24.79233473181781,4.58,1,M,Caucasian,>70,35.7472548308462,False,False,A_published_DG1
55,240,44788.24569182542,24.542153482930946,4.58,1,M,Caucasian,<=70,37.52382330297525,False,False,A_published_DG1
56,240,17945.785370012858,61.25115046994528,4.58,0,F,Caucasian,<=70,34.76672476534908,False,False,A_published_DG1
57,240,36879.34132884051,29.80530455245414,4.58,0,F,Caucasian,<=70,43.87040465756979,False,False,A_published_DG1
58,240,35920.78660914012,30.600666181411135,4.58,1,F,Caucasian,<=70,38.90991991009902,False,False,A_published_DG1
59,240,21986.121114339792,41.09603487132123,3.7647600000000003,1,M,Caucasian,>70,33.990260449665875,True,False,A_published_DG1
60,240,63325.26458497123,17.358000905390128,4.58,0,F,Caucasian,>70,34.102694031168554,False,False,A_published_DG1
61,240,9320.744388945695,96.93886692908261,3.7647600000000003,1,F,Caucasian,<=70,42.72602736610804,True,False,A_published_DG1
62,240,39724.56576984718,22.74518002877281,3.7647600000000003,2,F,Caucasian,>70,39.3281948980314,True,False,A_published_DG1
63,240,14839.853835023678,74.07081041497645,4.58,0,M,Caucasian,<=70,36.23303397372086,False,False,A_published_DG1
64,240,18564.787621823827,59.208864781616775,4.58,0,M,Caucasian,>70,35.15338187325501,False,False,A_published_DG1
65,240,21434.922642166774,51.280800885077795,4.58,0,F,Caucasian,<=70,36.50019188954851,False,False,A_published_DG1
66,240,60882.40381007707,18.054477668604534,4.58,1,M,Caucasian,>70,31.641354753194875,False,False,A_published_DG1
67,240,21387.163143165468,42.24694944119965,3.7647600000000003,0,F,Caucasian,<=70,34.0730400482725,True,False,A_published_DG1
68,240,23217.616113581746,47.343361808665385,4.58,1,M,Caucasian,<=70,40.61641440081045,False,False,A_published_DG1
69,240,33048.010741261736,27.34029612474956,3.7647600000000003,1,F,Caucasian,>70,38.423473179414295,True,False,A_published_DG1
70,240,37102.86002804413,29.625748504809916,4.58,1,M,Caucasian,<=70,36.66280968540155,False,False,A_published_DG1
71,240,91651.6016924079,11.99324375900191,4.58,1,F,Caucasian,>70,39.87234850299039,False,False,A_published_DG1
72,240,36528.581210690616,24.735217466797348,3.7647600000000003,2,M,Caucasian,>70,40.038156526959675,True,False,A_published_DG1
73,240,27865.817501921334,39.44617809702553,4.58,2,M,Caucasian,<=70,34.773499006947866,False,False,A_published_DG1
74,240,41698.23618068819,26.360827235878993,4.58,1,M,Caucasian,>70,37.7535151108294,False,False,A_published_DG1
75,240,37883.30451796331,23.85067542277266,3.7647600000000003,2,F,Caucasian,>70,37.82460134872616,True,False,A_published_DG1
76,240,31816.83871628857,34.54774403584184,4.58,2,F,Caucasian,>70,39.83521338917833,False,False,A_published_DG1
77,240,11866.66353392695,92.62923793679433,4.58,0,F,Caucasian,>70,30.4547817830018,False,False,A_published_DG1
78,240,7568.705509605631,119.37872319821297,3.7647600000000003,0,M,Caucasian,>70,36.65740285594469,True,False,A_published_DG1
79,240,21486.84381121857,42.05095955173502,3.7647600000000003,1,F,Caucasian,<=70,33.06079133726942,True,False,A_published_DG1
80,240,22087.735205400357,49.7651746445806,4.58,1,M,Caucasian,<=70,46.029950732466574,False,False,A_published_DG1
81,240,27179.47407224065,40.44228365414369,4.58,1,M,Caucasian,<=70,27.469061075417216,False,False,A_published_DG1
82,240,18709.29873218157,48.293760922520896,3.7647600000000003,1,M,Asian,>70,43.71675980012785,True,False,A_published_DG1
83,240,13732.431833212353,65.79624140676614,3.7647600000000003,1,M,Caucasian,>70,33.7819954876432,True,False,A_published_DG1
84,240,11307.293938200399,97.21158802518423,4.58,1,M,Caucasian,<=70,44.622272656000774,False,False,A_published_DG1
85,240,18448.916567088407,48.97536376807391,3.7647600000000003,1,M,Caucasian,<=70,29.482649115719052,True,False,A_published_DG1
86,240,56891.753250266614,19.320902190597348,4.58,1,F,Caucasian,>70,38.896736529546594,False,False,A_published_DG1
87,240,78966.79848341529,13.919774146989832,4.58,1,F,Asian,>70,29.759418155134473,False,False,A_published_DG1
88,240,15224.864885441253,72.19768505473621,4.58,1,F,Caucasian,>70,42.21696594311773,False,False,A_published_DG1
89,240,27932.87451071858,39.35148169509758,4.58,0,F,Caucasian,<=70,40.07072162035567,False,False,A_published_DG1
90,240,8404.319818393926,130.7898823167415,4.58,2,M,Asian,>70,37.25894795827295,False,False,A_published_DG1
91,240,43515.49463223125,25.259967956008012,4.58,1,M,Caucasian,>70,34.54598505707097,False,False,A_published_DG1
92,240,45446.733220675145,24.18655692286238,4.58,1,M,Caucasian,<=70,29.651062462488337,False,False,A_published_DG1
93,240,20658.803235185667,53.20734156216098,4.58,1,F,Asian,<=70,40.39796018017921,False,False,A_published_DG1
94,240,15020.144510993257,73.18171933668778,4.58,1,M,Caucasian,<=70,36.26875604878178,False,False,A_published_DG1
95,240,18274.963176563415,60.147864013737696,4.58,0,F,Caucasian,>70,41.41521324200836,False,False,A_published_DG1
96,240,7747.99198786526,141.869016091078,4.58,0,M,Caucasian,<=70,43.94817406108959,False,False,A_published_DG1
97,240,45471.71640621271,19.870426529062158,3.7647600000000003,2,F,Asian,>70,31.842221362259874,True,False,A_published_DG1
98,240,20530.61785428167,53.53954799615353,4.58,2,M,Caucasian,<=70,37.203081013567434,False,False,A_published_DG1
99,240,7962.587158330638,113.473470623765,3.7647600000000003,0,M,Caucasian,<=70,43.055969651432704,True,False,A_published_DG1
100,240,51418.53437603338,21.377505472274734,4.58,0,F,Caucasian,>70,34.5064806182397,False,False,A_published_DG1
101,240,21066.091831623635,52.17863896092591,4.58,1,M,Caucasian,<=70,41.88463544972112,False,False,A_published_DG1
102,240,25665.517761691863,42.82789111079835,4.58,1,F,Caucasian,>70,31.38265780225646,False,False,A_published_DG1
103,240,36072.84429026467,25.047717133961843,3.7647600000000003,1,M,Caucasian,>70,46.48365870975062,True,False,A_published_DG1
104,240,51108.82160073676,21.507050359857143,4.58,1,M,Caucasian,>70,39.99861448756284,False,False,A_published_DG1
105,240,26131.750000822238,42.06377299512714,4.58,0,F,Caucasian,>70,43.091278805772994,False,False,A_published_DG1
106,240,15741.870492255997,57.3973976246651,3.7647600000000003,0,F,Asian,>70,40.375159075759775,True,False,A_published_DG1
107,240,30321.778761200563,36.25117143214979,4.58,1,F,Caucasian,>70,38.128141749367884,False,False,A_published_DG1
108,240,12193.289420085935,74.10161186788528,3.7647600000000003,1,M,Caucasian,<=70,47.09924108227126,True,False,A_published_DG1
109,240,13296.831008815818,67.95170965179223,3.7647600000000003,1,F,Asian,>70,41.48299192268011,True,False,A_published_DG1
110,240,31983.66894333777,34.367539319749135,4.58,1,M,Caucasian,>70,44.97164117594276,False,False,A_published_DG1
111,240,37125.04415776476,29.60804559124277,4.58,1,F,Caucasian,<=70,41.10940062743844,False,False,A_published_DG1
112,240,48119.90447031793,22.84293811676259,4.58,0,F,Caucasian,<=70,35.71317007392166,False,False,A_published_DG1
113,240,19441.299780090692,46.47541112067483,3.7647600000000003,1,F,Caucasian,>70,44.23626571733989,True,False,A_published_DG1
114,240,48741.31946716117,18.537503905874974,3.7647600000000003,2,M,Caucasian,<=70,33.66010168769085,True,False,A_published_DG1
115,240,10771.380287069776,102.04820280270914,4.58,1,M,Caucasian,>70,36.58268296938344,False,False,A_published_DG1
116,240,19331.381365114205,56.86091331184631,4.58,0,M,Caucasian,<=70,34.0900645075329,False,False,A_published_DG1
117,240,18915.172223464404,58.1120799226155,4.58,1,M,Caucasian,<=70,41.41178058324782,False,False,A_published_DG1
118,240,11796.434865856463,76.59453133719309,3.7647600000000003,2,F,Asian,<=70,44.67090549438153,True,False,A_published_DG1
119,240,18015.89439331176,61.01279103900988,4.58,0,M,Caucasian,<=70,44.034050386302525,False,False,A_published_DG1
120,240,18903.91292904231,58.146691858238825,4.58,2,F,Caucasian,>70,34.26080714044325,False,False,A_published_DG1
121,240,81583.06578977662,11.075121917191119,3.7647600000000003,1,F,Caucasian,>70,26.58751725747617,True,False,A_published_DG1
122,240,44420.28792676734,20.340759643197448,3.7647600000000003,1,F,Caucasian,>70,36.35233342388599,True,False,A_published_DG1
123,240,42438.52267544738,25.900995857142256,4.58,0,F,Caucasian,>70,28.578980696990346,False,False,A_published_DG1
124,240,10230.24673547114,107.44608887963226,4.58,1,F,Caucasian,>70,44.10227505869389,False,False,A_published_DG1
125,240,57120.27587378109,19.243604537711036,4.58,1,F,Caucasian,>70,43.86702732915255,False,False,A_published_DG1
126,240,24632.915367697693,44.623219931223936,4.58,0,F,Asian,>70,32.83125607162583,False,False,A_published_DG1
127,240,34212.109882202756,32.128974324726094,4.58,1,F,Caucasian,<=70,31.943816208519163,False,False,A_published_DG1
128,240,59910.68082817597,18.347312779711338,4.58,0,M,Caucasian,<=70,38.6282120724657,False,False,A_published_DG1
129,240,27034.929722616867,40.65851146194887,4.58,1,M,Caucasian,>70,35.259607326825034,False,False,A_published_DG1
130,240,18613.08733522545,59.0552217481811,4.58,1,M,Caucasian,>70,35.791175242715944,False,False,A_published_DG1
131,240,59900.71817154011,18.35036429533577,4.58,1,M,Caucasian,>70,35.65602826925104,False,False,A_published_DG1
132,240,23114.63920653722,39.08961727356154,3.7647600000000003,1,M,Caucasian,<=70,32.07402744689849,True,False,A_published_DG1
133,240,21796.278705117,50.430626937338005,4.58,0,F,Caucasian,>70,35.97068216789384,False,False,A_published_DG1
134,240,36451.042951777694,24.787833950192496,3.7647600000000003,1,M,Caucasian,<=70,40.39247442120988,True,False,A_published_DG1
135,240,10948.204339928701,82.52882134330754,3.7647600000000003,0,F,Asian,>70,31.31221885620748,True,False,A_published_DG1
136,240,43363.63075184297,25.34843095335793,4.58,0,F,Caucasian,>70,37.80416262282626,False,False,A_published_DG1
137,240,62607.04778382199,17.557128772394208,4.58,0,M,Caucasian,>70,34.146068385946236,False,False,A_published_DG1
138,240,22663.31618076765,48.50128689166829,4.58,0,M,Caucasian,>70,33.786558810456015,False,False,A_published_DG1
139,240,11637.046192307178,94.45695942383047,4.58,1,M,Caucasian,>70,41.76179644178678,False,False,A_published_DG1
140,240,20301.6117347747,44.505944247387966,3.7647600000000003,1,M,Caucasian,<=70,51.0,True,False,A_published_DG1
141,240,16611.882207672512,54.39133198179565,3.7647600000000003,1,M,Caucasian,>70,43.559713669139775,True,False,A_published_DG1
142,240,30854.949356922563,29.2835483068872,3.7647600000000003,1,M,Caucasian,>70,35.17436532391276,True,False,A_published_DG1
143,240,46567.061308687174,23.604667529126264,4.58,0,M,Caucasian,<=70,28.04775493887163,False,False,A_published_DG1
144,240,16810.595026753814,65.38733449057808,4.58,0,M,Caucasian,<=70,44.756663020212535,False,False,A_published_DG1
145,240,15739.746276091368,57.40514390454175,3.7647600000000003,1,F,Caucasian,<=70,45.315305121742455,True,False,A_published_DG1
146,240,29886.12163107277,30.23284222535526,3.7647600000000003,0,F,Caucasian,<=70,38.493982335533936,True,False,A_published_DG1
147,240,17425.736569808338,51.85103059376376,3.7647600000000003,0,F,Caucasian,<=70,36.07979162910921,True,False,A_published_DG1
148,240,36623.11260205241,30.013833393789675,4.58,1,M,Caucasian,<=70,41.73789440252385,False,False,A_published_DG1
149,240,22953.34509289141,39.364301645071535,3.7647600000000003,2,M,Asian,>70,42.6253439408765,True,False,A_published_DG1
150,240,23612.360468499286,38.26565333039852,3.7647600000000003,1,F,Asian,<=70,40.93789202086646,True,False,A_published_DG1
151,240,36435.378836010015,30.168480062944553,4.58,1,M,Caucasian,>70,41.83506564739503,False,False,A_published_DG1
152,240,31685.38545432,34.69107237419246,4.58,0,F,Caucasian,>70,41.75158541356959,False,False,A_published_DG1
153,240,33486.68277352933,32.8249891885051,4.58,1,M,Caucasian,>70,32.9568518183539,False,False,A_published_DG1
154,240,14148.75203887356,63.86021873289786,3.7647600000000003,1,F,Caucasian,<=70,40.670901440592765,True,False,A_published_DG1
155,240,8104.140354325919,111.49145504590096,3.7647600000000003,0,F,Caucasian,<=70,43.73149913529972,True,False,A_published_DG1
156,240,25696.173512726316,42.77679707663901,4.58,1,F,Asian,<=70,38.96559287336814,False,False,A_published_DG1
157,240,47270.50216652228,19.11429662450049,3.7647600000000003,1,F,Caucasian,>70,34.194313014424864,True,False,A_published_DG1
158,240,11766.073339620943,93.42114129941433,4.58,1,M,Caucasian,<=70,41.15453306677493,False,False,A_published_DG1
159,240,34802.012551379026,25.962360615383353,3.7647600000000003,1,M,Caucasian,>70,36.4474010765879,True,False,A_published_DG1
160,240,28710.584644104238,38.28553175163998,4.58,0,M,Caucasian,<=70,36.21207049385458,False,False,A_published_DG1
161,240,20708.678741825664,53.0791951386028,4.58,0,M,Caucasian,>70,35.04964053784198,False,False,A_published_DG1
162,240,8079.210379922344,136.05289976500964,4.58,1,F,Caucasian,<=70,39.40603923186387,False,False,A_published_DG1
163,240,10434.877365607015,86.58869369927083,3.7647600000000003,0,F,Caucasian,<=70,40.87501955446309,True,False,A_published_DG1
164,240,28871.631473987894,38.07197390249083,4.58,0,F,Caucasian,<=70,37.82466202306795,False,False,A_published_DG1
165,240,29669.318394669688,37.048373858075536,4.58,1,M,Caucasian,>70,34.86376234958177,False,False,A_published_DG1
166,240,34295.374846717554,32.05096911501481,4.58,1,M,Asian,>70,31.445731885332172,False,False,A_published_DG1
167,240,36530.43278340572,30.089980223265286,4.58,0,F,Caucasian,<=70,35.95662510105106,False,False,A_published_DG1
168,240,42857.17819361855,25.64797885278577,4.58,2,M,Caucasian,>70,40.86291052867355,False,False,A_published_DG1
169,240,12190.842552937156,74.11648506462815,3.7647600000000003,1,M,Caucasian,<=70,35.75115120880994,True,False,A_published_DG1
170,240,36030.7803914162,25.076958927463465,3.7647600000000003,0,F,Caucasian,<=70,39.42191766343325,True,False,A_published_DG1
171,240,18388.759195125196,49.135582798839756,3.7647600000000003,1,F,Caucasian,<=70,44.3419844980742,True,False,A_published_DG1
172,240,16561.357796095766,54.557265842840756,3.7647600000000003,1,F,Caucasian,<=70,44.052011090907946,True,False,A_published_DG1
173,240,51004.944025442055,21.55085200077275,4.58,1,M,Caucasian,>70,41.14464832208451,False,False,A_published_DG1
174,240,29967.17891576738,36.68012938720937,4.58,1,F,Caucasian,<=70,45.62507196612871,False,False,A_published_DG1
175,240,12352.202945280751,88.9881752161429,4.58,0,M,Caucasian,<=70,38.85292398275599,False,False,A_published_DG1
176,240,10954.707887174878,100.34042087848624,4.58,0,M,Caucasian,<=70,36.16553317985206,False,False,A_published_DG1
177,240,49428.32850234349,22.238259583224323,4.58,1,F,Asian,>70,40.8863019820004,False,False,A_published_DG1
178,240,122140.73471213754,8.999454625769243,4.58,1,F,Caucasian,>70,34.98365593153761,False,False,A_published_DG1
179,240,35078.110956218756,31.335780919671514,4.58,0,M,Caucasian,<=70,36.77169784986873,False,False,A_published_DG1
180,240,25969.687337906147,42.32627007394017,4.58,1,F,Caucasian,>70,37.66030129817796,False,False,A_published_DG1
181,240,35507.628908938845,25.446430183135607,3.7647600000000003,1,F,Caucasian,<=70,35.13872397253325,True,False,A_published_DG1
182,240,10244.307648779943,88.19945973680403,3.7647600000000003,0,M,Asian,<=70,31.05947174870043,True,False,A_published_DG1
183,240,13645.034901270703,66.21766866392237,3.7647600000000003,1,M,Caucasian,<=70,47.019062685671976,True,False,A_published_DG1
184,240,25130.512474580824,35.95399818901111,3.7647600000000003,0,M,Caucasian,>70,37.524640383837024,True,False,A_published_DG1
185,240,7430.906718046924,147.92272890876828,4.58,1,M,Caucasian,<=70,44.3222386378623,False,False,A_published_DG1
186,240,21976.89362563858,50.016167831729256,4.58,0,F,Caucasian,<=70,35.618739018770796,False,False,A_published_DG1
187,240,21350.08455234669,51.4845736233481,4.58,0,F,Caucasian,>70,32.57802036113131,False,False,A_published_DG1
188,240,28067.37316698305,39.16290966954613,4.58,0,F,Caucasian,<=70,41.36792458058461,False,False,A_published_DG1
189,240,8659.00739042228,104.34711038581713,3.7647600000000003,1,F,Asian,<=70,39.681668370785324,True,False,A_published_DG1
190,240,31212.518657010576,35.21663894153928,4.58,1,M,Caucasian,>70,34.61492878975933,False,False,A_published_DG1
191,240,21568.16601077254,41.892407520820846,3.7647600000000003,1,M,Caucasian,>70,41.8485807970405,True,False,A_published_DG1
192,240,23110.15187850194,39.09720735502886,3.7647600000000003,1,M,Caucasian,>70,38.25705235651595,True,False,A_published_DG1
193,240,16654.172506879648,66.00147798072425,4.58,1,F,Caucasian,>70,31.85655406852792,False,False,A_published_DG1
194,240,23202.481832809146,47.37424245908434,4.58,1,M,Caucasian,<=70,40.98412990342678,False,False,A_published_DG1
195,240,38763.14208639471,23.30931785628209,3.7647600000000003,0,M,Caucasian,<=70,38.10227814416925,True,False,A_published_DG1
196,240,39180.89535219417,28.054489059511592,4.58,1,F,Asian,>70,37.16406551350489,False,False,A_published_DG1
197,240,25448.3887354218,35.50489618002231,3.7647600000000003,0,M,Caucasian,<=70,34.791411186666025,True,False,A_published_DG1
198,240,42269.15138160566,21.37592950099292,3.7647600000000003,1,F,Caucasian,<=70,32.522502205325424,True,False,A_published_DG1
199,240,44739.85647665567,24.568697500707003,4.58,1,F,Caucasian,>70,33.001183844120376,False,False,A_published_DG1
200,240,23155.314810988642,39.0209508000821,3.7647600000000003,0,F,Caucasian,>70,38.5029713894336,True,False,A_published_DG1
201,240,42568.679136283725,25.821801904656443,4.58,1,F,Caucasian,>70,35.69455204255021,False,False,A_published_DG1
202,240,28233.765168123995,38.93210818516689,4.58,0,F,Caucasian,>70,42.66775042426517,False,False,A_published_DG1
203,240,27808.989306081407,32.49101900306779,3.7647600000000003,0,M,Asian,<=70,42.75567307197514,True,False,A_published_DG1
204,240,32282.725331747053,34.04916991066548,4.58,1,M,Caucasian,<=70,41.20171664014518,False,False,A_published_DG1
205,240,15190.298672196415,72.36197415998951,4.58,0,F,Caucasian,>70,35.237522658080806,False,False,A_published_DG1
206,240,15212.07286193939,72.25839699665117,4.58,0,F,Caucasian,<=70,27.954994013522935,False,False,A_published_DG1
207,240,17217.902218172854,52.47691551217807,3.7647600000000003,1,M,Caucasian,>70,38.204898132558334,True,False,A_published_DG1
208,240,59112.51704532506,15.285128178642784,3.7647600000000003,1,F,Caucasian,>70,30.14114257193235,True,False,A_published_DG1
209,240,14509.224890640344,75.7586989163753,4.58,2,F,Asian,>70,51.0,False,False,A_published_DG1
210,240,18407.655420401476,59.71428598026343,4.58,1,M,Caucasian,>70,33.18855728700083,False,False,A_published_DG1
211,240,28159.465764920933,32.086631456111256,3.7647600000000003,1,M,Asian,<=70,29.805933684377585,True,False,A_published_DG1
212,240,57290.75792079148,19.186340692502647,4.58,2,M,Caucasian,>70,35.400738144866985,False,False,A_published_DG1
213,240,34277.35597812806,32.06781761992919,4.58,1,F,Caucasian,>70,35.40345360526958,False,False,A_published_DG1
214,240,17983.32685410654,61.1232843020364,4.58,1,M,Caucasian,<=70,39.21053306528654,False,False,A_published_DG1
215,240,12111.638260725707,90.75568278524015,4.58,1,M,Caucasian,>70,36.038243807397244,False,False,A_published_DG1
216,240,35463.49779943034,30.995250559228726,4.58,1,M,Caucasian,<=70,43.8211151338765,False,False,A_published_DG1
217,240,14901.417086478663,73.76479657075022,4.58,0,F,Caucasian,<=70,37.49983674818989,False,False,A_published_DG1
218,240,29004.02663038457,31.152309005724415,3.7647600000000003,0,M,Caucasian,>70,46.41855165017491,True,False,A_published_DG1
219,240,39060.833708577076,28.140720400410576,4.58,1,F,Caucasian,<=70,39.62619739369545,False,False,A_published_DG1
220,240,41019.744435672226,26.796851494864427,4.58,1,M,Caucasian,>70,34.841951411330776,False,False,A_published_DG1
221,240,22811.916222168325,39.60835167025334,3.7647600000000003,1,F,Asian,>70,39.95298923593476,True,False,A_published_DG1
222,240,16030.669824269175,68.56856338815597,4.58,1,M,Caucasian,>70,43.199011727314954,False,False,A_published_DG1
223,240,65603.33979567655,13.772811000386689,3.7647600000000003,1,M,Caucasian,<=70,22.484043303761744,True,False,A_published_DG1
224,240,34939.66997100201,31.459942263686955,4.58,1,F,Caucasian,>70,42.54053804232988,False,False,A_published_DG1
225,240,9931.051847186987,90.9815409186422,3.7647600000000003,0,F,Caucasian,<=70,35.04247665826842,True,False,A_published_DG1
226,240,28923.75311830115,38.003366835007824,4.58,1,M,Caucasian,<=70,36.54215974513585,False,False,A_published_DG1
227,240,31666.34839891898,34.711927821697444,4.58,2,M,Caucasian,>70,39.08707603754748,False,False,A_published_DG1
228,240,26648.60047871564,33.90581057799502,3.7647600000000003,0,F,Caucasian,>70,40.40360313176122,True,False,A_published_DG1
229,240,17454.36333510023,62.9756570833804,4.58,0,F,Caucasian,<=70,32.949026887566966,False,False,A_published_DG1
230,240,16910.479401426688,65.00111403744495,4.58,1,F,Asian,<=70,41.09494618537238,False,False,A_published_DG1
231,240,26659.39318193886,41.23124605644375,4.58,1,F,Caucasian,<=70,35.65004178345716,False,False,A_published_DG1
232,240,39326.03611266865,22.975679456006226,3.7647600000000003,1,M,Caucasian,>70,36.60152916115713,True,False,A_published_DG1
233,240,49998.442040327674,21.984685025053558,4.58,1,F,Caucasian,<=70,36.216193944946575,False,False,A_published_DG1
234,240,39596.39570475742,27.760102414269326,4.58,1,F,Caucasian,<=70,28.569654355150064,False,False,A_published_DG1
235,240,22097.012415827645,49.744281232003345,4.58,1,M,Asian,<=70,39.9071977058093,False,False,A_published_DG1
236,240,44557.06443350908,24.669488755038994,4.58,1,M,Caucasian,<=70,38.53962551500372,False,False,A_published_DG1
237,240,11756.516471748624,93.49708331047053,4.58,0,M,Caucasian,<=70,37.810021852906566,False,False,A_published_DG1
238,240,42974.541463472015,25.5779343436232,4.58,1,F,Caucasian,>70,29.104746026921894,False,False,A_published_DG1
239,240,67610.06360502505,16.257934712522637,4.58,1,F,Caucasian,<=70,32.669945117892595,False,False,A_published_DG1
240,240,16821.940080449716,65.34323596108149,4.58,0,M,Caucasian,<=70,39.736004307463986,False,False,A_published_DG1
241,240,30170.462617965983,36.432984602146796,4.58,0,M,Caucasian,<=70,34.833930740356365,False,False,A_published_DG1
242,240,46915.5275039252,19.258920192774237,3.7647600000000003,1,M,Caucasian,>70,41.05953336330829,True,False,A_published_DG1
243,240,16383.901252681877,67.09024810681596,4.58,0,F,Caucasian,<=70,38.81054968131906,False,False,A_published_DG1
244,240,21956.07760759888,41.15226845833743,3.7647600000000003,1,F,Asian,<=70,39.72754606202296,True,False,A_published_DG1
245,240,9309.120254802983,118.07775277506748,4.58,1,M,Caucasian,<=70,40.34047312329029,False,False,A_published_DG1
246,240,15236.154779112148,59.30252173853618,3.7647600000000003,1,F,Caucasian,<=70,34.988004782518864,True,False,A_published_DG1
247,240,10219.992062393983,88.40930545579599,3.7647600000000003,1,F,Caucasian,<=70,45.92821333041078,True,False,A_published_DG1
248,240,31655.65258973482,34.723656284895064,4.58,0,F,Caucasian,<=70,35.827026187292915,False,False,A_published_DG1
249,240,48169.465705484356,18.757575712473116,3.7647600000000003,2,M,Caucasian,>70,32.96321286779201,True,False,A_published_DG1
250,240,30539.095683385458,35.99320724477152,4.58,1,F,Caucasian,>70,35.52844278741691,False,False,A_published_DG1
251,240,8744.594693240013,103.32581802773333,3.7647600000000003,0,M,Asian,<=70,38.43100168380742,True,False,A_published_DG1
252,240,14897.842782930504,73.7824942856445,4.58,0,M,Caucasian,<=70,35.94713291695695,False,False,A_published_DG1
253,240,55105.023940654886,16.396733643978923,3.7647600000000003,1,M,Caucasian,<=70,32.020493104391186,True,False,A_published_DG1
254,240,29717.987439269975,36.98769986514948,4.58,1,M,Caucasian,<=70,28.127645849371188,False,False,A_published_DG1
255,240,31521.216315326914,34.87175079172068,4.58,1,M,Caucasian,>70,29.463623367231136,False,False,A_published_DG1
256,240,25290.83474137451,43.46238513835074,4.58,0,M,Caucasian,>70,42.6743106811595,False,False,A_published_DG1
257,240,19029.85411256319,57.761872135127234,4.58,0,M,Asian,>70,34.13637731349765,False,False,A_published_DG1
258,240,32553.67259964045,33.765775478498256,4.58,1,F,Caucasian,>70,37.2421577737808,False,False,A_published_DG1
259,240,79070.34421288359,13.901545654595726,4.58,0,F,Caucasian,>70,31.84525047455477,False,False,A_published_DG1
260,240,64196.66137724589,17.12238575057121,4.58,0,M,Caucasian,>70,41.656881013242526,False,False,A_published_DG1
261,240,47840.6125284465,18.886514035804723,3.7647600000000003,1,M,Caucasian,<=70,29.453020247501577,True,False,A_published_DG1
262,240,28924.083372093704,38.00293291439345,4.58,0,F,Caucasian,>70,33.63120954393784,False,False,A_published_DG1
263,240,59724.96832400926,18.40436304690554,4.58,0,M,Caucasian,>70,42.870506311248185,False,False,A_published_DG1
264,240,42382.6170914579,25.935161050296276,4.58,1,M,Caucasian,<=70,34.26360243744529,False,False,A_published_DG1
265,240,21439.48001139773,51.26990017554715,4.58,1,F,Caucasian,>70,28.906054591927266,False,False,A_published_DG1
266,240,31754.774695746102,28.453749354456587,3.7647600000000003,0,M,Asian,>70,38.77548676698689,True,False,A_published_DG1
267,240,28797.018300219264,38.17061851822453,4.58,1,M,Caucasian,<=70,31.88158425861216,False,False,A_published_DG1
268,240,11601.126514838305,77.88402262869327,3.7647600000000003,0,F,Asian,<=70,41.872631337464924,True,False,A_published_DG1
269,240,12895.839451512604,85.23679316363314,4.58,2,M,Asian,<=70,44.90130710571493,False,False,A_published_DG1
270,240,13862.808133121258,79.2912943355086,4.58,1,F,Caucasian,<=70,41.396902869263265,False,False,A_published_DG1
271,240,39202.50766228184,23.048076612439033,3.7647600000000003,1,M,Asian,>70,33.39841437000605,True,False,A_published_DG1
272,240,25337.858514254574,35.65977762057852,3.7647600000000003,1,M,Caucasian,<=70,34.480858045873994,True,False,A_published_DG1
273,240,18935.673252316174,47.716412717962406,3.7647600000000003,1,M,Caucasian,>70,39.460101404511214,True,False,A_published_DG1
274,240,18861.777112552885,58.2765872717508,4.58,1,F,Asian,<=70,36.87963908772577,False,False,A_published_DG1
275,240,30337.19368207119,36.23275150363068,4.58,1,M,Caucasian,>70,39.54180506278254,False,False,A_published_DG1
276,240,25668.415477620536,42.82305625597954,4.58,1,M,Asian,>70,39.92404280198223,False,False,A_published_DG1
277,240,22416.282820529534,49.03578388979453,4.58,1,F,Caucasian,<=70,26.051441175575114,False,False,A_published_DG1
278,240,61560.94186330004,14.677202340509556,3.7647600000000003,2,M,Caucasian,>70,31.47875802960435,True,False,A_published_DG1
279,240,38399.53756381941,23.53003336298848,3.7647600000000003,1,M,Caucasian,>70,39.44173840401101,True,False,A_published_DG1
280,240,35632.1265787441,30.848565761879453,4.58,1,M,Caucasian,<=70,41.56695724326918,False,False,A_published_DG1
281,240,7857.099888622298,139.89894688646234,4.58,1,M,Caucasian,<=70,43.66853236990983,False,False,A_published_DG1
282,240,26723.773003176302,41.131916510043425,4.58,1,F,Caucasian,>70,32.25554739274787,False,False,A_published_DG1
283,240,22122.72796078413,49.686458286179615,4.58,1,F,Caucasian,>70,38.816981590869126,False,False,A_published_DG1
284,240,93884.38570709935,9.623990115021607,3.7647600000000003,1,F,Caucasian,<=70,37.51730538791213,True,False,A_published_DG1
285,240,15337.022255517077,58.91250497957485,3.7647600000000003,1,F,Caucasian,<=70,43.92315560515188,True,False,A_published_DG1
286,240,34557.775558006695,31.807602840493775,4.58,1,F,Caucasian,<=70,30.081402410671352,False,False,A_published_DG1
287,240,29955.999640682756,30.16231842828953,3.7647600000000003,2,F,Caucasian,>70,35.10033925104199,True,False,A_published_DG1
288,240,29632.350168890927,37.09459404114286,4.58,1,F,Asian,<=70,38.44991283837023,False,False,A_published_DG1
289,240,20006.786986027913,45.16179437662852,3.7647600000000003,1,F,Caucasian,>70,34.53447937217512,True,False,A_published_DG1
290,240,41797.85362741678,26.298001083935887,4.58,1,M,Caucasian,>70,41.21841724192575,False,False,A_published_DG1
291,240,26659.495065276657,33.891954734613186,3.7647600000000003,0,M,Caucasian,>70,38.388434320913646,True,False,A_published_DG1
292,240,31434.45318317888,34.96800130718358,4.58,1,M,Caucasian,>70,39.246855496293634,False,False,A_published_DG1
293,240,20810.685026235005,52.819020547103214,4.58,1,M,Caucasian,<=70,38.59846205456943,False,False,A_published_DG1
294,240,12475.487466037954,88.10878156002758,4.58,1,M,Caucasian,<=70,39.152845015294446,False,False,A_published_DG1
295,240,103958.26068233266,10.573474323111729,4.58,0,M,Caucasian,>70,31.815751529154742,False,False,A_published_DG1
296,240,48496.08662591657,22.665746382360297,4.58,1,M,Caucasian,>70,32.91498256718613,False,False,A_published_DG1
297,240,102228.63022614614,10.752369444532253,4.58,2,F,Caucasian,<=70,29.250040583404193,False,False,A_published_DG1
298,240,33656.22817402334,32.65963120752753,4.58,1,M,Caucasian,>70,38.35184482839137,False,False,A_published_DG1
299,240,13746.395320658065,65.72940606779711,3.7647600000000003,1,M,Caucasian,<=70,42.65992960724662,True,False,A_published_DG1
300,240,10661.646964330514,103.09851786290348,4.58,1,F,Caucasian,<=70,46.70971741265439,False,False,A_published_DG1
301,240,30963.025010577985,29.18133482407873,3.7647600000000003,0,M,Caucasian,<=70,38.18884951046961,True,False,A_published_DG1
302,240,26737.149780631982,33.793519781024436,3.7647600000000003,0,F,Caucasian,>70,28.615946309193667,True,False,A_published_DG1
303,240,55204.68988375579,16.3671311604609,3.7647600000000003,2,M,Caucasian,<=70,31.352041365756442,True,False,A_published_DG1
304,240,16038.021495266858,56.33752269671503,3.7647600000000003,1,M,Caucasian,>70,36.453328916897334,True,False,A_published_DG1
305,240,60954.62489882339,18.03308611650923,4.58,1,F,Caucasian,>70,38.228686920435074,False,False,A_published_DG1
306,240,26546.157848886887,41.40712212506077,4.58,2,F,Caucasian,<=70,44.31313490074977,False,False,A_published_DG1
307,240,59009.48309341111,18.627514466784657,4.58,1,F,Caucasian,<=70,33.78624222224038,False,False,A_published_DG1
308,240,42629.53000529449,25.784942969427107,4.58,2,F,Caucasian,>70,41.09172105989241,False,False,A_published_DG1
309,240,32592.8037126995,33.725236088594194,4.58,2,M,Caucasian,>70,32.29098469516651,False,False,A_published_DG1
310,240,39354.93696470327,22.9588069423252,3.7647600000000003,0,F,Caucasian,<=70,42.22910179559906,True,False,A_published_DG1
311,240,30553.080542805714,35.97673231214739,4.58,1,F,Asian,>70,31.1401869495871,False,False,A_published_DG1
312,240,31540.996523966485,34.849881777348756,4.58,0,F,Caucasian,>70,38.55481507850032,False,False,A_published_DG1
313,240,10157.119582868934,108.21965725931967,4.58,0,F,Caucasian,>70,48.90377897219144,False,False,A_published_DG1
314,240,33110.39656234394,33.19803186078741,4.58,2,M,Caucasian,>70,43.04200555522394,False,False,A_published_DG1
315,240,18904.93967752282,58.143533846177924,4.58,0,F,Caucasian,<=70,45.447536094650985,False,False,A_published_DG1
316,240,8204.18524118824,110.13188676723942,3.7647600000000003,1,M,Asian,<=70,36.40051653576443,True,False,A_published_DG1
317,240,55720.120395872946,16.21572949915814,3.7647600000000003,0,F,Caucasian,>70,39.2404283149793,True,False,A_published_DG1
318,240,12610.191799093594,71.65175711799606,3.7647600000000003,1,F,Caucasian,<=70,40.80912956385039,True,False,A_published_DG1
319,240,11168.23655653383,80.90287087189199,3.7647600000000003,0,F,Caucasian,<=70,45.30108193989957,True,False,A_published_DG1
320,240,10164.379941683783,108.14235657329351,4.58,1,F,Caucasian,<=70,35.14016246633659,False,False,A_published_DG1
321,240,21176.184046393286,51.907369032675895,4.58,0,M,Asian,<=70,34.23005471382565,False,False,A_published_DG1
322,240,52819.479370801615,20.81050425134696,4.58,1,F,Caucasian,>70,39.566241602781616,False,False,A_published_DG1
323,240,14296.229302028449,76.88740693631976,4.58,1,F,Caucasian,>70,41.1025852483746,False,False,A_published_DG1
324,240,13573.592643690892,66.56619391182137,3.7647600000000003,0,M,Asian,>70,40.01837337213654,True,False,A_published_DG1
325,240,37718.4143423697,29.14226430683357,4.58,0,M,Caucasian,>70,31.605189806729822,False,False,A_published_DG1
326,240,21036.042986411547,52.25317331353809,4.58,1,M,Caucasian,>70,35.554339751452126,False,False,A_published_DG1
327,240,30632.819253461217,35.88308313724016,4.58,0,F,Caucasian,<=70,42.318028947671706,False,False,A_published_DG1
328,240,25783.781363985145,35.04305234538137,3.7647600000000003,1,M,Caucasian,<=70,35.79747905591502,True,False,A_published_DG1
329,240,12801.393918796,70.58156367435494,3.7647600000000003,1,M,Caucasian,<=70,42.90341698060463,True,False,A_published_DG1
330,240,33143.68549063327,33.16468834797038,4.58,0,M,Caucasian,>70,43.36229129380763,False,False,A_published_DG1
331,240,20191.654510469605,54.43833240262963,4.58,0,M,Asian,>70,43.23253127436362,False,False,A_published_DG1
332,240,31337.546867231922,35.07613421870547,4.58,1,M,Caucasian,>70,41.04532404834083,False,False,A_published_DG1
333,240,44659.45413019591,24.612929589230923,4.58,0,F,Caucasian,>70,43.22957676715776,False,False,A_published_DG1
334,240,84702.16787206577,12.97723573805375,4.58,2,M,Caucasian,>70,43.48244987039406,False,False,A_published_DG1
335,240,33711.474553472275,32.606108589420415,4.58,0,F,Asian,>70,34.25903452286177,False,False,A_published_DG1
336,240,22230.752031787713,40.64380722289675,3.7647600000000003,1,M,Caucasian,>70,44.25211556139085,True,False,A_published_DG1
337,240,17312.36847842375,63.492179095536414,4.58,0,M,Asian,>70,28.105892569055733,False,False,A_published_DG1
338,240,59610.17533936307,18.439804844428174,4.58,1,M,Caucasian,<=70,34.561311482111186,False,False,A_published_DG1
339,240,26317.507678420418,34.33236957847944,3.7647600000000003,1,F,Caucasian,<=70,37.710900016870035,True,False,A_published_DG1
340,240,24931.098101785436,44.089514048371626,4.58,1,F,Caucasian,>70,37.063514458834845,False,False,A_published_DG1
341,240,27546.93736559039,39.90280245719946,4.58,2,M,Asian,<=70,32.4510279145735,False,False,A_published_DG1
342,240,41239.257430615624,21.90976405237644,3.7647600000000003,0,M,Asian,>70,36.656083975031486,True,False,A_published_DG1
343,240,27330.225106088557,33.06018872851183,3.7647600000000003,1,F,Caucasian,>70,32.03078424876358,True,False,A_published_DG1
344,240,29099.5087484919,37.773833555075626,4.58,0,M,Caucasian,<=70,35.18854919237692,False,False,A_published_DG1
345,240,15521.400199913967,58.21268625011088,3.7647600000000003,1,M,Caucasian,<=70,40.452775658958146,True,False,A_published_DG1
346,240,52024.8861493819,17.367503648265743,3.7647600000000003,1,M,Caucasian,>70,33.57517303343768,True,False,A_published_DG1
347,240,66366.51483939958,13.614431949402249,3.7647600000000003,0,M,Caucasian,>70,32.88437914890801,True,False,A_published_DG1
348,240,17723.587627860707,62.01904620439857,4.58,1,M,Asian,>70,42.46393127490114,False,False,A_published_DG1
349,240,21324.798186205688,42.370501803129464,3.7647600000000003,0,M,Caucasian,>70,38.01380682928083,True,False,A_published_DG1
350,240,26361.960281085107,41.6964439776007,4.58,0,M,Caucasian,<=70,35.926694187302566,False,False,A_published_DG1
351,240,24155.132043430454,45.50585763818885,4.58,1,M,Caucasian,>70,39.65603627057034,False,False,A_published_DG1
352,240,37798.00507758202,23.90449967254729,3.7647600000000003,1,M,Caucasian,<=70,32.88596746018026,True,False,A_published_DG1
353,240,26824.380386447065,40.97764735529054,4.58,1,M,Caucasian,<=70,34.80743618589862,False,False,A_published_DG1
354,240,15573.515469242768,58.01788310317407,3.7647600000000003,1,M,Caucasian,<=70,31.833648114725765,True,False,A_published_DG1
355,240,17048.00027506825,64.47677042846595,4.58,1,M,Caucasian,<=70,41.82353882065002,False,False,A_published_DG1
356,240,25051.65630959743,43.87733834504549,4.58,0,F,Caucasian,>70,34.52288644145451,False,False,A_published_DG1
357,240,16449.235904580895,54.9291411006134,3.7647600000000003,1,M,Caucasian,<=70,42.40858496458725,True,False,A_published_DG1
358,240,27642.82515274786,32.6863261988322,3.7647600000000003,1,M,Asian,<=70,28.638760889994156,True,False,A_published_DG1
359,240,18076.32725121,60.80881280385215,4.58,1,M,Asian,<=70,38.2398569050577,False,False,A_published_DG1
360,240,17892.562525741687,50.49821112543778,3.7647600000000003,0,F,Caucasian,>70,31.076381357204703,True,False,A_published_DG1
361,240,23784.306790404302,37.98901552869858,3.7647600000000003,1,M,Caucasian,>70,38.35596612736911,True,False,A_published_DG1
362,240,12331.417511298989,73.27157637571717,3.7647600000000003,1,M,Caucasian,<=70,30.325299788060203,True,False,A_published_DG1
363,240,38590.18545042412,23.413787455381865,3.7647600000000003,1,F,Caucasian,<=70,32.806286943829654,True,False,A_published_DG1
364,240,32124.78917705557,34.21656696147534,4.58,0,M,Asian,>70,40.13100841245955,False,False,A_published_DG1
365,240,47582.91075788599,23.100730545741737,4.58,0,M,Caucasian,>70,35.638619132642596,False,False,A_published_DG1
366,240,17257.98160413956,63.69226861015671,4.58,0,F,Caucasian,>70,28.91537974367036,False,False,A_published_DG1
367,240,35995.612925645706,30.53705467581733,4.58,1,M,Caucasian,<=70,29.2248236452533,False,False,A_published_DG1
368,240,73584.04049317195,14.93802178615073,4.58,1,F,Caucasian,>70,33.10637101435748,False,False,A_published_DG1
369,240,22288.23932699599,49.31748909697975,4.58,2,M,Caucasian,>70,34.30611144485442,False,False,A_published_DG1
370,240,25989.49117472517,42.294017709318375,4.58,1,F,Asian,<=70,39.662621362674805,False,False,A_published_DG1
371,240,25565.77905145909,35.34186844771441,3.7647600000000003,0,M,Caucasian,>70,33.42300295728025,True,False,A_published_DG1
372,240,9781.102236411101,92.37633736579052,3.7647600000000003,1,M,Asian,>70,43.108986161771966,True,False,A_published_DG1
373,240,41208.54198813408,26.67408131829834,4.58,1,F,Caucasian,>70,36.08485418973774,False,False,A_published_DG1
374,240,25691.882093799846,35.168400536060744,3.7647600000000003,2,M,Caucasian,>70,34.707963156228566,True,False,A_published_DG1
375,240,38653.236881168945,23.375594721284187,3.7647600000000003,1,F,Caucasian,<=70,31.151065339855187,True,False,A_published_DG1
376,240,17873.75549416682,61.49798794991511,4.58,1,F,Asian,<=70,39.994910400717316,False,False,A_published_DG1
377,240,13533.828104462402,81.2187055662078,4.58,1,F,Caucasian,<=70,48.70794908447513,False,False,A_published_DG1
378,240,55115.32945417502,19.943634754354807,4.58,1,F,Asian,>70,37.592545958648465,False,False,A_published_DG1
379,240,20151.30993053485,54.54732242167571,4.58,1,F,Caucasian,<=70,38.876102904540865,False,False,A_published_DG1
380,240,42667.957262865486,21.176134456906976,3.7647600000000003,0,M,Caucasian,>70,29.962574278836836,True,False,A_published_DG1
381,240,18302.402306521144,60.05768978252407,4.58,1,F,Asian,<=70,46.597963810026336,False,False,A_published_DG1
382,240,60266.57033575443,18.238967206465972,4.58,1,F,Caucasian,>70,36.96985178847402,False,False,A_published_DG1
383,240,36814.99875862505,24.54277958622278,3.7647600000000003,0,M,Caucasian,<=70,37.491274207148805,True,False,A_published_DG1
384,240,33779.80491289253,32.54015240272969,4.58,1,M,Caucasian,>70,31.32254697201244,False,False,A_published_DG1
385,240,24881.36395176065,44.17764243676917,4.58,1,F,Asian,<=70,41.80406371637196,False,False,A_published_DG1
386,240,48343.42040551185,18.6900801064747,3.7647600000000003,0,F,Caucasian,<=70,35.974054511530326,True,False,A_published_DG1
387,240,18851.160178252794,58.30940852479025,4.58,1,M,Caucasian,>70,42.46085273941198,False,False,A_published_DG1
388,240,23635.54967508858,38.22811030082861,3.7647600000000003,1,M,Caucasian,>70,22.735249043402316,True,False,A_published_DG1
389,240,33459.7622919225,27.003849941221,3.7647600000000003,1,F,Caucasian,<=70,40.18057305692326,True,False,A_published_DG1
390,240,37183.20883424654,29.561730535413417,4.58,1,M,Caucasian,>70,27.45889092135517,False,False,A_published_DG1
391,240,14725.900419705626,74.64399246711552,4.58,2,M,Caucasian,<=70,41.825637129905445,False,False,A_published_DG1
392,240,57785.04456777874,19.02222293366405,4.58,1,F,Asian,>70,35.32358969788671,False,False,A_published_DG1
393,240,21682.91793513785,41.67070145738001,3.7647600000000003,0,F,Caucasian,<=70,41.096209754083944,True,False,A_published_DG1
394,240,33560.093720688885,32.75318624400543,4.58,0,M,Caucasian,>70,38.05410974425013,False,False,A_published_DG1
395,240,14938.092328080267,60.485795652872135,3.7647600000000003,1,M,Caucasian,>70,50.155405695220935,True,False,A_published_DG1
396,240,20953.384421200466,43.12154933242208,3.7647600000000003,1,M,Caucasian,<=70,41.17207735815587,True,False,A_published_DG1
397,240,54556.847964607645,20.147791542375725,4.58,1,F,Caucasian,<=70,28.598239625445014,False,False,A_published_DG1
398,240,22767.33986606448,48.27968513082181,4.58,0,F,Caucasian,>70,40.80799975418456,False,False,A_published_DG1
399,240,39585.01850646431,27.768080993078193,4.58,1,M,Caucasian,>70,28.52471465191402,False,False,A_published_DG1
400,240,18504.576155616945,59.401522669642176,4.58,0,M,Caucasian,>70,29.31019528776634,False,False,A_published_DG1
401,240,36124.25815231272,30.42830652370443,4.58,0,M,Caucasian,>70,39.59888713888212,False,False,A_published_DG1
402,240,12744.334638990913,70.89757336060832,3.7647600000000003,1,F,Caucasian,>70,38.33183158700376,True,False,A_published_DG1
403,240,14451.389040986889,76.06189251998266,4.58,1,F,Caucasian,>70,40.81734596310332,False,False,A_published_DG1
404,240,28393.519924376156,38.71305857560564,4.58,2,M,Caucasian,>70,34.336342947697474,False,False,A_published_DG1
405,240,72931.50402764481,12.388917684427717,3.7647600000000003,1,F,Caucasian,>70,39.110337232234166,True,False,A_published_DG1
406,240,55547.68072816812,16.266068864722474,3.7647600000000003,0,M,Caucasian,>70,32.62357522204517,True,False,A_published_DG1
407,240,21587.450014904243,50.918473429751955,4.58,0,F,Caucasian,<=70,39.88770674662287,False,False,A_published_DG1
408,240,19045.155579404687,57.7154644611393,4.58,2,F,Asian,<=70,29.469794498335567,False,False,A_published_DG1
409,240,39110.57083449676,23.10225549566889,3.7647600000000003,0,F,Caucasian,>70,39.064969423708945,True,False,A_published_DG1
410,240,21652.32275016371,41.7295830302164,3.7647600000000003,1,M,Caucasian,>70,33.10521562904937,True,False,A_published_DG1
411,240,25450.8194545366,35.50150523106021,3.7647600000000003,1,M,Caucasian,>70,35.14145353232511,True,False,A_published_DG1
412,240,37406.27739460063,29.385442138614494,4.58,1,M,Caucasian,>70,42.85802153733463,False,False,A_published_DG1
413,240,21858.896873586902,41.33522406118267,3.7647600000000003,1,M,Asian,>70,39.68608625775423,True,False,A_published_DG1
414,240,56860.76557488316,15.890436768918876,3.7647600000000003,1,F,Caucasian,>70,37.32695017654073,True,False,A_published_DG1
415,240,18108.7272272779,60.70001420885236,4.58,1,F,Caucasian,<=70,43.6861352872868,False,False,A_published_DG1
416,240,52036.13454956403,21.123782723580675,4.58,1,F,Caucasian,<=70,26.795338604097797,False,False,A_published_DG1
417,240,27339.624140799988,33.048823032340394,3.7647600000000003,1,M,Caucasian,>70,34.53727189138624,True,False,A_published_DG1
418,240,34972.67838089827,31.430249294271153,4.58,1,F,Caucasian,<=70,39.611789205530464,False,False,A_published_DG1
419,240,34270.88847671293,32.07386936428294,4.58,1,M,Caucasian,<=70,39.486382224133926,False,False,A_published_DG1
420,240,10737.04208445075,102.37456380951024,4.58,1,M,Caucasian,>70,36.165595992221014,False,False,A_published_DG1
421,240,21547.140079901095,51.013730635432225,4.58,0,M,Caucasian,>70,39.319069653601744,False,False,A_published_DG1
422,240,11975.478460653487,75.44937790741889,3.7647600000000003,1,M,Caucasian,<=70,41.78204239670758,True,False,A_published_DG1
423,240,32317.33476895748,34.01270580814852,4.58,1,F,Caucasian,<=70,43.33527673213703,False,False,A_published_DG1
424,240,21319.79353889551,42.38044793218053,3.7647600000000003,2,M,Asian,>70,41.13320917957376,True,False,A_published_DG1
425,240,45156.08778816138,24.342232771727815,4.58,0,M,Caucasian,>70,34.483475321534925,False,False,A_published_DG1
426,240,15431.406815985185,71.23135389453628,4.58,1,M,Caucasian,<=70,35.34613546503163,False,False,A_published_DG1
427,240,23792.280744226515,46.199858341312414,4.58,0,F,Caucasian,>70,40.51329168514152,False,False,A_published_DG1
428,240,20903.12267761345,43.225235479657016,3.7647600000000003,0,M,Asian,<=70,41.858983479091975,True,False,A_published_DG1
429,240,46356.03751974088,19.491363980694498,3.7647600000000003,2,M,Caucasian,<=70,32.933544833047634,True,False,A_published_DG1
430,240,33601.89559204899,32.71244019519235,4.58,1,F,Caucasian,<=70,34.050515008339765,False,False,A_published_DG1
431,240,36399.738624788195,24.822771649923013,3.7647600000000003,0,F,Caucasian,>70,32.36091081279873,True,False,A_published_DG1
432,240,18090.999824440485,49.94430428214017,3.7647600000000003,0,F,Caucasian,>70,51.0,True,False,A_published_DG1
433,240,24690.18805497195,36.595201218730715,3.7647600000000003,1,M,Caucasian,<=70,34.96897179419588,True,False,A_published_DG1
434,240,41683.10062472472,21.67646807598702,3.7647600000000003,1,F,Caucasian,<=70,32.47594161381977,True,False,A_published_DG1
435,240,30844.405274569082,35.636932864005644,4.58,1,F,Caucasian,<=70,30.39138380920719,False,False,A_published_DG1
436,240,14348.147782478267,62.97275534779422,3.7647600000000003,2,M,Caucasian,<=70,34.28002431071351,True,False,A_published_DG1
437,240,19007.409533283157,47.53632515876723,3.7647600000000003,1,M,Caucasian,<=70,40.95345007467006,True,False,A_published_DG1
438,240,34473.34133383407,31.885507974278763,4.58,1,F,Caucasian,<=70,34.08410045078473,False,False,A_published_DG1
439,240,17567.90935068507,62.56862885947986,4.58,1,F,Caucasian,<=70,42.79068547758143,False,False,A_published_DG1
440,240,31607.357876980004,28.586457732933766,3.7647600000000003,0,M,Caucasian,<=70,33.95329519413104,True,False,A_published_DG1
441,240,17130.874514196905,64.16485037521335,4.58,1,M,Caucasian,<=70,37.86078353865886,False,False,A_published_DG1
442,240,31566.49354368406,34.821732685603656,4.58,1,M,Caucasian,>70,36.394404825598606,False,False,A_published_DG1
443,240,21888.039234553224,50.21920822696464,4.58,0,M,Caucasian,<=70,34.6080035417152,False,False,A_published_DG1
444,240,24458.434374257336,44.94155198899057,4.58,0,M,Caucasian,>70,37.63115477972499,False,False,A_published_DG1
445,240,18358.020507584763,49.217855466862254,3.7647600000000003,2,M,Caucasian,>70,48.64590998240668,True,False,A_published_DG1
446,240,27370.717332474844,33.0112795008103,3.7647600000000003,1,F,Caucasian,>70,36.40208239137065,True,False,A_published_DG1
447,240,32380.1139739491,27.904237790111875,3.7647600000000003,1,F,Caucasian,<=70,47.283334324620775,True,False,A_published_DG1
448,240,29103.286511866456,37.76893030798486,4.58,1,F,Caucasian,<=70,42.14537537630289,False,False,A_published_DG1
449,240,53380.081364885766,20.59195062829317,4.58,1,F,Caucasian,>70,43.39386286631536,False,False,A_published_DG1
450,240,13742.954225644708,65.74586403802223,3.7647600000000003,2,M,Caucasian,<=70,42.61600498842066,True,False,A_published_DG1
451,240,33491.2463299011,26.978464494864564,3.7647600000000003,0,F,Caucasian,>70,28.569129104045814,True,False,A_published_DG1
452,240,37303.59719933879,24.221320940491378,3.7647600000000003,1,F,Caucasian,<=70,36.603802156179974,True,False,A_published_DG1
453,240,77246.53406858371,11.69686654417123,3.7647600000000003,0,M,Caucasian,>70,33.64235292190955,True,False,A_published_DG1
454,240,44836.64104998503,24.515663400712462,4.58,1,F,Caucasian,<=70,35.80460478908319,False,False,A_published_DG1
455,240,50374.23538143798,21.820678600414762,4.58,1,F,Caucasian,>70,35.3901377451538,False,False,A_published_DG1
456,240,78452.36074339469,14.011050650155832,4.58,2,M,Caucasian,>70,27.564557858371877,False,False,A_published_DG1
457,240,13753.989845345479,79.91862814788851,4.58,0,F,Caucasian,>70,40.0202222473469,False,False,A_published_DG1
458,240,40484.90729179166,22.31800590496088,3.7647600000000003,1,M,Caucasian,<=70,35.98654112918092,True,False,A_published_DG1
459,240,22324.841591460194,49.2366315566813,4.58,1,F,Asian,>70,35.76358716152684,False,False,A_published_DG1
460,240,33249.093906470494,33.05954752006305,4.58,1,F,Caucasian,<=70,49.038562775259024,False,False,A_published_DG1
461,240,19763.927368040542,55.6164763981815,4.58,0,F,Asian,<=70,40.98650996120637,False,False,A_published_DG1
462,240,17113.388965194004,64.23041060047214,4.58,0,M,Caucasian,<=70,40.95377683727492,False,False,A_published_DG1
463,240,16751.83950829446,65.61667448256922,4.58,0,M,Asian,>70,38.18650307057923,False,False,A_published_DG1
464,240,36801.03654852336,29.868723902672393,4.58,0,M,Caucasian,>70,33.03624604220326,False,False,A_published_DG1
465,240,16542.01031493386,66.4489973753468,4.58,1,M,Caucasian,>70,41.47657953358067,False,False,A_published_DG1
466,240,39564.75800678087,27.782300597203502,4.58,0,F,Caucasian,<=70,29.822817985263654,False,False,A_published_DG1
467,240,33273.07449321169,33.035720826587784,4.58,1,M,Caucasian,>70,47.503280617583755,False,False,A_published_DG1
468,240,52747.37722937526,17.129617574555215,3.7647600000000003,0,M,Caucasian,<=70,25.554970075623707,True,False,A_published_DG1
469,240,16230.908698830912,55.668010754387446,3.7647600000000003,1,F,Asian,>70,37.5710579772662,True,False,A_published_DG1
470,240,18023.41853555043,60.98732034834982,4.58,1,M,Caucasian,>70,24.7622969119681,False,False,A_published_DG1
471,240,17658.747405643957,51.16684548708231,3.7647600000000003,1,M,Asian,<=70,37.98554238007241,True,False,A_published_DG1
472,240,65573.08203412958,16.762975994141726,4.58,0,M,Caucasian,>70,34.327881900541406,False,False,A_published_DG1
473,240,29094.759423859272,37.779999620776955,4.58,2,M,Caucasian,<=70,44.618228920517176,False,False,A_published_DG1
474,240,21923.830581161965,41.212797948565076,3.7647600000000003,1,M,Caucasian,<=70,42.68495617760453,True,False,A_published_DG1
475,240,29362.8886377168,37.43500898573281,4.58,1,M,Caucasian,<=70,38.00563484146811,False,False,A_published_DG1
476,240,68512.49146424058,16.043789628840408,4.58,1,M,Caucasian,<=70,37.098166749977835,False,False,A_published_DG1
477,240,18886.470894047754,47.84072180921634,3.7647600000000003,1,M,Caucasian,>70,41.03323560126549,True,False,A_published_DG1
478,240,20848.602210042027,52.72295902267034,4.58,0,M,Caucasian,<=70,42.8308033702551,False,False,A_published_DG1
479,240,22918.846211752174,39.42355525456982,3.7647600000000003,1,M,Asian,>70,39.37001762770304,True,False,A_published_DG1
480,240,11640.652836886442,94.42769365279054,4.58,1,M,Asian,<=70,31.131082340241424,False,False,A_published_DG1
481,240,21671.778380474152,50.72034148292868,4.58,0,F,Caucasian,>70,36.46617039144098,False,False,A_published_DG1
482,240,49750.06683850021,22.094442678202782,4.58,2,F,Caucasian,>70,34.16325282863597,False,False,A_published_DG1
483,240,32018.137207150572,34.330541870328325,4.58,0,M,Caucasian,>70,38.4348742189425,False,False,A_published_DG1
484,240,74304.99657351301,14.79308324726879,4.58,1,F,Caucasian,<=70,24.292285605790383,False,False,A_published_DG1
485,240,46428.18659574214,19.461074537915778,3.7647600000000003,1,F,Caucasian,<=70,27.664564170997735,True,False,A_published_DG1
486,240,34107.44765452524,26.491058760889768,3.7647600000000003,1,M,Caucasian,<=70,35.344457383516776,True,False,A_published_DG1
487,240,28262.359940296577,31.969814336407413,3.7647600000000003,0,M,Asian,>70,32.6867032725726,True,False,A_published_DG1
488,240,31697.517784155192,34.677794251430726,4.58,1,F,Caucasian,>70,35.852324388094914,False,False,A_published_DG1
489,240,57496.634472803154,19.117640711995755,4.58,1,F,Caucasian,>70,37.533848941709856,False,False,A_published_DG1
490,240,22088.000533287388,49.764576849926605,4.58,0,F,Caucasian,>70,40.74214015529309,False,False,A_published_DG1
491,240,11797.113930989595,76.59012240498103,3.7647600000000003,1,M,Asian,<=70,44.117516586527174,True,False,A_published_DG1
492,240,32011.958051223806,34.337168574353356,4.58,0,M,Caucasian,>70,39.75337943319482,False,False,A_published_DG1
493,240,18422.39251013573,59.66651722327794,4.58,0,F,Caucasian,<=70,35.68402975653172,False,False,A_published_DG1
494,240,25577.68719015565,35.32541442401234,3.7647600000000003,1,F,Caucasian,<=70,36.36438526507679,True,False,A_published_DG1
495,240,13552.042218133014,66.67204731631037,3.7647600000000003,1,F,Caucasian,<=70,36.71756908293293,True,False,A_published_DG1
496,240,27417.409258491738,40.0913153258474,4.58,0,M,Caucasian,<=70,31.090413354105653,False,False,A_published_DG1
497,240,27695.927094037925,39.688146068113525,4.58,0,M,Caucasian,>70,38.82096701927104,False,False,A_published_DG1
498,240,11128.647194498932,98.77211315885296,4.58,1,M,Caucasian,<=70,34.46633717335119,False,False,A_published_DG1
499,240,36103.98330255153,30.44539409374028,4.58,1,F,Caucasian,>70,32.34137891447943,False,False,A_published_DG1
500,240,28354.85917805614,38.76584232344459,4.58,0,F,Caucasian,<=70,38.97145542608438,False,False,A_published_DG1
501,240,31773.826187363265,34.59451164358549,4.58,1,F,Caucasian,<=70,28.823273187747915,False,False,A_published_DG1
502,240,9978.577751081024,90.54821463931724,3.7647600000000003,1,F,Asian,<=70,38.51133143590556,True,False,A_published_DG1
503,240,21949.094583897782,41.165360901166906,3.7647600000000003,1,F,Caucasian,>70,34.77033070476835,True,False,A_published_DG1
504,240,24050.159898220245,37.5690807804926,3.7647600000000003,1,M,Asian,<=70,28.25139804372213,True,False,A_published_DG1
505,240,42941.794090488555,25.59744005301047,4.58,0,F,Caucasian,>70,40.623288129400606,False,False,A_published_DG1
506,240,54032.379513692766,16.722239666883933,3.7647600000000003,2,M,Asian,>70,37.52152846140019,True,False,A_published_DG1
507,240,22796.58994877767,39.63498058394681,3.7647600000000003,1,F,Caucasian,>70,44.71148751572364,True,False,A_published_DG1
508,240,22797.39377969792,39.63358306354493,3.7647600000000003,0,F,Caucasian,<=70,35.0622552523899,True,False,A_published_DG1
509,240,12779.370467457245,70.7032010927985,3.7647600000000003,0,M,Caucasian,<=70,46.24529658405165,True,False,A_published_DG1
510,240,45607.30282477325,24.101403326199986,4.58,0,F,Asian,>70,42.49977196497183,False,False,A_published_DG1
511,240,40234.5463280239,27.31980599553555,4.58,1,F,Caucasian,<=70,39.29268337733844,False,False,A_published_DG1
512,240,18476.168518192513,59.492854209338674,4.58,0,F,Asian,>70,43.95826696273425,False,False,A_published_DG1
513,240,20185.068325735585,44.76291015809941,3.7647600000000003,1,M,Caucasian,>70,41.37187863652285,True,False,A_published_DG1
514,240,10269.384786668918,87.98408266607393,3.7647600000000003,1,F,Asian,<=70,36.72734569763475,True,False,A_published_DG1
515,240,12030.279421169373,75.10568693941221,3.7647600000000003,2,M,Asian,<=70,37.227155744510675,True,False,A_published_DG1
516,240,65866.59563232423,16.688277106894596,4.58,1,M,Caucasian,>70,35.30026763601747,False,False,A_published_DG1
517,240,34143.80222036825,32.19325114718126,4.58,0,F,Caucasian,<=70,39.053529513208886,False,False,A_published_DG1
518,240,25273.48494815219,43.49222128467746,4.58,0,F,Caucasian,<=70,38.37258554204618,False,False,A_published_DG1
519,240,13332.037221743476,82.44801463704988,4.58,2,F,Asian,>70,39.36660819052715,False,False,A_published_DG1
520,240,41066.61797562035,26.766265501886526,4.58,1,F,Caucasian,<=70,36.04392881448387,False,False,A_published_DG1
521,240,47094.79727130988,23.340157802731046,4.58,1,F,Caucasian,<=70,38.75739093086675,False,False,A_published_DG1
522,240,41184.08558477364,26.68992122545487,4.58,1,F,Asian,<=70,34.68094064547614,False,False,A_published_DG1
523,240,51267.34848629997,21.44054710170424,4.58,0,F,Caucasian,<=70,35.197531746421774,False,False,A_published_DG1
524,240,54526.42539845023,16.570724990633273,3.7647600000000003,1,F,Caucasian,>70,37.11389395915204,True,False,A_published_DG1
525,240,73971.65220554001,14.859746500534118,4.58,1,F,Caucasian,>70,33.634410349770775,False,False,A_published_DG1
526,240,67262.80896358218,16.341868811859094,4.58,1,M,Asian,>70,37.61401013503456,False,False,A_published_DG1
527,240,49148.27362598161,22.364976812103567,4.58,1,M,Caucasian,<=70,34.96716018117727,False,False,A_published_DG1
528,240,39165.276687852835,28.065676868840264,4.58,0,M,Caucasian,<=70,38.944795434316944,False,False,A_published_DG1
529,240,39754.66749037757,22.727957672358805,3.7647600000000003,1,F,Caucasian,<=70,29.226356784622457,True,False,A_published_DG1
530,240,9403.443141399262,116.89335315494188,4.58,0,M,Caucasian,>70,36.88818163201004,False,False,A_published_DG1
531,240,31320.75511674537,28.848040113724107,3.7647600000000003,0,M,Caucasian,>70,39.55101020747584,True,False,A_published_DG1
532,240,24086.295551793395,37.51271747276741,3.7647600000000003,1,M,Caucasian,>70,39.239895666783994,True,False,A_published_DG1
533,240,21478.122920373033,51.17765663578338,4.58,1,F,Asian,<=70,28.053123804695467,False,False,A_published_DG1
534,240,34777.56059310697,31.606587157175852,4.58,1,M,Caucasian,>70,43.40202855896729,False,False,A_published_DG1
535,240,16758.875764534547,65.5891251563633,4.58,0,M,Asian,>70,41.99210921511954,False,False,A_published_DG1
536,240,40168.08989336072,22.49403450347646,3.7647600000000003,1,F,Caucasian,<=70,31.837464024989142,True,False,A_published_DG1
537,240,38854.81300985062,28.28993153876012,4.58,0,F,Caucasian,<=70,36.23349262604306,False,False,A_published_DG1
538,240,47302.392448176295,23.23772526314108,4.58,2,M,Caucasian,>70,30.97621781007421,False,False,A_published_DG1
539,240,15191.82430701153,59.47556934179296,3.7647600000000003,0,F,Caucasian,<=70,44.398272069157926,True,False,A_published_DG1
540,240,29921.453430436777,36.73618337275919,4.58,2,M,Caucasian,>70,39.50375814172308,False,False,A_published_DG1
541,240,15157.011349885373,72.52089311184113,4.58,1,M,Caucasian,<=70,33.04389820334043,False,False,A_published_DG1
542,240,53530.175157617494,20.534212652274142,4.58,1,F,Caucasian,<=70,36.672191746407606,False,False,A_published_DG1
543,240,22909.997996722526,47.97905264580338,4.58,0,M,Caucasian,>70,44.92828881936052,False,False,A_published_DG1
544,240,11530.362964148042,78.36200844755984,3.7647600000000003,1,M,Caucasian,<=70,35.33401470834381,True,False,A_published_DG1
545,240,17540.125184917953,62.66773973455775,4.58,1,M,Caucasian,>70,39.49456563439175,False,False,A_published_DG1
546,240,25359.95107311988,35.628712271361756,3.7647600000000003,1,M,Caucasian,<=70,34.78520309884924,True,False,A_published_DG1
547,240,45978.32046744446,23.90691936601518,4.58,1,M,Caucasian,<=70,34.9792692106385,False,False,A_published_DG1
548,240,24405.296086628405,37.02239041857183,3.7647600000000003,1,M,Caucasian,>70,31.067467822173327,True,False,A_published_DG1
549,240,42509.08543873443,25.858001616718038,4.58,1,F,Asian,>70,41.42683300260118,False,False,A_published_DG1
550,240,18015.61796456137,61.013727209482504,4.58,1,F,Asian,>70,47.609859140058234,False,False,A_published_DG1
551,240,15261.067835027754,72.02641465737257,4.58,0,M,Asian,<=70,42.6314919215185,False,False,A_published_DG1
552,240,21735.492158743895,41.56990756873739,3.7647600000000003,2,M,Caucasian,<=70,40.781544991473616,True,False,A_published_DG1
553,240,24887.164486725265,44.16734580535721,4.58,1,F,Asian,>70,34.235662830118606,False,False,A_published_DG1
554,240,14463.172589256104,75.99992278433677,4.58,0,M,Caucasian,>70,44.91653014455911,False,False,A_published_DG1
555,240,28594.77941385752,31.598159472498953,3.7647600000000003,1,F,Caucasian,<=70,41.12432477025509,True,False,A_published_DG1
556,240,93110.28185693936,11.80535573599575,4.58,1,F,Caucasian,>70,27.219906073768392,False,False,A_published_DG1
557,240,32505.101917553064,33.81622991947678,4.58,0,F,Caucasian,>70,31.004162982282914,False,False,A_published_DG1
558,240,36663.55988699637,29.980722095397454,4.58,1,M,Caucasian,>70,39.87917999003688,False,False,A_published_DG1
559,240,38994.127164550264,23.171243099945947,3.7647600000000003,0,F,Caucasian,>70,38.04896224721144,True,False,A_published_DG1
560,240,31484.265285650017,28.698220898672805,3.7647600000000003,0,F,Caucasian,<=70,27.972857594893995,True,False,A_published_DG1
561,240,25403.32322783889,35.567881882864434,3.7647600000000003,1,M,Caucasian,<=70,44.5337175932631,True,False,A_published_DG1
562,240,23933.136048687866,37.752779166169354,3.7647600000000003,0,F,Caucasian,>70,35.11575788938962,True,False,A_published_DG1
563,240,32487.357337312646,33.83470032933513,4.58,1,M,Caucasian,>70,43.47085657261979,False,False,A_published_DG1
564,240,45147.04162475457,20.01332462733458,3.7647600000000003,1,F,Caucasian,>70,37.525922069445066,True,False,A_published_DG1
565,240,16465.437423649226,54.87509239822845,3.7647600000000003,0,F,Caucasian,>70,32.79330056487376,True,False,A_published_DG1
566,240,16144.629983969271,55.965506852567565,3.7647600000000003,1,F,Caucasian,>70,32.50835363527301,True,False,A_published_DG1
567,240,18250.20655183116,60.22945531483369,4.58,0,F,Asian,>70,40.17692649102418,False,False,A_published_DG1
568,240,13362.888571664207,82.25766413489642,4.58,1,M,Caucasian,<=70,35.94197361966082,False,False,A_published_DG1
569,240,11353.392952378614,96.8168726838359,4.58,0,M,Caucasian,>70,43.17079200669001,False,False,A_published_DG1
570,240,26782.002915686113,41.04248675726202,4.58,1,M,Caucasian,>70,37.029925433446365,False,False,A_published_DG1
571,240,54006.77355361929,20.353002552701774,4.58,1,M,Caucasian,>70,38.62055601700698,False,False,A_published_DG1
572,240,27738.366710434802,32.5737419737875,3.7647600000000003,0,F,Caucasian,>70,41.95449773852531,True,False,A_published_DG1
573,240,52369.05759493646,17.253363751334017,3.7647600000000003,1,F,Caucasian,>70,29.11229198603406,True,False,A_published_DG1
574,240,21823.638707037288,41.402005051918415,3.7647600000000003,0,M,Caucasian,>70,33.53926995476567,True,False,A_published_DG1
575,240,27536.47184542646,39.91796792887127,4.58,0,M,Caucasian,>70,39.46543530764702,False,False,A_published_DG1
576,240,38180.62747584743,28.789469232671458,4.58,1,F,Caucasian,<=70,30.158213011425033,False,False,A_published_DG1
577,240,33744.26624480944,32.57442292641582,4.58,1,M,Caucasian,>70,37.127425186567095,False,False,A_published_DG1
578,240,55303.26127671094,19.8758621937345,4.58,0,M,Caucasian,<=70,32.430681961446936,False,False,A_published_DG1
579,240,74761.55644470829,14.702743659609869,4.58,1,F,Caucasian,>70,37.08156337338418,False,False,A_published_DG1
580,240,42418.25320908348,25.913372589435543,4.58,0,M,Caucasian,<=70,32.48036708440135,False,False,A_published_DG1
581,240,54369.81448624453,20.217100433147433,4.58,1,M,Caucasian,>70,34.56985725780427,False,False,A_published_DG1
582,240,16767.225095023037,65.55646469649126,4.58,1,M,Caucasian,>70,38.30353192498107,False,False,A_published_DG1
583,240,41743.95372904165,26.331957129285446,4.58,2,M,Caucasian,>70,33.1716182542484,False,False,A_published_DG1
584,240,44343.24502166382,24.788442962687725,4.58,1,F,Caucasian,>70,37.571116069651794,False,False,A_published_DG1
585,240,28341.052313723914,31.881046264554804,3.7647600000000003,1,F,Caucasian,>70,44.5695756087606,True,False,A_published_DG1
586,240,61400.408829651446,17.902160929410215,4.58,2,F,Caucasian,>70,34.26442768225129,False,False,A_published_DG1
587,240,43203.467394988795,25.442402341241184,4.58,1,M,Caucasian,<=70,34.213955247642026,False,False,A_published_DG1
588,240,13067.234721700283,84.11879203291562,4.58,1,F,Caucasian,<=70,34.76142044078783,False,False,A_published_DG1
589,240,28761.06843840165,38.21832983549224,4.58,1,M,Caucasian,>70,38.412190386467586,False,False,A_published_DG1
590,240,27691.493156737342,32.62887973883662,3.7647600000000003,1,F,Asian,<=70,40.652691885559264,True,False,A_published_DG1
591,240,14591.113738095413,61.92415577167175,3.7647600000000003,1,M,Caucasian,>70,37.583635383534464,True,False,A_published_DG1
592,240,31273.669533562916,35.1477781915019,4.58,0,F,Caucasian,<=70,41.33761322680082,False,False,A_published_DG1
593,240,19696.571659724425,55.806666205147046,4.58,1,F,Caucasian,>70,37.26104301839527,False,False,A_published_DG1
594,240,55526.02563816718,16.27241261400362,3.7647600000000003,0,F,Caucasian,>70,41.83890981389628,True,False,A_published_DG1
595,240,48389.547805414244,22.715649346841218,4.58,0,F,Caucasian,<=70,38.07183967249051,False,False,A_published_DG1
596,240,13484.811586361146,81.51393091111163,4.58,1,M,Caucasian,<=70,42.31734189858683,False,False,A_published_DG1
597,240,14574.795902757694,75.41786570006244,4.58,1,M,Asian,<=70,42.516758199006624,False,False,A_published_DG1
598,240,13669.941444147842,66.0970205096826,3.7647600000000003,1,F,Caucasian,<=70,45.83601744921674,True,False,A_published_DG1
599,240,14447.934840995405,76.08007733264871,4.58,0,M,Caucasian,<=70,45.86104657858003,False,False,A_published_DG1
600,240,39466.43123512895,27.851517494736274,4.58,2,M,Caucasian,<=70,38.254464753942365,False,False,A_published_DG1
601,240,18348.25976015072,59.9075887505841,4.58,1,M,Caucasian,<=70,37.83994950615184,False,False,A_published_DG1
602,240,32235.93850958435,34.09858843331604,4.58,0,F,Asian,>70,39.56313192464758,False,False,A_published_DG1
603,240,38520.219326943145,28.53566306750387,4.58,1,F,Caucasian,>70,34.81806441628446,False,False,A_published_DG1
604,240,58882.651352726876,18.667637661480672,4.58,0,M,Caucasian,<=70,36.42739082952048,False,False,A_published_DG1
605,240,40929.0111271293,26.85625598394701,4.58,1,M,Caucasian,>70,36.65159324830945,False,False,A_published_DG1
606,240,23220.861167942647,38.91080496391656,3.7647600000000003,1,F,Caucasian,<=70,47.12052645564129,True,False,A_published_DG1
607,240,21218.183154376657,51.80462398701036,4.58,2,F,Caucasian,<=70,37.343973643774646,False,False,A_published_DG1
608,240,19979.161537531243,45.2242401815851,3.7647600000000003,1,F,Caucasian,>70,41.87730588746205,True,False,A_published_DG1
609,240,30183.35347978684,36.41742461572771,4.58,1,M,Asian,>70,39.397438542198174,False,False,A_published_DG1
610,240,25482.18620349776,35.45780541686714,3.7647600000000003,0,M,Caucasian,<=70,41.9293195148457,True,False,A_published_DG1
611,240,55310.277837648086,19.87334077811858,4.58,1,M,Caucasian,>70,34.471050103966924,False,False,A_published_DG1
612,240,18394.36219189903,59.75744027069846,4.58,0,M,Caucasian,<=70,37.46310292144237,False,False,A_published_DG1
613,240,87789.87468894217,12.52080611681808,4.58,1,M,Caucasian,>70,37.65617322196693,False,False,A_published_DG1
614,240,15916.035516815535,69.06242442338599,4.58,0,F,Caucasian,>70,37.96685234042959,False,False,A_published_DG1
615,240,8133.241184995354,135.14907218389934,4.58,0,M,Caucasian,<=70,39.93000376671123,False,False,A_published_DG1
616,240,19704.345200614338,55.78464997485577,4.58,0,M,Caucasian,>70,42.79503431185606,False,False,A_published_DG1
617,240,46199.79096909316,23.792315440027537,4.58,1,F,Caucasian,>70,33.886640732942254,False,False,A_published_DG1
618,240,45296.283934277315,24.266891332518256,4.58,1,F,Caucasian,<=70,36.18005228925434,False,False,A_published_DG1
619,240,18069.34582048437,50.00415670697367,3.7647600000000003,0,M,Asian,>70,37.29892927923759,True,False,A_published_DG1
620,240,15936.064005901962,56.697965047415146,3.7647600000000003,1,M,Caucasian,<=70,39.12959097728739,True,False,A_published_DG1
621,240,26363.598606627886,41.6938528158162,4.58,0,M,Asian,<=70,41.90913150258135,False,False,A_published_DG1
622,240,59886.38755833565,15.087609001625863,3.7647600000000003,2,F,Caucasian,>70,39.6751045889521,True,False,A_published_DG1
623,240,33652.538292549456,32.663212220260924,4.58,1,M,Asian,<=70,35.00897956958962,False,False,A_published_DG1
624,240,56461.03064901749,19.468294987971987,4.58,1,F,Caucasian,>70,35.84481916732725,False,False,A_published_DG1
625,240,9026.777647444691,100.0957855936305,3.7647600000000003,1,F,Caucasian,>70,34.02500096324745,True,False,A_published_DG1
626,240,12313.19125071549,89.27011508378285,4.58,1,M,Caucasian,<=70,44.45914960434601,False,False,A_published_DG1
627,240,26934.310583329,33.546149147000925,3.7647600000000003,2,M,Caucasian,>70,45.359844175100505,True,False,A_published_DG1
628,240,9464.96086285162,116.1336022332829,4.58,1,M,Caucasian,>70,41.08315636887221,False,False,A_published_DG1
629,240,22146.11276843038,40.79914201863966,3.7647600000000003,1,F,Caucasian,<=70,40.08727030655337,True,False,A_published_DG1
630,240,90370.27306296235,12.163291785498652,4.58,1,F,Caucasian,>70,34.885916255389866,False,False,A_published_DG1
631,240,26341.44036857605,34.30117667665123,3.7647600000000003,1,M,Caucasian,<=70,41.93238458935525,True,False,A_published_DG1
632,240,60590.31003550181,18.141514696920076,4.58,1,M,Caucasian,<=70,46.16166060521652,False,False,A_published_DG1
633,240,17875.94187006041,61.490466236131546,4.58,1,M,Caucasian,<=70,35.766315276849525,False,False,A_published_DG1
634,240,16682.312215695045,65.89014674871336,4.58,0,M,Caucasian,>70,42.287162371769455,False,False,A_published_DG1
635,240,30965.178582456985,35.497938339769206,4.58,0,M,Caucasian,<=70,36.51314029170602,False,False,A_published_DG1
636,240,9219.450987916143,119.22618835337508,4.58,0,M,Caucasian,<=70,42.71689553215008,False,False,A_published_DG1
637,240,33194.63118008687,33.113788613485156,4.58,1,F,Caucasian,<=70,36.67759139201583,False,False,A_published_DG1
638,240,26613.51444621779,33.950510438068356,3.7647600000000003,1,F,Asian,>70,35.36316920033898,True,False,A_published_DG1
639,240,45571.79184663719,19.826791165918873,3.7647600000000003,1,F,Caucasian,<=70,32.07219577445006,True,False,A_published_DG1
640,240,81296.7826753044,13.5208302693866,4.58,1,M,Caucasian,<=70,38.50956725265072,False,False,A_published_DG1
641,240,59713.828264874806,15.131208737649914,3.7647600000000003,1,F,Caucasian,<=70,31.924780430503652,True,False,A_published_DG1
642,240,14614.314272205022,75.21392927005611,4.58,0,M,Caucasian,<=70,47.120377720788454,False,False,A_published_DG1
643,240,23724.9093794443,38.08412439218191,3.7647600000000003,1,F,Caucasian,>70,34.67178048367636,True,False,A_published_DG1
644,240,32477.884381716984,33.84456903291339,4.58,0,M,Caucasian,<=70,28.12474593123087,False,False,A_published_DG1
645,240,37344.05471006413,29.434404178498816,4.58,1,F,Caucasian,<=70,33.324948116344274,False,False,A_published_DG1
646,240,9171.809175953682,98.51299592766004,3.7647600000000003,1,M,Caucasian,>70,36.4632596875708,True,False,A_published_DG1
647,240,16126.35803578797,56.02891849448206,3.7647600000000003,2,M,Caucasian,<=70,39.95150258531595,True,False,A_published_DG1
648,240,33235.29040543426,33.07327803039962,4.58,0,M,Caucasian,>70,31.284779467492914,False,False,A_published_DG1
649,240,37856.66399926536,29.035838974647397,4.58,0,F,Caucasian,>70,34.179610725476664,False,False,A_published_DG1
650,240,26606.12082943677,33.95994499883383,3.7647600000000003,0,M,Caucasian,>70,43.68296365379045,True,False,A_published_DG1
651,240,44320.90382803034,24.800938272039957,4.58,1,M,Caucasian,<=70,40.079265265920284,False,False,A_published_DG1
652,240,40713.04730715112,22.192944516862426,3.7647600000000003,1,F,Caucasian,>70,39.98601672223313,True,False,A_published_DG1
653,240,21490.593977644017,51.14795808545184,4.58,1,M,Caucasian,>70,35.504446626993165,False,False,A_published_DG1
654,240,15743.434906055523,69.81957918072924,4.58,1,M,Caucasian,>70,24.775673671868486,False,False,A_published_DG1
655,240,36719.24159192699,29.935258800161808,4.58,1,F,Caucasian,<=70,33.46749167846409,False,False,A_published_DG1
656,240,23064.430607705835,47.65779908881674,4.58,0,F,Caucasian,<=70,32.231302001961474,False,False,A_published_DG1
657,240,14625.322678229713,75.15731612788252,4.58,0,M,Caucasian,>70,44.94582901457934,False,False,A_published_DG1
658,240,45720.61293756845,19.76225474566118,3.7647600000000003,1,F,Caucasian,<=70,30.98146431537572,True,False,A_published_DG1
659,240,12647.6789248321,71.43938467840215,3.7647600000000003,1,M,Caucasian,>70,38.658318019192194,True,False,A_published_DG1
660,240,26282.233782388856,34.37844771799587,3.7647600000000003,0,F,Caucasian,>70,34.72250474266846,True,False,A_published_DG1
661,240,72369.90109798565,15.188634823636578,4.58,1,F,Caucasian,>70,34.05322569116771,False,False,A_published_DG1
662,240,11039.157303522587,81.84885631729158,3.7647600000000003,1,F,Caucasian,>70,44.56258737225613,True,False,A_published_DG1
663,240,13823.4791239893,65.3628794817645,3.7647600000000003,2,F,Caucasian,<=70,38.40133586227474,True,False,A_published_DG1
664,240,18288.83118339076,49.40405381512645,3.7647600000000003,1,M,Caucasian,>70,43.41029493774997,True,False,A_published_DG1
665,240,35019.5121450405,31.38821567380601,4.58,1,M,Caucasian,<=70,34.473636336216856,False,False,A_published_DG1
666,240,57474.953777269075,19.12485226625316,4.58,1,F,Caucasian,<=70,32.86043734752999,False,False,A_published_DG1
667,240,34388.626739924126,31.96405626526118,4.58,1,M,Caucasian,<=70,32.57122250054798,False,False,A_published_DG1
668,240,51532.53555752707,21.33021377869007,4.58,1,F,Caucasian,>70,36.698034117053425,False,False,A_published_DG1
669,240,28950.77647994327,37.967893564495995,4.58,0,F,Caucasian,>70,33.181683191226945,False,False,A_published_DG1
670,240,24795.600856646182,36.43962512639881,3.7647600000000003,0,F,Caucasian,>70,25.253583004426922,True,False,A_published_DG1
671,240,30596.900367917126,35.925207677330086,4.58,0,M,Caucasian,<=70,32.52160120826224,False,False,A_published_DG1
672,240,4872.886006554315,185.4224372958208,3.7647600000000003,0,M,Caucasian,<=70,40.18630327446956,True,False,A_published_DG1
673,240,19915.805288788837,55.19234517816714,4.58,0,M,Asian,<=70,37.570395288402906,False,False,A_published_DG1
674,240,15664.123768031066,70.17309211022445,4.58,0,F,Caucasian,<=70,42.94555769098173,False,False,A_published_DG1
675,240,20817.22175122058,43.403601633201724,3.7647600000000003,0,F,Caucasian,<=70,37.49154999095699,True,False,A_published_DG1
676,240,39820.540684712134,22.690359911333076,3.7647600000000003,1,F,Caucasian,>70,37.75609351331048,True,False,A_published_DG1
677,240,11950.119152375499,91.98234645062064,4.58,1,M,Asian,>70,33.57993095967286,False,False,A_published_DG1
678,240,33999.3109286142,32.330066991884266,4.58,1,M,Caucasian,>70,39.69050975903768,False,False,A_published_DG1
679,240,24303.564061165605,45.22793435701883,4.58,2,M,Caucasian,<=70,39.794153257402996,False,False,A_published_DG1
680,240,31843.205978790775,34.51913732342542,4.58,0,M,Caucasian,>70,25.91228419326302,False,False,A_published_DG1
681,240,18122.435015599633,60.65410079019836,4.58,0,F,Caucasian,>70,45.326557754533674,False,False,A_published_DG1
682,240,22067.604144784385,49.81057267423354,4.58,1,F,Caucasian,>70,35.815604239009645,False,False,A_published_DG1
683,240,37405.25303413853,24.15549492942521,3.7647600000000003,0,F,Caucasian,>70,31.693825574081973,True,False,A_published_DG1
684,240,19312.15722761038,46.78619738597692,3.7647600000000003,2,F,Asian,>70,42.04513522700021,True,False,A_published_DG1
685,240,49620.39060754415,22.152183538693883,4.58,1,M,Caucasian,<=70,33.19899496522642,False,False,A_published_DG1
686,240,27163.97807909784,33.26252132029434,3.7647600000000003,1,F,Caucasian,<=70,36.85968017479024,True,False,A_published_DG1
687,240,24638.569762846368,44.612979185891476,4.58,1,M,Caucasian,<=70,38.44845375264225,False,False,A_published_DG1
688,240,31542.154962918135,34.848601856539325,4.58,0,F,Caucasian,<=70,33.16487870005744,False,False,A_published_DG1
689,240,11394.199696506208,79.29845220082042,3.7647600000000003,1,F,Caucasian,>70,37.44323570746392,True,False,A_published_DG1
690,240,86245.3838698775,10.476414614412493,3.7647600000000003,1,F,Caucasian,>70,36.925474693507596,True,False,A_published_DG1
691,240,16775.916053442113,65.52250240751916,4.58,0,F,Caucasian,>70,32.72784607562377,False,False,A_published_DG1
692,240,32665.517872295637,27.66043396380116,3.7647600000000003,1,M,Caucasian,<=70,32.677090884791,True,False,A_published_DG1
693,240,30691.320211192015,29.439671991383115,3.7647600000000003,1,M,Caucasian,<=70,50.057197366934325,True,False,A_published_DG1
694,240,18158.55456656062,60.533452482181666,4.58,2,M,Caucasian,>70,51.0,False,False,A_published_DG1
695,240,14186.998250393253,77.47939208842371,4.58,1,M,Caucasian,>70,38.60067956346852,False,False,A_published_DG1
696,240,38259.538898207946,28.730090107057876,4.58,2,M,Caucasian,>70,39.99713988679125,False,False,A_published_DG1
697,240,23647.69048121237,46.48234045829098,4.58,0,M,Caucasian,>70,29.96750367028895,False,False,A_published_DG1
698,240,31249.384650413536,35.175092639318706,4.58,0,F,Caucasian,<=70,27.883415822086775,False,False,A_published_DG1
699,240,31001.31485021959,29.145292848558004,3.7647600000000003,0,F,Caucasian,<=70,31.72407841811079,True,False,A_published_DG1
700,240,26498.402481118526,34.097995177023236,3.7647600000000003,0,F,Caucasian,>70,46.63117333077217,True,False,A_published_DG1
701,240,19531.472596774965,46.26084364725233,3.7647600000000003,1,M,Caucasian,<=70,40.448285587104756,True,False,A_published_DG1
702,240,26611.80500475153,41.30497723862542,4.58,0,M,Caucasian,>70,32.84479455687136,False,False,A_published_DG1
703,240,19314.484243861378,56.910657624697016,4.58,1,F,Caucasian,>70,48.14356009451748,False,False,A_published_DG1
704,240,27973.115058056486,39.29487287056439,4.58,1,M,Caucasian,>70,39.73054863755746,False,False,A_published_DG1
705,240,25846.39478265857,42.52817498313147,4.58,2,F,Caucasian,<=70,30.260689083719125,False,False,A_published_DG1
706,240,28058.742125733123,39.17495642086914,4.58,1,M,Caucasian,>70,37.86351056102679,False,False,A_published_DG1
707,240,13246.898700712276,82.97791240306661,4.58,1,M,Caucasian,>70,35.71268068939237,False,False,A_published_DG1
708,240,13587.407086221705,80.8984372827574,4.58,0,M,Caucasian,<=70,45.359276888204704,False,False,A_published_DG1
709,240,80252.43843657344,13.69678007813731,4.58,1,M,Caucasian,<=70,39.23713569551955,False,False,A_published_DG1
710,240,25263.983201153693,43.50857864526305,4.58,1,M,Caucasian,>70,43.88186187380139,False,False,A_published_DG1
711,240,21058.02373522343,52.1986304992802,4.58,1,M,Caucasian,>70,35.25072448247439,False,False,A_published_DG1
712,240,19865.722454268882,55.331488826060614,4.58,1,F,Asian,<=70,41.34349128075717,False,False,A_published_DG1
713,240,51992.18642971368,21.141638301477627,4.58,1,F,Caucasian,<=70,43.387295584468404,False,False,A_published_DG1
714,240,15982.1075100812,56.534621571658384,3.7647600000000003,0,F,Asian,<=70,36.50606271872471,True,False,A_published_DG1
715,240,13127.99109980423,68.82564081060917,3.7647600000000003,1,F,Caucasian,>70,39.411555852637264,True,False,A_published_DG1
716,240,8841.547530545866,102.1927888617273,3.7647600000000003,0,F,Caucasian,<=70,39.3531960753881,True,False,A_published_DG1
717,240,25167.680777671612,35.900900364312044,3.7647600000000003,0,M,Asian,<=70,42.20704359960683,True,False,A_published_DG1
718,240,10228.03581203504,107.46931475411952,4.58,0,M,Caucasian,<=70,32.66297190964726,False,False,A_published_DG1
719,240,79708.14702520307,13.790309284851922,4.58,1,M,Caucasian,>70,38.31755066762367,False,False,A_published_DG1
720,240,54256.50639362359,20.259321380286693,4.58,1,M,Caucasian,>70,36.32344081317824,False,False,A_published_DG1
721,240,13490.034418933195,81.48237179122971,4.58,1,M,Caucasian,>70,39.9636414118727,False,False,A_published_DG1
722,240,15266.324288818798,72.0016147439672,4.58,1,M,Caucasian,<=70,37.00963779267777,False,False,A_published_DG1
723,240,20349.870338578115,44.40040083631965,3.7647600000000003,1,M,Caucasian,<=70,45.083753004475014,True,False,A_published_DG1
724,240,23161.69831664001,47.45765983879965,4.58,0,F,Asian,<=70,33.862477868164625,False,False,A_published_DG1
725,240,35064.165161147066,31.34824385375561,4.58,1,M,Caucasian,>70,38.56735932926113,False,False,A_published_DG1
726,240,49300.60620752259,18.327206691874956,3.7647600000000003,1,F,Caucasian,<=70,34.418207031709294,True,False,A_published_DG1
727,240,38536.60814173227,28.52352744583269,4.58,0,F,Caucasian,>70,36.57227997620311,False,False,A_published_DG1
728,240,20845.790343635417,43.34411816992428,3.7647600000000003,0,F,Caucasian,<=70,37.7620705009563,True,False,A_published_DG1
729,240,10104.543265522996,108.78274961229602,4.58,0,F,Asian,<=70,38.47405328885428,False,False,A_published_DG1
730,240,53686.25815419135,20.4745131769662,4.58,1,M,Caucasian,>70,32.30384763204394,False,False,A_published_DG1
731,240,29648.256770347318,30.4753971539965,3.7647600000000003,2,F,Caucasian,>70,41.89108178743484,True,False,A_published_DG1
732,240,63485.15840506597,17.314283016930872,4.58,0,M,Caucasian,>70,34.22014383540367,False,False,A_published_DG1
733,240,25478.305271842943,35.463206455828896,3.7647600000000003,1,M,Caucasian,>70,33.66510438280435,True,False,A_published_DG1
734,240,34414.10332207626,31.940393440234587,4.58,1,M,Asian,<=70,35.53275505318535,False,False,A_published_DG1
735,240,22373.057170094646,49.130523005558025,4.58,0,F,Caucasian,<=70,37.24638225315404,False,False,A_published_DG1
736,240,27591.06801015383,39.83897975951789,4.58,2,M,Caucasian,<=70,43.86827993507423,False,False,A_published_DG1
737,240,6387.330696315966,172.0906670190081,4.58,0,M,Asian,<=70,47.32656977226114,False,False,A_published_DG1
738,240,47331.384924380014,23.223491173059063,4.58,1,F,Caucasian,<=70,29.46505638659667,False,False,A_published_DG1
739,240,13792.622738713202,79.69477747801801,4.58,0,M,Caucasian,<=70,36.889447647048634,False,False,A_published_DG1
740,240,14300.942260396943,76.86206824594858,4.58,1,M,Caucasian,<=70,42.897718409976385,False,False,A_published_DG1
741,240,18622.736179270458,59.024623955289314,4.58,1,M,Caucasian,<=70,44.05624089701275,False,False,A_published_DG1
742,240,29369.570863158897,37.42649169514537,4.58,1,F,Caucasian,>70,39.60970410217127,False,False,A_published_DG1
743,240,12943.839129945998,69.80482304586319,3.7647600000000003,1,M,Asian,>70,36.27699699820216,True,False,A_published_DG1
744,240,38441.79633015887,28.59387710604047,4.58,1,M,Caucasian,<=70,32.013822666947306,False,False,A_published_DG1
745,240,38709.256146196676,28.396309033905325,4.58,1,F,Caucasian,>70,49.29486593121267,False,False,A_published_DG1
746,240,56526.29613751825,15.984461423084309,3.7647600000000003,1,M,Caucasian,<=70,27.543870675879436,True,False,A_published_DG1
747,240,42978.349550463405,25.575668016505954,4.58,1,M,Caucasian,<=70,36.33939278449542,False,False,A_published_DG1
748,240,13704.73143861815,80.20587670201238,4.58,1,M,Asian,>70,43.31110393497472,False,False,A_published_DG1
749,240,37200.751236690136,24.288283702960804,3.7647600000000003,0,F,Caucasian,>70,36.18594382550458,True,False,A_published_DG1
750,240,24361.266614414366,37.08930304409465,3.7647600000000003,2,F,Caucasian,<=70,42.53466950386222,True,False,A_published_DG1
751,240,31782.621977442832,34.584937667513344,4.58,1,F,Caucasian,<=70,39.08727079322018,False,False,A_published_DG1
752,240,25208.94448343952,35.84213534182532,3.7647600000000003,0,F,Asian,<=70,33.381320010696484,True,False,A_published_DG1
753,240,20341.143129218715,54.038260928466286,4.58,0,F,Caucasian,<=70,33.37669134392933,False,False,A_published_DG1
754,240,11689.666915794836,77.29410996126435,3.7647600000000003,0,F,Caucasian,<=70,34.16397642535859,True,False,A_published_DG1
755,240,18346.963707009694,49.247516615231,3.7647600000000003,0,M,Caucasian,>70,39.52732125142864,True,False,A_published_DG1
756,240,38344.211332739265,23.56398446063572,3.7647600000000003,1,F,Asian,<=70,44.01271499444536,True,False,A_published_DG1
757,240,25217.857691872538,43.58815936828215,4.58,1,M,Caucasian,<=70,41.53956374889112,False,False,A_published_DG1
758,240,8143.637008470131,134.9765465794621,4.58,1,M,Asian,>70,42.681399142583494,False,False,A_published_DG1
759,240,78656.7232780922,11.487160440252644,3.7647600000000003,0,M,Caucasian,>70,29.20820187736799,True,False,A_published_DG1
760,240,15788.10533193153,57.229311624402484,3.7647600000000003,1,F,Caucasian,<=70,39.874191051183296,True,False,A_published_DG1
761,240,32312.93720912909,34.017334694335766,4.58,1,F,Asian,>70,40.11627751696476,False,False,A_published_DG1
762,240,31784.500077583893,34.582894093565244,4.58,1,F,Caucasian,>70,40.55928442159434,False,False,A_published_DG1
763,240,24943.18561716703,36.2240178086211,3.7647600000000003,0,F,Caucasian,<=70,34.85955037090459,True,False,A_published_DG1
764,240,20982.434646258207,43.06184745634981,3.7647600000000003,1,M,Caucasian,<=70,31.113837977737916,True,False,A_published_DG1
765,240,15101.94018479046,59.829557589559265,3.7647600000000003,0,M,Caucasian,<=70,38.82285289530763,True,False,A_published_DG1
766,240,7647.10914086065,143.74059265437523,4.58,0,F,Caucasian,<=70,40.272579014801586,False,False,A_published_DG1
767,240,43759.47329645102,25.119132320295712,4.58,0,F,Caucasian,<=70,36.847843671177564,False,False,A_published_DG1
768,240,23365.16340065517,38.6704935251882,3.7647600000000003,0,M,Asian,>70,38.64150712293202,True,False,A_published_DG1
769,240,63491.99497470317,17.312418682669357,4.58,1,F,Caucasian,<=70,33.47954335485271,False,False,A_published_DG1
770,240,28903.289207696318,38.030273720795314,4.58,1,M,Caucasian,<=70,37.79239212903764,False,False,A_published_DG1
771,240,40113.17118864791,27.402470745346488,4.58,1,M,Caucasian,>70,37.62149551265571,False,False,A_published_DG1
772,240,16575.249956040712,66.31574201989068,4.58,1,M,Asian,<=70,35.99119734732024,False,False,A_published_DG1
773,240,49667.7278225012,22.13107078157951,4.58,1,F,Caucasian,<=70,30.31420873816177,False,False,A_published_DG1
774,240,117993.36189976789,9.315778297204043,4.58,2,M,Caucasian,>70,32.010034429490084,False,False,A_published_DG1
775,240,43875.9747590557,20.59310146297126,3.7647600000000003,1,F,Caucasian,<=70,31.799744259417107,True,False,A_published_DG1
776,240,18676.470382240503,58.85480379875374,4.58,1,F,Caucasian,<=70,37.044061829429694,False,False,A_published_DG1
777,240,33484.769015455335,32.82686523812214,4.58,1,M,Caucasian,>70,45.70724129493422,False,False,A_published_DG1
778,240,19252.151319325534,46.93202255755249,3.7647600000000003,1,M,Caucasian,>70,40.55397155054109,True,False,A_published_DG1
779,240,24548.00590729325,36.80716076948459,3.7647600000000003,1,M,Caucasian,>70,47.53830337804404,True,False,A_published_DG1
780,240,31332.695834067486,35.08156482356872,4.58,1,M,Caucasian,<=70,40.70647122801879,False,False,A_published_DG1
781,240,20519.220683654105,44.03395303993072,3.7647600000000003,1,M,Caucasian,<=70,35.78799048306733,True,False,A_published_DG1
782,240,22215.3506561537,40.671984610322454,3.7647600000000003,1,M,Asian,<=70,40.33315573330211,True,False,A_published_DG1
783,240,72064.8164320922,12.537913016838422,3.7647600000000003,2,M,Caucasian,>70,41.623485509573314,True,False,A_published_DG1
784,240,10343.13425204057,106.27339578263152,4.58,1,F,Caucasian,<=70,34.87285474083972,False,False,A_published_DG1
785,240,30484.066866653204,36.05818097723781,4.58,1,M,Caucasian,<=70,31.132304366913658,False,False,A_published_DG1
786,240,9740.07384506918,92.7654568509673,3.7647600000000003,1,M,Caucasian,<=70,38.01108898545433,True,False,A_published_DG1
787,240,14125.527963291803,63.96521265244369,3.7647600000000003,1,M,Caucasian,<=70,46.68610052238952,True,False,A_published_DG1
788,240,41269.13706030754,26.634916024381944,4.58,1,F,Caucasian,>70,37.81168035888371,False,False,A_published_DG1
789,240,19948.12909109551,55.102911906192915,4.58,2,M,Caucasian,<=70,34.39682299747777,False,False,A_published_DG1
790,240,19598.186994383846,56.086820700047014,4.58,1,M,Asian,<=70,40.81757519892603,False,False,A_published_DG1
791,240,20555.417469358043,53.474953823661195,4.58,1,F,Caucasian,<=70,43.14492668409629,False,False,A_published_DG1
792,240,18670.424831448738,58.87386119615722,4.58,1,M,Caucasian,<=70,35.53690207785198,False,False,A_published_DG1
793,240,25865.615862392307,34.93218196724706,3.7647600000000003,1,F,Asian,>70,42.39793107188776,True,False,A_published_DG1
794,240,23538.27092106083,46.69841738530134,4.58,1,F,Caucasian,<=70,41.469664875908066,False,False,A_published_DG1
795,240,24395.028174462514,45.05836157019394,4.58,1,F,Caucasian,>70,44.262698924631465,False,False,A_published_DG1
796,240,74375.72130906602,14.779016332928165,4.58,1,F,Caucasian,<=70,28.160447128006307,False,False,A_published_DG1
797,240,24109.65682354147,37.47636918322915,3.7647600000000003,0,F,Caucasian,>70,38.44814961717553,True,False,A_published_DG1
798,240,14765.258612708596,74.44502184702057,4.58,2,F,Caucasian,<=70,36.58044785629738,False,False,A_published_DG1
799,240,36493.404639747794,30.120511112925215,4.58,1,F,Caucasian,<=70,33.759280942170044,False,False,A_published_DG1
800,240,53820.009001992,16.78822461673237,3.7647600000000003,1,F,Asian,>70,35.787261818017264,True,False,A_published_DG1
801,240,138514.10972325414,7.935653647098908,4.58,1,F,Caucasian,<=70,38.78511027750464,False,False,A_published_DG1
802,240,55219.8664008836,19.905879380802183,4.58,1,F,Caucasian,>70,29.4216746962127,False,False,A_published_DG1
803,240,45192.28413167818,19.993289061630968,3.7647600000000003,1,M,Caucasian,<=70,28.239471211222906,True,False,A_published_DG1
804,240,18728.96019082712,48.24306265771913,3.7647600000000003,1,M,Asian,<=70,43.688595000450064,True,False,A_published_DG1
805,240,61726.14089881657,14.63792141940503,3.7647600000000003,1,F,Caucasian,>70,37.386754129475456,True,False,A_published_DG1
806,240,15526.009769700942,70.79732760088122,4.58,1,M,Caucasian,>70,36.53021851090724,False,False,A_published_DG1
807,240,18532.843056046302,59.31092151786113,4.58,1,M,Caucasian,>70,36.19283459718697,False,False,A_published_DG1
808,240,17770.204985728065,61.85634892128762,4.58,1,F,Caucasian,<=70,39.003552670923355,False,False,A_published_DG1
809,240,9220.92779497308,97.98823069545983,3.7647600000000003,0,M,Asian,<=70,29.658878867234854,True,False,A_published_DG1
810,240,38007.86885736252,28.92032710713465,4.58,0,M,Asian,>70,44.74740194395386,False,False,A_published_DG1
811,240,17164.417980924176,64.03945657939614,4.58,2,M,Asian,>70,50.063805015188585,False,False,A_published_DG1
812,240,19952.732573269823,55.09019859628504,4.58,2,M,Caucasian,<=70,41.43750572641966,False,False,A_published_DG1
813,240,28983.75482174414,31.174097543847083,3.7647600000000003,1,M,Caucasian,<=70,40.6750809961797,True,False,A_published_DG1
814,240,86215.5257436977,12.74944379818215,4.58,1,M,Caucasian,>70,42.202360848005284,False,False,A_published_DG1
815,240,32811.260345871575,33.50069422549034,4.58,0,M,Caucasian,<=70,36.01968881730296,False,False,A_published_DG1
816,240,43382.54406350128,25.337379900797057,4.58,0,F,Asian,>70,35.805594014864425,False,False,A_published_DG1
817,240,32373.292863150033,33.953913945257035,4.58,0,M,Caucasian,>70,36.424416172585154,False,False,A_published_DG1
818,240,31322.871765612945,28.846090702064302,3.7647600000000003,1,M,Caucasian,<=70,34.72512506510674,True,False,A_published_DG1
819,240,14381.255280189453,76.43282721739709,4.58,1,M,Caucasian,>70,33.88449703877184,False,False,A_published_DG1
820,240,21752.83378894758,50.53134734833922,4.58,1,F,Caucasian,>70,39.18022002721304,False,False,A_published_DG1
821,240,23983.39282340345,45.831713973653464,4.58,0,M,Caucasian,<=70,36.246212314985904,False,False,A_published_DG1
822,240,38185.02823212171,23.662216366778253,3.7647600000000003,0,F,Caucasian,<=70,42.924842582934915,True,False,A_published_DG1
823,240,38633.89484714026,23.387297697396967,3.7647600000000003,1,M,Caucasian,<=70,41.44000795765396,True,False,A_published_DG1
824,240,66919.8219819417,16.42562648024705,4.58,2,F,Caucasian,>70,31.22458809213882,False,False,A_published_DG1
825,240,33676.16021761065,32.64030082102956,4.58,0,M,Caucasian,<=70,40.722334780625175,False,False,A_published_DG1
826,240,8983.250041847363,122.3610602932694,4.58,0,M,Caucasian,<=70,41.46579600921673,False,False,A_published_DG1
827,240,48487.99026116326,22.66953103396432,4.58,0,F,Caucasian,<=70,37.08015465683055,False,False,A_published_DG1
828,240,17217.594352635504,52.477853844993994,3.7647600000000003,1,M,Caucasian,<=70,39.368550138613756,True,False,A_published_DG1
829,240,25317.14560003959,43.41721682867287,4.58,1,F,Caucasian,>70,35.416007917790765,False,False,A_published_DG1
830,240,25288.93648931916,43.46564753580087,4.58,1,F,Caucasian,<=70,41.83503851575694,False,False,A_published_DG1
831,240,55659.59707237667,19.748615832965175,4.58,1,F,Caucasian,<=70,40.847896509881494,False,False,A_published_DG1
832,240,45464.83839232707,24.17692526507491,4.58,1,F,Caucasian,>70,34.9979887753507,False,False,A_published_DG1
833,240,60158.0742559385,18.271861484852842,4.58,0,F,Asian,<=70,32.96665320857525,False,False,A_published_DG1
834,240,18573.117353966576,59.18231059716256,4.58,1,M,Caucasian,>70,39.48424357876442,False,False,A_published_DG1
835,240,43406.91334188741,20.815633511726507,3.7647600000000003,1,M,Caucasian,<=70,38.49249011879162,True,False,A_published_DG1
836,240,10882.925127669516,83.02385520440366,3.7647600000000003,1,M,Asian,<=70,33.60201343317375,True,False,A_published_DG1
837,240,37623.16332812584,29.21604412721655,4.58,1,M,Caucasian,<=70,32.34316773198583,False,False,A_published_DG1
838,240,24944.701500884898,36.22181648347035,3.7647600000000003,0,M,Caucasian,<=70,37.58483654600025,True,False,A_published_DG1
839,240,9337.490566134793,117.71899443589032,4.58,1,M,Caucasian,>70,44.14737146341942,False,False,A_published_DG1
840,240,11339.12056909779,96.93873464893048,4.58,1,M,Caucasian,<=70,33.72287763220959,False,False,A_published_DG1
841,240,49200.65945074543,22.34116396550344,4.58,1,F,Caucasian,<=70,36.204150681558424,False,False,A_published_DG1
842,240,15710.355141763934,69.96659146666391,4.58,0,F,Caucasian,>70,42.05667471061365,False,False,A_published_DG1
843,240,54392.5974992665,20.20863225027676,4.58,1,F,Caucasian,>70,37.61601811682115,False,False,A_published_DG1
844,240,19380.870593507305,56.7157184553019,4.58,0,F,Caucasian,>70,34.614465254652764,False,False,A_published_DG1
845,240,20597.534790841488,53.36560958201414,4.58,1,M,Asian,<=70,38.517957977951674,False,False,A_published_DG1
846,240,18708.643082366852,58.75359293352552,4.58,0,F,Caucasian,>70,37.1663644076505,False,False,A_published_DG1
847,240,35227.03447393963,31.20330781216255,4.58,0,M,Caucasian,<=70,36.859784192997786,False,False,A_published_DG1
848,240,7976.562367552695,137.80372412950214,4.58,0,M,Caucasian,<=70,40.65546571275584,False,False,A_published_DG1
849,240,33817.87819541907,32.503517626037706,4.58,0,M,Caucasian,>70,42.21686939517963,False,False,A_published_DG1
850,240,12107.279449302137,90.78835626143558,4.58,2,M,Caucasian,<=70,39.30443917973692,False,False,A_published_DG1
851,240,12133.251006828266,74.46828549838051,3.7647600000000003,0,F,Asian,>70,35.44389904663739,True,False,A_published_DG1
852,240,21093.97853596497,52.10965765068348,4.58,0,M,Caucasian,<=70,41.21508235810248,False,False,A_published_DG1
853,240,15503.99108843084,70.89787356884054,4.58,1,F,Caucasian,>70,40.603984841433515,False,False,A_published_DG1
854,240,31117.127891871067,35.324596917158004,4.58,1,M,Caucasian,>70,36.24270606967834,False,False,A_published_DG1
855,240,50981.80338581522,17.722841092188485,3.7647600000000003,1,F,Caucasian,>70,29.63941727605633,True,False,A_published_DG1
856,240,53727.61708456212,20.458752121278046,4.58,0,F,Caucasian,>70,37.82615237703881,False,False,A_published_DG1
857,240,21008.256670552877,43.008918548985974,3.7647600000000003,2,F,Caucasian,>70,35.34667993937512,True,False,A_published_DG1
858,240,28771.153423234187,38.20493338693677,4.58,0,M,Asian,>70,31.69233992501367,False,False,A_published_DG1
859,240,52388.87928251807,20.981552097580337,4.58,0,F,Caucasian,>70,36.80913948278693,False,False,A_published_DG1
860,240,31885.091022927696,28.337457131619523,3.7647600000000003,0,F,Caucasian,>70,34.32711402705418,True,False,A_published_DG1
861,240,14375.933369678442,62.85104255600833,3.7647600000000003,1,M,Caucasian,>70,37.44617192889215,True,False,A_published_DG1
862,240,21485.356929225505,42.053869664643756,3.7647600000000003,0,M,Caucasian,<=70,34.115488477070365,True,False,A_published_DG1
863,240,48436.137497601936,18.65430330906824,3.7647600000000003,1,M,Caucasian,<=70,43.71457922596143,True,False,A_published_DG1
864,240,12993.591707843772,84.59554715240527,4.58,0,M,Caucasian,<=70,45.10786448778512,False,False,A_published_DG1
865,240,17444.073878656814,63.01280352549377,4.58,0,M,Caucasian,>70,41.87810380598598,False,False,A_published_DG1
866,240,14148.98209159212,63.85918040965791,3.7647600000000003,2,F,Caucasian,>70,38.43763825159926,True,False,A_published_DG1
867,240,30547.522164034435,35.9832785814019,4.58,0,F,Asian,>70,44.26329913937265,False,False,A_published_DG1
868,240,26344.349200780576,41.72431786500275,4.58,1,F,Caucasian,>70,39.71728602158889,False,False,A_published_DG1
869,240,39837.90410484637,22.68047027830669,3.7647600000000003,0,M,Asian,>70,41.777535613253136,True,False,A_published_DG1
870,240,62873.10872617345,14.370887940902218,3.7647600000000003,0,F,Caucasian,<=70,30.976882829991617,True,False,A_published_DG1
871,240,18814.386907390453,58.42337597342727,4.58,0,F,Caucasian,<=70,37.848631970242266,False,False,A_published_DG1
872,240,33938.900554689775,26.62261844764285,3.7647600000000003,0,F,Caucasian,<=70,41.73086362148907,True,False,A_published_DG1
873,240,39462.18986565319,27.854510956998702,4.58,1,M,Asian,<=70,43.96603375149467,False,False,A_published_DG1
874,240,21065.21951163261,52.18079970128016,4.58,0,M,Caucasian,>70,39.488271181075355,False,False,A_published_DG1
875,240,42381.84329523924,25.935634567443962,4.58,0,M,Caucasian,>70,32.585765928736215,False,False,A_published_DG1
876,240,90571.38074082373,9.976025457595144,3.7647600000000003,1,M,Caucasian,<=70,32.041717506820376,True,False,A_published_DG1
877,240,31046.98472666857,35.40440431420753,4.58,2,M,Asian,<=70,38.35344366706014,False,False,A_published_DG1
878,240,23585.928716936745,38.308536027719704,3.7647600000000003,1,F,Caucasian,>70,40.03549599390276,True,False,A_published_DG1
879,240,10839.486174805728,83.35657109837071,3.7647600000000003,1,M,Caucasian,>70,41.7398720984723,True,False,A_published_DG1
880,240,22661.89607516786,39.87055615306926,3.7647600000000003,1,F,Asian,<=70,42.43945058347287,True,False,A_published_DG1
881,240,24869.12591475415,44.19938214828353,4.58,2,M,Caucasian,>70,32.381174686765036,False,False,A_published_DG1
882,240,47548.54569720262,23.117426282601706,4.58,1,M,Caucasian,>70,33.39083821087739,False,False,A_published_DG1
883,240,55200.76502304663,16.368294889079273,3.7647600000000003,1,F,Caucasian,<=70,25.630266405126477,True,False,A_published_DG1
884,240,12123.339471722804,74.52916765281347,3.7647600000000003,1,M,Caucasian,>70,37.24242186057547,True,False,A_published_DG1
885,240,18789.74301271723,58.500001796514304,4.58,1,F,Caucasian,<=70,46.38547895767226,False,False,A_published_DG1
886,240,22331.936797024544,40.459652389862846,3.7647600000000003,1,M,Caucasian,<=70,29.21027497191153,True,False,A_published_DG1
887,240,47804.696480839055,22.993556719695487,4.58,0,M,Caucasian,<=70,25.088184627195055,False,False,A_published_DG1
888,240,26032.49526061689,34.70825178126197,3.7647600000000003,1,M,Caucasian,<=70,36.210634498058155,True,False,A_published_DG1
889,240,32529.82236718956,27.775817211696086,3.7647600000000003,0,M,Caucasian,>70,38.302701281606694,True,False,A_published_DG1
890,240,41104.496484281146,26.741599922537606,4.58,1,F,Caucasian,>70,41.48210998317834,False,False,A_published_DG1
891,240,67912.23999660226,16.185594821419443,4.58,1,M,Caucasian,<=70,31.69610970611906,False,False,A_published_DG1
892,240,15716.552599504856,69.93900176522362,4.58,1,F,Asian,>70,50.928993925525326,False,False,A_published_DG1
893,240,22164.862425419073,49.592006433543986,4.58,1,M,Asian,>70,35.539133890874496,False,False,A_published_DG1
894,240,29748.003837268014,30.373211088135292,3.7647600000000003,1,M,Caucasian,>70,39.607121542696156,True,False,A_published_DG1
895,240,30708.35735358467,35.79481596307812,4.58,0,F,Caucasian,<=70,37.575712725332814,False,False,A_published_DG1
896,240,25999.15960021725,42.27828964097806,4.58,0,F,Caucasian,<=70,39.55549795806327,False,False,A_published_DG1
897,240,8455.603571082986,106.85723288754835,3.7647600000000003,1,M,Caucasian,<=70,39.695994345156706,True,False,A_published_DG1
898,240,38629.69587152887,28.45479300835345,4.58,1,M,Caucasian,>70,38.22832133133447,False,False,A_published_DG1
899,240,36967.49748173071,29.734228034862873,4.58,0,M,Caucasian,>70,34.72709458834359,False,False,A_published_DG1
900,240,21116.126134356346,52.055002560890195,4.58,2,M,Caucasian,<=70,43.70422014125266,False,False,A_published_DG1
901,240,23652.11181048962,46.4736514357466,4.58,0,M,Caucasian,>70,42.5111417655809,False,False,A_published_DG1
902,240,22140.717623451328,49.646087299163845,4.58,1,F,Asian,<=70,40.87674487449981,False,False,A_published_DG1
903,240,65534.61058181881,16.772816535282043,4.58,1,F,Asian,>70,45.45591889046656,False,False,A_published_DG1
904,240,35453.146841249465,25.485534585853333,3.7647600000000003,1,F,Caucasian,<=70,34.06729392207735,True,False,A_published_DG1
905,240,26569.070447375892,41.371413507940886,4.58,0,F,Caucasian,<=70,34.6959135039802,False,False,A_published_DG1
906,240,41314.9933040468,21.869600543091412,3.7647600000000003,1,F,Asian,>70,42.9101328991584,True,False,A_published_DG1
907,240,23557.82400547756,38.35423848102067,3.7647600000000003,1,M,Caucasian,>70,33.69300544523968,True,False,A_published_DG1
908,240,41559.47417008609,26.448842819844632,4.58,0,M,Caucasian,<=70,37.557144754055855,False,False,A_published_DG1
909,240,29144.166491509663,31.00251298191087,3.7647600000000003,1,F,Caucasian,>70,47.487769974656075,True,False,A_published_DG1
910,240,13677.070487421932,80.36808766986141,4.58,1,F,Caucasian,<=70,32.448935222670315,False,False,A_published_DG1
911,240,11724.280831302452,77.06591244280399,3.7647600000000003,1,M,Asian,<=70,43.77349673521337,True,False,A_published_DG1
912,240,52578.482671869264,20.905890473482568,4.58,2,F,Caucasian,<=70,31.937269898559347,False,False,A_published_DG1
913,240,51744.608198842936,17.461575832749357,3.7647600000000003,1,F,Caucasian,>70,34.23852907681438,True,False,A_published_DG1
914,240,46482.15090351557,23.647786916781097,4.58,0,F,Caucasian,>70,36.74980889192004,False,False,A_published_DG1
915,240,49866.5918542814,22.04281381835855,4.58,0,M,Caucasian,<=70,35.21423515490214,False,False,A_published_DG1
916,240,16630.365474472885,66.09596173260529,4.58,1,F,Caucasian,<=70,34.02562769762812,False,False,A_published_DG1
917,240,16284.676875535259,67.49903657292376,4.58,1,F,Asian,<=70,39.95262520301494,False,False,A_published_DG1
918,240,22725.373407611492,48.368842187290134,4.58,1,M,Asian,>70,39.38858929312024,False,False,A_published_DG1
919,240,44207.756889525706,24.86441469416507,4.58,1,M,Caucasian,>70,39.70736659568507,False,False,A_published_DG1
920,240,28661.915803511904,38.35054179683679,4.58,1,F,Asian,<=70,39.16286462268735,False,False,A_published_DG1
921,240,30808.24502189747,35.67876064406543,4.58,1,M,Caucasian,>70,38.82007932744656,False,False,A_published_DG1
922,240,31802.124350727878,34.563728758416794,4.58,1,F,Caucasian,>70,36.538299628853956,False,False,A_published_DG1
923,240,13631.342859735689,66.28418119163351,3.7647600000000003,1,F,Caucasian,<=70,39.63654223113531,True,False,A_published_DG1
924,240,14914.395655497008,60.581898245872324,3.7647600000000003,0,M,Caucasian,<=70,47.69571424787556,True,False,A_published_DG1
925,240,14683.70896598547,61.53366306108618,3.7647600000000003,1,M,Caucasian,>70,39.3856054749532,True,False,A_published_DG1
926,240,8670.080551176663,126.78082902595662,4.58,1,F,Caucasian,<=70,45.80171355216934,False,False,A_published_DG1
927,240,18189.6365538166,60.430014461688785,4.58,0,M,Caucasian,<=70,45.70671943376509,False,False,A_published_DG1
928,240,38999.14975972685,23.16825893812328,3.7647600000000003,0,F,Caucasian,<=70,41.30800840092307,True,False,A_published_DG1
929,240,22681.64773853233,48.46208761688168,4.58,1,M,Caucasian,>70,35.11240273938252,False,False,A_published_DG1
930,240,19207.598134531647,57.22735306627669,4.58,0,M,Caucasian,<=70,41.605923660265674,False,False,A_published_DG1
931,240,32914.37199654759,27.451303038525946,3.7647600000000003,1,M,Caucasian,<=70,36.132370471403014,True,False,A_published_DG1
932,240,47841.55156146672,18.886143331683773,3.7647600000000003,1,F,Caucasian,<=70,37.853578078047185,True,False,A_published_DG1
933,240,17699.49096457635,62.103480953205484,4.58,0,M,Caucasian,<=70,36.34890229814253,False,False,A_published_DG1
934,240,34788.336641956885,25.97256687778145,3.7647600000000003,1,F,Caucasian,<=70,30.21172007177072,True,False,A_published_DG1
935,240,40308.96456972724,27.269368284034737,4.58,1,F,Caucasian,>70,29.905572167815034,False,False,A_published_DG1
936,240,22499.566658610387,48.85427424795961,4.58,1,M,Caucasian,<=70,43.79478504016374,False,False,A_published_DG1
937,240,6346.611649264858,142.36610807983806,3.7647600000000003,0,F,Caucasian,<=70,41.57571175340371,True,False,A_published_DG1
938,240,25262.43729750119,43.511241099002206,4.58,0,F,Caucasian,>70,37.75925916588039,False,False,A_published_DG1
939,240,28007.21489808402,32.26105856251389,3.7647600000000003,0,F,Asian,<=70,30.561728575220513,True,False,A_published_DG1
940,240,30901.038696927564,35.571619801547044,4.58,0,F,Caucasian,<=70,38.258166454387,False,False,A_published_DG1
941,240,57518.80151177352,19.11027300829634,4.58,2,M,Caucasian,<=70,37.17438032367273,False,False,A_published_DG1
942,240,31957.5552691018,34.39562227911604,4.58,1,M,Caucasian,>70,48.315799944284535,False,False,A_published_DG1
943,240,40797.467809097216,26.942848638142564,4.58,1,M,Asian,>70,36.973791490923716,False,False,A_published_DG1
944,240,25826.619041905447,42.56073929833685,4.58,1,M,Caucasian,<=70,40.07544129929879,False,False,A_published_DG1
945,240,22176.725106955128,49.565478883771966,4.58,1,F,Caucasian,>70,40.2519382087946,False,False,A_published_DG1
946,240,27688.975621670248,39.69810999940829,4.58,0,F,Caucasian,<=70,34.747741223098316,False,False,A_published_DG1
947,240,7261.508039571908,124.42902976573268,3.7647600000000003,0,M,Caucasian,<=70,34.107505369099606,True,False,A_published_DG1
948,240,68337.08866444623,16.0849696918956,4.58,1,F,Asian,>70,40.948323709014026,False,False,A_published_DG1
949,240,22000.316068715532,41.069519054993854,3.7647600000000003,0,M,Caucasian,>70,49.37721601921461,True,False,A_published_DG1
950,240,63001.129400406615,17.44730626992388,4.58,0,M,Caucasian,<=70,40.40494694977154,False,False,A_published_DG1
951,240,22430.383301442067,40.282075783426784,3.7647600000000003,1,F,Caucasian,>70,43.62911087331992,True,False,A_published_DG1
952,240,12516.609387217075,87.81931000599792,4.58,1,F,Caucasian,>70,51.0,False,False,A_published_DG1
953,240,20394.308396825534,44.30365484424274,3.7647600000000003,1,M,Caucasian,<=70,34.71741875286933,True,False,A_published_DG1
954,240,16917.518324485405,53.408684575932554,3.7647600000000003,1,F,Caucasian,>70,43.512997052492146,True,False,A_published_DG1
955,240,25187.152206336414,35.87314645967371,3.7647600000000003,1,M,Caucasian,<=70,36.79468832593052,True,False,A_published_DG1
956,240,57797.10406692813,15.633004708224002,3.7647600000000003,2,M,Caucasian,>70,30.64927845975344,True,False,A_published_DG1
957,240,38349.67923292285,23.560624705938015,3.7647600000000003,1,F,Caucasian,>70,38.19172244708165,True,False,A_published_DG1
958,240,9478.174355139916,115.97170075310075,4.58,0,M,Caucasian,<=70,45.396703215711014,False,False,A_published_DG1
959,240,64007.72569464111,17.17292698765624,4.58,0,F,Caucasian,<=70,31.8834488833915,False,False,A_published_DG1
960,240,27960.24353503671,39.31296230029625,4.58,1,M,Caucasian,<=70,34.81545620059981,False,False,A_published_DG1
961,240,23693.698987605316,38.13429049101462,3.7647600000000003,2,M,Asian,>70,35.96528272259697,True,False,A_published_DG1
962,240,27257.201551894643,33.148758807090196,3.7647600000000003,0,F,Caucasian,<=70,36.98556098218886,True,False,A_published_DG1
963,240,24624.772126924636,36.692416699039015,3.7647600000000003,0,F,Asian,<=70,32.729656364577906,True,False,A_published_DG1
964,240,34623.23545417452,31.747466277518836,4.58,0,F,Caucasian,<=70,33.56461895320564,False,False,A_published_DG1
965,240,15167.054018173563,72.47287434217019,4.58,0,F,Caucasian,>70,43.42333583829232,False,False,A_published_DG1
966,240,20436.151922830275,44.21294201628079,3.7647600000000003,2,M,Caucasian,<=70,33.789373912874055,True,False,A_published_DG1
967,240,31417.247870929357,28.759438245895986,3.7647600000000003,1,M,Caucasian,<=70,33.81033164471158,True,False,A_published_DG1
968,240,28366.356405689265,38.750130058280604,4.58,0,F,Caucasian,>70,36.45519933213231,False,False,A_published_DG1
969,240,39556.879934813755,27.787833666643692,4.58,1,M,Caucasian,>70,43.085255635880486,False,False,A_published_DG1
970,240,25936.97100731304,34.836080116881895,3.7647600000000003,1,M,Caucasian,>70,48.133736803188725,True,False,A_published_DG1
971,240,18299.31343704825,60.06782734124834,4.58,1,M,Caucasian,<=70,32.262305239827825,False,False,A_published_DG1
972,240,10627.02984799975,103.43435708020475,4.58,0,M,Caucasian,>70,40.99530178469817,False,False,A_published_DG1
973,240,38825.259330334695,28.311465756036313,4.58,1,F,Asian,>70,36.78750785309674,False,False,A_published_DG1
974,240,10668.404274884235,103.03321580976811,4.58,1,M,Caucasian,<=70,46.36897466519882,False,False,A_published_DG1
975,240,107796.17781937137,8.381952108858819,3.7647600000000003,1,F,Caucasian,<=70,28.215952255351446,True,False,A_published_DG1
976,240,46851.78821541419,23.46121763690472,4.58,1,F,Caucasian,<=70,33.35033338570347,False,False,A_published_DG1
977,240,13816.282120854697,65.39692748718318,3.7647600000000003,0,M,Caucasian,>70,39.82638527776319,True,False,A_published_DG1
978,240,30323.26641082026,36.2493929614315,4.58,1,F,Caucasian,<=70,41.735057814652244,False,False,A_published_DG1
979,240,24179.99641308051,45.45906381546742,4.58,0,F,Caucasian,<=70,40.16622528717318,False,False,A_published_DG1
980,240,22901.483761605607,39.45344368973992,3.7647600000000003,1,M,Caucasian,<=70,37.042369777844016,True,False,A_published_DG1
981,240,10909.997521534915,100.75162692111728,4.58,0,F,Asian,<=70,34.32306259298729,False,False,A_published_DG1
982,240,50885.84837915177,17.756260901217214,3.7647600000000003,1,F,Caucasian,>70,31.078279388625074,True,False,A_published_DG1
983,240,9769.856428346842,92.48266918011286,3.7647600000000003,1,M,Caucasian,<=70,33.590809553916785,True,False,A_published_DG1
984,240,12550.774458514064,87.58025280697608,4.58,1,F,Caucasian,<=70,41.03884530309747,False,False,A_published_DG1
985,240,42678.153114877045,25.75556625051878,4.58,0,F,Caucasian,>70,40.94215038777163,False,False,A_published_DG1
986,240,25046.487526256205,43.88639320574232,4.58,2,F,Caucasian,>70,32.445209854781794,False,False,A_published_DG1
987,240,41936.1609576928,26.211269102789963,4.58,1,F,Asian,<=70,37.379767862658596,False,False,A_published_DG1
988,240,23477.31914597385,46.81965573520361,4.58,2,F,Caucasian,<=70,35.52834988868283,False,False,A_published_DG1
989,240,15954.975159529435,56.63076193887653,3.7647600000000003,1,M,Caucasian,<=70,34.76655612920453,True,False,A_published_DG1
990,240,22304.63550831641,49.28123571399125,4.58,1,F,Caucasian,<=70,34.716907362336634,False,False,A_published_DG1
991,240,31453.199147664072,28.726565961005058,3.7647600000000003,1,F,Caucasian,>70,32.261230158545295,True,False,A_published_DG1
992,240,24563.44003332551,44.74943242919976,4.58,1,M,Caucasian,<=70,43.41560994948635,False,False,A_published_DG1
993,240,15366.771537377088,71.53096519502361,4.58,1,M,Caucasian,<=70,36.70458792986254,False,False,A_published_DG1
994,240,13280.609465435937,82.76728585843698,4.58,0,F,Caucasian,>70,34.47514719324007,False,False,A_published_DG1
995,240,60942.84818210538,18.036570865796154,4.58,1,M,Caucasian,<=70,35.97220255251405,False,False,A_published_DG1
996,240,22912.593154100825,47.97361837689981,4.58,1,F,Caucasian,>70,37.53121555574769,False,False,A_published_DG1
997,240,13977.13881425055,78.64270467710446,4.58,0,M,Caucasian,>70,51.0,False,False,A_published_DG1
998,240,41386.93812707526,26.559104145974636,4.58,1,F,Asian,<=70,37.42577386944978,False,False,A_published_DG1
999,240,13981.03358047973,78.62079678677685,4.58,1,M,Asian,<=70,38.64562974228112,False,False,A_published_DG1
0,240,63010.261055786934,10.256281139088527,2.6927123001479663,1,F,Caucasian,>70,25.702260661682107,True,False,B_calibrated_240
1,240,30598.073236162494,25.69421173150238,3.2758057179415645,1,F,Caucasian,>70,24.97031627107398,False,False,B_calibrated_240
2,240,28747.296137258672,27.34842847661799,3.2758057179415645,1,M,Caucasian,>70,37.17567477346603,False,False,B_calibrated_240
3,240,13427.072661986149,48.130442748338986,2.6927123001479663,0,M,Caucasian,>70,48.063852096722904,True,False,B_calibrated_240
4,240,19831.60151778548,32.5869270545769,2.6927123001479663,0,M,Caucasian,>70,43.05827690011884,True,False,B_calibrated_240
5,240,19359.302703856767,40.61062448025826,3.2758057179415645,0,M,Caucasian,>70,40.09641042501918,False,False,B_calibrated_240
6,240,13673.778804327412,57.49642315825416,3.2758057179415645,0,F,Caucasian,<=70,30.34829298989003,False,False,B_calibrated_240
7,240,24407.438945675,26.47762239511932,2.6927123001479663,1,F,Caucasian,>70,41.28460767946592,True,False,B_calibrated_240
8,240,6312.014663706684,102.38426025075262,2.6927123001479663,0,M,Caucasian,<=70,42.06350025009928,True,False,B_calibrated_240
9,240,17390.51765240943,37.161110724382304,2.6927123001479663,2,F,Caucasian,>70,39.029865675795314,True,False,B_calibrated_240
10,240,23906.009038873926,32.88685162912532,3.2758057179415645,1,F,Caucasian,<=70,39.172671911539304,False,False,B_calibrated_240
11,240,12703.038311320433,50.87373085064218,2.6927123001479663,2,F,Caucasian,>70,34.58067492942359,True,False,B_calibrated_240
12,240,15376.978049579502,51.12795048357857,3.2758057179415645,0,M,Caucasian,<=70,47.50147352318919,False,False,B_calibrated_240
13,240,16302.61343219746,39.640941909299904,2.6927123001479663,1,F,Asian,>70,36.6870247395934,True,False,B_calibrated_240
14,240,17683.73281708218,44.45856428833433,3.2758057179415645,1,F,Caucasian,<=70,37.323224431151914,False,False,B_calibrated_240
15,240,49047.11537091967,16.0293498681905,3.2758057179415645,1,F,Caucasian,>70,40.61561091604119,False,False,B_calibrated_240
16,240,11310.969358711904,69.50716135575381,3.2758057179415645,1,F,Caucasian,<=70,43.40520275896711,False,False,B_calibrated_240
17,240,10761.715851197861,73.05464882892872,3.2758057179415645,1,F,Caucasian,<=70,34.88669301356219,False,False,B_calibrated_240
18,240,32092.18178093991,20.13733302543273,2.6927123001479663,0,F,Caucasian,>70,37.477432692873855,True,False,B_calibrated_240
19,240,11814.742318236837,54.698692077099366,2.6927123001479663,0,F,Caucasian,>70,26.833311406472024,True,False,B_calibrated_240
20,240,45383.38566490157,17.323374199338296,3.2758057179415645,1,F,Caucasian,<=70,34.7532389847281,False,False,B_calibrated_240
21,240,20229.328324485665,38.86403738646941,3.2758057179415645,1,F,Asian,<=70,32.90488332997047,False,False,B_calibrated_240
22,240,38910.41199269363,20.20521839896227,3.2758057179415645,0,M,Caucasian,>70,39.56107262421234,False,False,B_calibrated_240
23,240,12585.740070565527,62.466995814148305,3.2758057179415645,0,F,Asian,>70,45.776775998274914,False,False,B_calibrated_240
24,240,14611.161140313467,44.22995173548865,2.6927123001479663,1,M,Caucasian,>70,46.084858905237866,True,False,B_calibrated_240
25,240,19183.53317244195,40.98272019230427,3.2758057179415645,0,F,Asian,<=70,36.228848831195464,False,False,B_calibrated_240
26,240,15961.896417554928,49.2543837987395,3.2758057179415645,0,F,Caucasian,>70,38.916746966476865,False,False,B_calibrated_240
27,240,16037.957557667532,49.02079142428625,3.2758057179415645,1,M,Asian,>70,32.09896112015985,False,False,B_calibrated_240
28,240,58130.41890422923,13.524646598560407,3.2758057179415645,1,F,Caucasian,>70,39.602579408328126,False,False,B_calibrated_240
29,240,34657.848769860146,18.64659737904788,2.6927123001479663,1,M,Caucasian,<=70,36.78281964707165,True,False,B_calibrated_240
30,240,44343.32076529237,14.573805950530755,2.6927123001479663,2,M,Caucasian,>70,32.441811666736506,True,False,B_calibrated_240
31,240,40103.70738878912,16.114493998531657,2.6927123001479663,1,F,Caucasian,<=70,27.698577233964432,True,False,B_calibrated_240
32,240,19987.592683572224,32.33260564523434,2.6927123001479663,1,F,Caucasian,>70,37.980481992645906,True,False,B_calibrated_240
33,240,8979.645232485042,71.9684280730395,2.6927123001479663,0,F,Caucasian,>70,37.092791078933416,True,False,B_calibrated_240
34,240,19740.374504066764,39.82666955705474,3.2758057179415645,1,F,Asian,>70,38.622649823125265,False,False,B_calibrated_240
35,240,18133.3494609656,35.63880756981226,2.6927123001479663,0,F,Caucasian,>70,41.192091602067975,True,False,B_calibrated_240
36,240,16174.77311538917,39.95425143989495,2.6927123001479663,1,F,Caucasian,>70,28.99845635061653,True,False,B_calibrated_240
37,240,29583.822521424514,26.575111168836163,3.2758057179415645,2,F,Caucasian,<=70,41.40115830173055,False,False,B_calibrated_240
38,240,10783.671717574078,59.92865593101475,2.6927123001479663,0,F,Caucasian,<=70,39.62696138971243,True,False,B_calibrated_240
39,240,21018.156643089118,30.747270705492753,2.6927123001479663,1,M,Caucasian,<=70,25.190712669623032,True,False,B_calibrated_240
40,240,7812.981362146225,100.62655161511971,3.2758057179415645,1,F,Caucasian,<=70,40.36181811562268,False,False,B_calibrated_240
41,240,6802.530375168641,95.00155330353681,2.6927123001479663,0,M,Caucasian,>70,37.70011235663881,True,False,B_calibrated_240
42,240,19942.62886315517,39.42275502897716,3.2758057179415645,1,F,Caucasian,>70,36.348054475439554,False,False,B_calibrated_240
43,240,17942.88357584451,43.816445053702694,3.2758057179415645,0,F,Asian,<=70,39.36452037520232,False,False,B_calibrated_240
44,240,10755.431574816641,60.0860084079452,2.6927123001479663,1,M,Caucasian,<=70,38.91574153132125,True,False,B_calibrated_240
45,240,16571.78983752221,38.99705212120518,2.6927123001479663,1,F,Caucasian,<=70,40.55272567811894,True,False,B_calibrated_240
46,240,14407.198534840783,54.56948277659476,3.2758057179415645,0,M,Caucasian,>70,39.795342287142475,False,False,B_calibrated_240
47,240,17071.311973977277,46.05348279642552,3.2758057179415645,0,F,Caucasian,<=70,34.05819038352119,False,False,B_calibrated_240
48,240,16416.673456396566,39.365523944420524,2.6927123001479663,0,M,Asian,<=70,39.02492729123663,True,False,B_calibrated_240
49,240,4653.250400472597,138.88161960290742,2.6927123001479663,1,F,Asian,>70,45.45568634317229,True,False,B_calibrated_240
50,240,13801.505976920038,56.964317779574905,3.2758057179415645,2,M,Caucasian,>70,41.1149749327635,False,False,B_calibrated_240
51,240,11911.27577740928,66.00412810498908,3.2758057179415645,0,M,Caucasian,>70,30.78222335062121,False,False,B_calibrated_240
52,240,16393.017787683642,47.95903856681325,3.2758057179415645,2,M,Asian,<=70,37.21092774549033,False,False,B_calibrated_240
53,240,31334.738984423882,25.090152265087724,3.2758057179415645,1,M,Asian,<=70,30.88933720925273,False,False,B_calibrated_240
54,240,31711.147046469818,24.79233473181781,3.2758057179415645,1,M,Caucasian,>70,35.7472548308462,False,False,B_calibrated_240
55,240,32034.408588177583,24.542153482930946,3.2758057179415645,1,M,Caucasian,<=70,37.52382330297525,False,False,B_calibrated_240
56,240,12835.569067257682,61.25115046994528,3.2758057179415645,0,F,Caucasian,<=70,34.76672476534908,False,False,B_calibrated_240
57,240,26377.632576186545,29.80530455245414,3.2758057179415645,0,F,Caucasian,<=70,43.87040465756979,False,False,B_calibrated_240
58,240,25692.034534318773,30.600666181411135,3.2758057179415645,1,F,Caucasian,<=70,38.90991991009902,False,False,B_calibrated_240
59,240,15725.384554958528,41.09603487132123,2.6927123001479663,1,M,Caucasian,>70,33.990260449665875,True,False,B_calibrated_240
60,240,45292.85236192384,17.358000905390128,3.2758057179415645,0,F,Caucasian,>70,34.102694031168554,False,False,B_calibrated_240
61,240,6666.582481393026,96.93886692908261,2.6927123001479663,1,F,Caucasian,<=70,42.72602736610804,True,False,B_calibrated_240
62,240,28412.65495450025,22.74518002877281,2.6927123001479663,2,F,Caucasian,>70,39.3281948980314,True,False,B_calibrated_240
63,240,10614.078176023497,74.07081041497645,3.2758057179415645,0,M,Caucasian,<=70,36.23303397372086,False,False,B_calibrated_240
64,240,13278.305118764472,59.208864781616775,3.2758057179415645,0,M,Caucasian,>70,35.15338187325501,False,False,B_calibrated_240
65,240,15331.144575293674,51.280800885077795,3.2758057179415645,0,F,Caucasian,<=70,36.50019188954851,False,False,B_calibrated_240
66,240,43545.6171447768,18.054477668604534,3.2758057179415645,1,M,Caucasian,>70,31.641354753194875,False,False,B_calibrated_240
67,240,15296.985003259939,42.24694944119965,2.6927123001479663,0,F,Caucasian,<=70,34.0730400482725,True,False,B_calibrated_240
68,240,16606.200790795476,47.343361808665385,3.2758057179415645,1,M,Caucasian,<=70,40.61641440081045,False,False,B_calibrated_240
69,240,23637.30623424005,27.34029612474956,2.6927123001479663,1,F,Caucasian,>70,38.423473179414295,True,False,B_calibrated_240
70,240,26537.502408701414,29.625748504809916,3.2758057179415645,1,M,Caucasian,<=70,36.66280968540155,False,False,B_calibrated_240
71,240,65553.02202674511,11.99324375900191,3.2758057179415645,1,F,Caucasian,>70,39.87234850299039,False,False,B_calibrated_240
72,240,26126.7544101033,24.735217466797348,2.6927123001479663,2,M,Caucasian,>70,40.038156526959675,True,False,B_calibrated_240
73,240,19930.78696679258,39.44617809702553,3.2758057179415645,2,M,Caucasian,<=70,34.773499006947866,False,False,B_calibrated_240
74,240,29824.305787942398,26.360827235878993,3.2758057179415645,1,M,Caucasian,>70,37.7535151108294,False,False,B_calibrated_240
75,240,27095.708636346226,23.85067542277266,2.6927123001479663,2,F,Caucasian,>70,37.82460134872616,True,False,B_calibrated_240
76,240,22756.72100297874,34.54774403584184,3.2758057179415645,2,F,Caucasian,>70,39.83521338917833,False,False,B_calibrated_240
77,240,8487.529313826759,92.62923793679433,3.2758057179415645,0,F,Caucasian,>70,30.4547817830018,False,False,B_calibrated_240
78,240,5413.45169995239,119.37872319821297,2.6927123001479663,0,M,Caucasian,>70,36.65740285594469,True,False,B_calibrated_240
79,240,15368.280746136925,42.05095955173502,2.6927123001479663,1,F,Caucasian,<=70,33.06079133726942,True,False,B_calibrated_240
80,240,15798.063162058883,49.7651746445806,3.2758057179415645,1,M,Caucasian,<=70,46.029950732466574,False,False,B_calibrated_240
81,240,19439.88571539092,40.44228365414369,3.2758057179415645,1,M,Caucasian,<=70,27.469061075417216,False,False,B_calibrated_240
82,240,13381.665450995033,48.293760922520896,2.6927123001479663,1,M,Asian,>70,43.71675980012785,True,False,B_calibrated_240
83,240,9822.004087441002,65.79624140676614,2.6927123001479663,1,M,Caucasian,>70,33.7819954876432,True,False,B_calibrated_240
84,240,8087.445008122893,97.21158802518423,3.2758057179415645,1,M,Caucasian,<=70,44.622272656000774,False,False,B_calibrated_240
85,240,13195.429340675779,48.97536376807391,2.6927123001479663,1,M,Caucasian,<=70,29.482649115719052,True,False,B_calibrated_240
86,240,40691.338559158066,19.320902190597348,3.2758057179415645,1,F,Caucasian,>70,38.896736529546594,False,False,B_calibrated_240
87,240,56480.325327404156,13.919774146989832,3.2758057179415645,1,F,Asian,>70,29.759418155134473,False,False,B_calibrated_240
88,240,10889.454027645457,72.19768505473621,3.2758057179415645,1,F,Caucasian,>70,42.21696594311773,False,False,B_calibrated_240
89,240,19978.748917195655,39.35148169509758,3.2758057179415645,0,F,Caucasian,<=70,40.07072162035567,False,False,B_calibrated_240
90,240,6011.117667359047,130.7898823167415,3.2758057179415645,2,M,Asian,>70,37.25894795827295,False,False,B_calibrated_240
91,240,31124.084309021524,25.259967956008012,3.2758057179415645,1,M,Caucasian,>70,34.54598505707097,False,False,B_calibrated_240
92,240,32505.386145426306,24.18655692286238,3.2758057179415645,1,M,Caucasian,<=70,29.651062462488337,False,False,B_calibrated_240
93,240,14776.03182612465,53.20734156216098,3.2758057179415645,1,F,Asian,<=70,40.39796018017921,False,False,B_calibrated_240
94,240,10743.029535681291,73.18171933668778,3.2758057179415645,1,M,Caucasian,<=70,36.26875604878178,False,False,B_calibrated_240
95,240,13071.010670078158,60.147864013737696,3.2758057179415645,0,F,Caucasian,>70,41.41521324200836,False,False,B_calibrated_240
96,240,5541.684815811014,141.869016091078,3.2758057179415645,0,M,Caucasian,<=70,43.94817406108959,False,False,B_calibrated_240
97,240,32523.255154604554,19.870426529062158,2.6927123001479663,2,F,Asian,>70,31.842221362259874,True,False,B_calibrated_240
98,240,14684.34833186224,53.53954799615353,3.2758057179415645,2,M,Caucasian,<=70,37.203081013567434,False,False,B_calibrated_240
99,240,5695.172170931785,113.473470623765,2.6927123001479663,0,M,Caucasian,<=70,43.055969651432704,True,False,B_calibrated_240
100,240,36776.665702442144,21.377505472274734,3.2758057179415645,0,F,Caucasian,>70,34.5064806182397,False,False,B_calibrated_240
101,240,15067.34150146611,52.17863896092591,3.2758057179415645,1,M,Caucasian,<=70,41.88463544972112,False,False,B_calibrated_240
102,240,18357.041449275326,42.82789111079835,3.2758057179415645,1,F,Caucasian,>70,31.38265780225646,False,False,B_calibrated_240
103,240,25800.79248656435,25.047717133961843,2.6927123001479663,1,M,Caucasian,>70,46.48365870975062,True,False,B_calibrated_240
104,240,36555.14629627703,21.507050359857143,3.2758057179415645,1,M,Caucasian,>70,39.99861448756284,False,False,B_calibrated_240
105,240,18690.510059500644,42.06377299512714,3.2758057179415645,0,F,Caucasian,>70,43.091278805772994,False,False,B_calibrated_240
106,240,11259.237853630522,57.3973976246651,2.6927123001479663,0,F,Asian,>70,40.375159075759775,True,False,B_calibrated_240
107,240,21687.39219303491,36.25117143214979,3.2758057179415645,1,F,Caucasian,>70,38.128141749367884,False,False,B_calibrated_240
108,240,8721.14567747465,74.10161186788528,2.6927123001479663,1,M,Caucasian,<=70,47.09924108227126,True,False,B_calibrated_240
109,240,9510.444333882437,67.95170965179223,2.6927123001479663,1,F,Asian,>70,41.48299192268011,True,False,B_calibrated_240
110,240,22876.044891994738,34.367539319749135,3.2758057179415645,1,M,Caucasian,>70,44.97164117594276,False,False,B_calibrated_240
111,240,26553.369417213726,29.60804559124277,3.2758057179415645,1,F,Caucasian,<=70,41.10940062743844,False,False,B_calibrated_240
112,240,34417.34895429461,22.84293811676259,3.2758057179415645,0,F,Caucasian,<=70,35.71317007392166,False,False,B_calibrated_240
113,240,13905.222922235189,46.47541112067483,2.6927123001479663,1,F,Caucasian,>70,44.23626571733989,True,False,B_calibrated_240
114,240,34861.81070099193,18.537503905874974,2.6927123001479663,2,M,Caucasian,<=70,33.66010168769085,True,False,B_calibrated_240
115,240,7704.1373656127125,102.04820280270914,3.2758057179415645,1,M,Caucasian,>70,36.58268296938344,False,False,B_calibrated_240
116,240,13826.604718679064,56.86091331184631,3.2758057179415645,0,M,Caucasian,<=70,34.0900645075329,False,False,B_calibrated_240
117,240,13528.914699885183,58.1120799226155,3.2758057179415645,1,M,Caucasian,<=70,41.41178058324782,False,False,B_calibrated_240
118,240,8437.298861331405,76.59453133719309,2.6927123001479663,2,F,Asian,<=70,44.67090549438153,True,False,B_calibrated_240
119,240,12885.713944856338,61.01279103900988,3.2758057179415645,0,M,Caucasian,<=70,44.034050386302525,False,False,B_calibrated_240
120,240,13520.86158611927,58.146691858238825,3.2758057179415645,2,F,Caucasian,>70,34.26080714044325,False,False,B_calibrated_240
121,240,58351.58807889805,11.075121917191119,2.6927123001479663,1,F,Caucasian,>70,26.58751725747617,True,False,B_calibrated_240
122,240,31771.229952645223,20.340759643197448,2.6927123001479663,1,F,Caucasian,>70,36.35233342388599,True,False,B_calibrated_240
123,240,30353.78935397887,25.900995857142256,3.2758057179415645,0,F,Caucasian,>70,28.578980696990346,False,False,B_calibrated_240
124,240,7317.096234063185,107.44608887963226,3.2758057179415645,1,F,Caucasian,>70,44.10227505869389,False,False,B_calibrated_240
125,240,40854.78740561828,19.243604537711036,3.2758057179415645,1,F,Caucasian,>70,43.86702732915255,False,False,B_calibrated_240
126,240,17618.4814434661,44.623219931223936,3.2758057179415645,0,F,Asian,>70,32.83125607162583,False,False,B_calibrated_240
127,240,24469.918160472676,32.128974324726094,3.2758057179415645,1,F,Caucasian,<=70,31.943816208519163,False,False,B_calibrated_240
128,240,42850.600616312426,18.347312779711338,3.2758057179415645,0,M,Caucasian,<=70,38.6282120724657,False,False,B_calibrated_240
129,240,19336.501609060408,40.65851146194887,3.2758057179415645,1,M,Caucasian,>70,35.259607326825034,False,False,B_calibrated_240
130,240,13312.851074514681,59.0552217481811,3.2758057179415645,1,M,Caucasian,>70,35.791175242715944,False,False,B_calibrated_240
131,240,42843.47491160202,18.35036429533577,3.2758057179415645,1,M,Caucasian,>70,35.65602826925104,False,False,B_calibrated_240
132,240,16532.547441251285,39.08961727356154,2.6927123001479663,1,M,Caucasian,<=70,32.07402744689849,True,False,B_calibrated_240
133,240,15589.601400015332,50.430626937338005,3.2758057179415645,0,F,Caucasian,>70,35.97068216789384,False,False,B_calibrated_240
134,240,26071.295835451296,24.787833950192496,2.6927123001479663,1,M,Caucasian,<=70,40.39247442120988,True,False,B_calibrated_240
135,240,7830.609252823383,82.52882134330754,2.6927123001479663,0,F,Asian,>70,31.31221885620748,True,False,B_calibrated_240
136,240,31015.46497109036,25.34843095335793,3.2758057179415645,0,F,Caucasian,>70,37.80416262282626,False,False,B_calibrated_240
137,240,44779.15395495301,17.557128772394208,3.2758057179415645,0,M,Caucasian,>70,34.146068385946236,False,False,B_calibrated_240
138,240,16209.742518007914,48.50128689166829,3.2758057179415645,0,M,Caucasian,>70,33.786558810456015,False,False,B_calibrated_240
139,240,8323.297479630997,94.45695942383047,3.2758057179415645,1,M,Caucasian,>70,41.76179644178678,False,False,B_calibrated_240
140,240,14520.55366904029,44.505944247387966,2.6927123001479663,1,M,Caucasian,<=70,51.0,True,False,B_calibrated_240
141,240,11881.506271105973,54.39133198179565,2.6927123001479663,1,M,Caucasian,>70,43.559713669139775,True,False,B_calibrated_240
142,240,22068.7378886909,29.2835483068872,2.6927123001479663,1,M,Caucasian,>70,35.17436532391276,True,False,B_calibrated_240
143,240,33306.69120147004,23.604667529126264,3.2758057179415645,0,M,Caucasian,<=70,28.04775493887163,False,False,B_calibrated_240
144,240,12023.633910620123,65.38733449057808,3.2758057179415645,0,M,Caucasian,<=70,44.756663020212535,False,False,B_calibrated_240
145,240,11257.718526237892,57.40514390454175,2.6927123001479663,1,F,Caucasian,<=70,45.315305121742455,True,False,B_calibrated_240
146,240,21375.79216728499,30.23284222535526,2.6927123001479663,0,F,Caucasian,<=70,38.493982335533936,True,False,B_calibrated_240
147,240,12463.608623301654,51.85103059376376,2.6927123001479663,0,F,Caucasian,<=70,36.07979162910921,True,False,B_calibrated_240
148,240,26194.367176991494,30.013833393789675,3.2758057179415645,1,M,Caucasian,<=70,41.73789440252385,False,False,B_calibrated_240
149,240,16417.18320986455,39.364301645071535,2.6927123001479663,2,M,Asian,>70,42.6253439408765,True,False,B_calibrated_240
150,240,16888.538304979764,38.26565333039852,2.6927123001479663,1,F,Asian,<=70,40.93789202086646,True,False,B_calibrated_240
151,240,26060.092210997525,30.168480062944553,3.2758057179415645,1,M,Caucasian,>70,41.83506564739503,False,False,B_calibrated_240
152,240,22662.700184813082,34.69107237419246,3.2758057179415645,0,F,Caucasian,>70,41.75158541356959,False,False,B_calibrated_240
153,240,23951.06264288704,32.8249891885051,3.2758057179415645,1,M,Caucasian,>70,32.9568518183539,False,False,B_calibrated_240
154,240,10119.773543816456,63.86021873289786,2.6927123001479663,1,F,Caucasian,<=70,40.670901440592765,True,False,B_calibrated_240
155,240,5796.41688028424,111.49145504590096,2.6927123001479663,0,F,Caucasian,<=70,43.73149913529972,True,False,B_calibrated_240
156,240,18378.967712272366,42.77679707663901,3.2758057179415645,1,F,Asian,<=70,38.96559287336814,False,False,B_calibrated_240
157,240,33809.821241716774,19.11429662450049,2.6927123001479663,1,F,Caucasian,>70,34.194313014424864,True,False,B_calibrated_240
158,240,8415.58304009827,93.42114129941433,3.2758057179415645,1,M,Caucasian,<=70,41.15453306677493,False,False,B_calibrated_240
159,240,24891.8409850833,25.962360615383353,2.6927123001479663,1,M,Caucasian,>70,36.4474010765879,True,False,B_calibrated_240
160,240,20534.99941978208,38.28553175163998,3.2758057179415645,0,M,Caucasian,<=70,36.21207049385458,False,False,B_calibrated_240
161,240,14811.704854473239,53.0791951386028,3.2758057179415645,0,M,Caucasian,>70,35.04964053784198,False,False,B_calibrated_240
162,240,5778.585929913199,136.05289976500964,3.2758057179415645,1,F,Caucasian,<=70,39.40603923186387,False,False,B_calibrated_240
163,240,7463.456537177832,86.58869369927083,2.6927123001479663,0,F,Caucasian,<=70,40.87501955446309,True,False,B_calibrated_240
164,240,20650.18678357886,38.07197390249083,3.2758057179415645,0,F,Caucasian,<=70,37.82466202306795,False,False,B_calibrated_240
165,240,21220.725511940564,37.048373858075536,3.2758057179415645,1,M,Caucasian,>70,34.86376234958177,False,False,B_calibrated_240
166,240,24529.47271218923,32.05096911501481,3.2758057179415645,1,M,Asian,>70,31.445731885332172,False,False,B_calibrated_240
167,240,26128.078731607082,30.089980223265286,3.2758057179415645,0,F,Caucasian,<=70,35.95662510105106,False,False,B_calibrated_240
168,240,30653.229122597415,25.64797885278577,3.2758057179415645,2,M,Caucasian,>70,40.86291052867355,False,False,B_calibrated_240
169,240,8719.395576732943,74.11648506462815,2.6927123001479663,1,M,Caucasian,<=70,35.75115120880994,True,False,B_calibrated_240
170,240,25770.70664368952,25.076958927463465,2.6927123001479663,0,F,Caucasian,<=70,39.42191766343325,True,False,B_calibrated_240
171,240,13152.40229634097,49.135582798839756,2.6927123001479663,1,F,Caucasian,<=70,44.3419844980742,True,False,B_calibrated_240
172,240,11845.369119066949,54.557265842840756,2.6927123001479663,1,F,Caucasian,<=70,44.052011090907946,True,False,B_calibrated_240
173,240,36480.848751491816,21.55085200077275,3.2758057179415645,1,M,Caucasian,>70,41.14464832208451,False,False,B_calibrated_240
174,240,21433.767694945123,36.68012938720937,3.2758057179415645,1,F,Caucasian,<=70,45.62507196612871,False,False,B_calibrated_240
175,240,8834.80721338981,88.9881752161429,3.2758057179415645,0,M,Caucasian,<=70,38.85292398275599,False,False,B_calibrated_240
176,240,7835.260859211139,100.34042087848624,3.2758057179415645,0,M,Caucasian,<=70,36.16553317985206,False,False,B_calibrated_240
177,240,35353.18802101983,22.238259583224323,3.2758057179415645,1,F,Asian,>70,40.8863019820004,False,False,B_calibrated_240
178,240,87360.11291781743,8.999454625769243,3.2758057179415645,1,F,Caucasian,>70,34.98365593153761,False,False,B_calibrated_240
179,240,25089.31800108516,31.335780919671514,3.2758057179415645,0,M,Caucasian,<=70,36.77169784986873,False,False,B_calibrated_240
180,240,18574.596129840087,42.32627007394017,3.2758057179415645,1,F,Caucasian,>70,37.66030129817796,False,False,B_calibrated_240
181,240,25396.527032849146,25.446430183135607,2.6927123001479663,1,F,Caucasian,<=70,35.13872397253325,True,False,B_calibrated_240
182,240,7327.153181708699,88.19945973680403,2.6927123001479663,0,M,Asian,<=70,31.05947174870043,True,False,B_calibrated_240
183,240,9759.494181461741,66.21766866392237,2.6927123001479663,1,M,Caucasian,<=70,47.019062685671976,True,False,B_calibrated_240
184,240,17974.383506339233,35.95399818901111,2.6927123001479663,0,M,Caucasian,>70,37.524640383837024,True,False,B_calibrated_240
185,240,5314.89229617216,147.92272890876828,3.2758057179415645,1,M,Caucasian,<=70,44.3222386378623,False,False,B_calibrated_240
186,240,15718.784672807942,50.016167831729256,3.2758057179415645,0,F,Caucasian,<=70,35.618739018770796,False,False,B_calibrated_240
187,240,15270.46485919501,51.4845736233481,3.2758057179415645,0,F,Caucasian,>70,32.57802036113131,False,False,B_calibrated_240
188,240,20074.947927511505,39.16290966954613,3.2758057179415645,0,F,Caucasian,<=70,41.36792458058461,False,False,B_calibrated_240
189,240,6193.280768830475,104.34711038581713,2.6927123001479663,1,F,Asian,<=70,39.681668370785324,True,False,B_calibrated_240
190,240,22324.486263753934,35.21663894153928,3.2758057179415645,1,M,Caucasian,>70,34.61492878975933,False,False,B_calibrated_240
191,240,15426.445751878076,41.892407520820846,2.6927123001479663,1,M,Caucasian,>70,41.8485807970405,True,False,B_calibrated_240
192,240,16529.337918361278,39.09720735502886,2.6927123001479663,1,M,Caucasian,>70,38.25705235651595,True,False,B_calibrated_240
193,240,11911.754044895533,66.00147798072425,3.2758057179415645,1,F,Caucasian,>70,31.85655406852792,False,False,B_calibrated_240
194,240,16595.37612627761,47.37424245908434,3.2758057179415645,1,M,Caucasian,<=70,40.98412990342678,False,False,B_calibrated_240
195,240,27725.004910915526,23.30931785628209,2.6927123001479663,0,M,Caucasian,<=70,38.10227814416925,True,False,B_calibrated_240
196,240,28023.799351263697,28.054489059511592,3.2758057179415645,1,F,Asian,>70,37.16406551350489,False,False,B_calibrated_240
197,240,18201.741775522798,35.50489618002231,2.6927123001479663,0,M,Caucasian,<=70,34.791411186666025,True,False,B_calibrated_240
198,240,30232.64798873393,21.37592950099292,2.6927123001479663,1,F,Caucasian,<=70,32.522502205325424,True,False,B_calibrated_240
199,240,31999.798617055363,24.568697500707003,3.2758057179415645,1,F,Caucasian,>70,33.001183844120376,False,False,B_calibrated_240
200,240,16561.64031846585,39.0209508000821,2.6927123001479663,0,F,Caucasian,>70,38.5029713894336,True,False,B_calibrated_240
201,240,30446.882646257203,25.821801904656443,3.2758057179415645,1,F,Caucasian,>70,35.69455204255021,False,False,B_calibrated_240
202,240,20193.958379205233,38.93210818516689,3.2758057179415645,0,F,Caucasian,>70,42.66775042426517,False,False,B_calibrated_240
203,240,19890.141087126045,32.49101900306779,2.6927123001479663,0,M,Asian,<=70,42.75567307197514,True,False,B_calibrated_240
204,240,23089.94240883711,34.04916991066548,3.2758057179415645,1,M,Caucasian,<=70,41.20171664014518,False,False,B_calibrated_240
205,240,10864.73084009196,72.36197415998951,3.2758057179415645,0,F,Caucasian,>70,35.237522658080806,False,False,B_calibrated_240
206,240,10880.304642551255,72.25839699665117,3.2758057179415645,0,F,Caucasian,<=70,27.954994013522935,False,False,B_calibrated_240
207,240,12314.956885862308,52.47691551217807,2.6927123001479663,1,M,Caucasian,>70,38.204898132558334,True,False,B_calibrated_240
208,240,42279.72081637425,15.285128178642784,2.6927123001479663,1,F,Caucasian,>70,30.14114257193235,True,False,B_calibrated_240
209,240,10377.598659314346,75.7586989163753,3.2758057179415645,2,F,Asian,>70,51.0,False,False,B_calibrated_240
210,240,13165.917659399385,59.71428598026343,3.2758057179415645,1,M,Caucasian,>70,33.18855728700083,False,False,B_calibrated_240
211,240,20140.816368320466,32.086631456111256,2.6927123001479663,1,M,Asian,<=70,29.805933684377585,True,False,B_calibrated_240
212,240,40976.72322754034,19.186340692502647,3.2758057179415645,2,M,Caucasian,>70,35.400738144866985,False,False,B_calibrated_240
213,240,24516.58487097606,32.06781761992919,3.2758057179415645,1,F,Caucasian,>70,35.40345360526958,False,False,B_calibrated_240
214,240,12862.420291767312,61.1232843020364,3.2758057179415645,1,M,Caucasian,<=70,39.21053306528654,False,False,B_calibrated_240
215,240,8662.745386053513,90.75568278524015,3.2758057179415645,1,M,Caucasian,>70,36.038243807397244,False,False,B_calibrated_240
216,240,25364.962635279913,30.995250559228726,3.2758057179415645,1,M,Caucasian,<=70,43.8211151338765,False,False,B_calibrated_240
217,240,10658.110763606754,73.76479657075022,3.2758057179415645,0,F,Caucasian,<=70,37.49983674818989,False,False,B_calibrated_240
218,240,20744.88128365572,31.152309005724415,2.6927123001479663,0,M,Caucasian,>70,46.41855165017491,True,False,B_calibrated_240
219,240,27937.926290419517,28.140720400410576,3.2758057179415645,1,F,Caucasian,<=70,39.62619739369545,False,False,B_calibrated_240
220,240,29339.020386654312,26.796851494864427,3.2758057179415645,1,M,Caucasian,>70,34.841951411330776,False,False,B_calibrated_240
221,240,16316.02742309671,39.60835167025334,2.6927123001479663,1,F,Asian,>70,39.95298923593476,True,False,B_calibrated_240
222,240,11465.799098859008,68.56856338815597,3.2758057179415645,1,M,Caucasian,>70,43.199011727314954,False,False,B_calibrated_240
223,240,46922.226117628976,13.772811000386689,2.6927123001479663,1,M,Caucasian,<=70,22.484043303761744,True,False,B_calibrated_240
224,240,24990.299273799028,31.459942263686955,3.2758057179415645,1,F,Caucasian,>70,42.54053804232988,False,False,B_calibrated_240
225,240,7103.099656373203,90.9815409186422,2.6927123001479663,0,F,Caucasian,<=70,35.04247665826842,True,False,B_calibrated_240
226,240,20687.46634263342,38.003366835007824,3.2758057179415645,1,M,Caucasian,<=70,36.54215974513585,False,False,B_calibrated_240
227,240,22649.08409421583,34.711927821697444,3.2758057179415645,2,M,Caucasian,>70,39.08707603754748,False,False,B_calibrated_240
228,240,19060.182930855244,33.90581057799502,2.6927123001479663,0,F,Caucasian,>70,40.40360313176122,True,False,B_calibrated_240
229,240,12484.083671648674,62.9756570833804,3.2758057179415645,0,F,Caucasian,<=70,32.949026887566966,False,False,B_calibrated_240
230,240,12095.075352909736,65.00111403744495,3.2758057179415645,1,F,Asian,<=70,41.09494618537238,False,False,B_calibrated_240
231,240,19067.90231926805,41.23124605644375,3.2758057179415645,1,F,Caucasian,<=70,35.65004178345716,False,False,B_calibrated_240
232,240,28127.610035339832,22.975679456006226,2.6927123001479663,1,M,Caucasian,>70,36.60152916115713,True,False,B_calibrated_240
233,240,35760.95683927408,21.984685025053558,3.2758057179415645,1,F,Caucasian,<=70,36.216193944946575,False,False,B_calibrated_240
234,240,28320.982414742608,27.760102414269326,3.2758057179415645,1,F,Caucasian,<=70,28.569654355150064,False,False,B_calibrated_240
235,240,15804.698607247587,49.744281232003345,3.2758057179415645,1,M,Asian,<=70,39.9071977058093,False,False,B_calibrated_240
236,240,31869.05817597811,24.669488755038994,3.2758057179415645,1,M,Caucasian,<=70,38.53962551500372,False,False,B_calibrated_240
237,240,8408.747572320595,93.49708331047053,3.2758057179415645,0,M,Caucasian,<=70,37.810021852906566,False,False,B_calibrated_240
238,240,30737.172194750758,25.5779343436232,3.2758057179415645,1,F,Caucasian,>70,29.104746026921894,False,False,B_calibrated_240
239,240,48357.518110858924,16.257934712522637,3.2758057179415645,1,F,Caucasian,<=70,32.669945117892595,False,False,B_calibrated_240
240,240,12031.748362971082,65.34323596108149,3.2758057179415645,0,M,Caucasian,<=70,39.736004307463986,False,False,B_calibrated_240
241,240,21579.16461940506,36.432984602146796,3.2758057179415645,0,M,Caucasian,<=70,34.833930740356365,False,False,B_calibrated_240
242,240,33555.92865886526,19.258920192774237,2.6927123001479663,1,M,Caucasian,>70,41.05953336330829,True,False,B_calibrated_240
243,240,11718.444848411627,67.09024810681596,3.2758057179415645,0,F,Caucasian,<=70,38.81054968131906,False,False,B_calibrated_240
244,240,15703.896194441299,41.15226845833743,2.6927123001479663,1,F,Asian,<=70,39.72754606202296,True,False,B_calibrated_240
245,240,6658.268419146125,118.07775277506748,3.2758057179415645,1,M,Caucasian,<=70,40.34047312329029,False,False,B_calibrated_240
246,240,10897.529027261631,59.30252173853618,2.6927123001479663,1,F,Caucasian,<=70,34.988004782518864,True,False,B_calibrated_240
247,240,7309.761667097731,88.40930545579599,2.6927123001479663,1,F,Caucasian,<=70,45.92821333041078,True,False,B_calibrated_240
248,240,22641.434008433404,34.723656284895064,3.2758057179415645,0,F,Caucasian,<=70,35.827026187292915,False,False,B_calibrated_240
249,240,34452.79720266719,18.757575712473116,2.6927123001479663,2,M,Caucasian,>70,32.96321286779201,True,False,B_calibrated_240
250,240,21842.826257728957,35.99320724477152,3.2758057179415645,1,F,Caucasian,>70,35.52844278741691,False,False,B_calibrated_240
251,240,6254.496353099801,103.32581802773333,2.6927123001479663,0,M,Asian,<=70,38.43100168380742,True,False,B_calibrated_240
252,240,10655.554273650263,73.7824942856445,3.2758057179415645,0,M,Caucasian,<=70,35.94713291695695,False,False,B_calibrated_240
253,240,39413.3957450009,16.396733643978923,2.6927123001479663,1,M,Caucasian,<=70,32.020493104391186,True,False,B_calibrated_240
254,240,21255.535628662918,36.98769986514948,3.2758057179415645,1,M,Caucasian,<=70,28.127645849371188,False,False,B_calibrated_240
255,240,22545.27961620542,34.87175079172068,3.2758057179415645,1,M,Caucasian,>70,29.463623367231136,False,False,B_calibrated_240
256,240,18089.05263260039,43.46238513835074,3.2758057179415645,0,M,Caucasian,>70,42.6743106811595,False,False,B_calibrated_240
257,240,13610.93993745159,57.761872135127234,3.2758057179415645,0,M,Asian,>70,34.13637731349765,False,False,B_calibrated_240
258,240,23283.735118318735,33.765775478498256,3.2758057179415645,1,F,Caucasian,>70,37.2421577737808,False,False,B_calibrated_240
259,240,56554.385522308236,13.901545654595726,3.2758057179415645,0,F,Caucasian,>70,31.84525047455477,False,False,B_calibrated_240
260,240,45916.11144374246,17.12238575057121,3.2758057179415645,0,M,Caucasian,>70,41.656881013242526,False,False,B_calibrated_240
261,240,34217.587788321376,18.886514035804723,2.6927123001479663,1,M,Caucasian,<=70,29.453020247501577,True,False,B_calibrated_240
262,240,20687.702553826,38.00293291439345,3.2758057179415645,0,F,Caucasian,>70,33.63120954393784,False,False,B_calibrated_240
263,240,42717.77134053894,18.40436304690554,3.2758057179415645,0,M,Caucasian,>70,42.870506311248185,False,False,B_calibrated_240
264,240,30313.80336452525,25.935161050296276,3.2758057179415645,1,M,Caucasian,<=70,34.26360243744529,False,False,B_calibrated_240
265,240,15334.404194548157,51.26990017554715,3.2758057179415645,1,F,Caucasian,>70,28.906054591927266,False,False,B_calibrated_240
266,240,22712.330244600696,28.453749354456587,2.6927123001479663,0,M,Asian,>70,38.77548676698689,True,False,B_calibrated_240
267,240,20596.820350988237,38.17061851822453,3.2758057179415645,1,M,Caucasian,<=70,31.88158425861216,False,False,B_calibrated_240
268,240,8297.606238399741,77.88402262869327,2.6927123001479663,0,F,Asian,<=70,41.872631337464924,True,False,B_calibrated_240
269,240,9223.63856177323,85.23679316363314,3.2758057179415645,2,M,Asian,<=70,44.90130710571493,False,False,B_calibrated_240
270,240,9915.254617730445,79.2912943355086,3.2758057179415645,1,F,Caucasian,<=70,41.396902869263265,False,False,B_calibrated_240
271,240,28039.257370687956,23.048076612439033,2.6927123001479663,1,M,Asian,>70,33.39841437000605,True,False,B_calibrated_240
272,240,18122.68598283613,35.65977762057852,2.6927123001479663,1,M,Caucasian,<=70,34.480858045873994,True,False,B_calibrated_240
273,240,13543.577884936782,47.716412717962406,2.6927123001479663,1,M,Caucasian,>70,39.460101404511214,True,False,B_calibrated_240
274,240,13490.724304768575,58.2765872717508,3.2758057179415645,1,F,Asian,<=70,36.87963908772577,False,False,B_calibrated_240
275,240,21698.41758297587,36.23275150363068,3.2758057179415645,1,M,Caucasian,>70,39.54180506278254,False,False,B_calibrated_240
276,240,18359.114015739975,42.82305625597954,3.2758057179415645,1,M,Asian,>70,39.92404280198223,False,False,B_calibrated_240
277,240,16033.054025870286,49.03578388979453,3.2758057179415645,1,F,Caucasian,<=70,26.051441175575114,False,False,B_calibrated_240
278,240,44030.93566761277,14.677202340509556,2.6927123001479663,2,M,Caucasian,>70,31.47875802960435,True,False,B_calibrated_240
279,240,27464.93989473177,23.53003336298848,2.6927123001479663,1,M,Caucasian,>70,39.44173840401101,True,False,B_calibrated_240
280,240,25485.572923377185,30.848565761879453,3.2758057179415645,1,M,Caucasian,<=70,41.56695724326918,False,False,B_calibrated_240
281,240,5619.723306023352,139.89894688646234,3.2758057179415645,1,M,Caucasian,<=70,43.66853236990983,False,False,B_calibrated_240
282,240,19113.94943423086,41.131916510043425,3.2758057179415645,1,F,Caucasian,>70,32.25554739274787,False,False,B_calibrated_240
283,240,15823.091430218858,49.686458286179615,3.2758057179415645,1,F,Caucasian,>70,38.816981590869126,False,False,B_calibrated_240
284,240,67150.00164295793,9.623990115021607,2.6927123001479663,1,F,Caucasian,<=70,37.51730538791213,True,False,B_calibrated_240
285,240,10969.67362463316,58.91250497957485,2.6927123001479663,1,F,Caucasian,<=70,43.92315560515188,True,False,B_calibrated_240
286,240,24717.15257036235,31.807602840493775,3.2758057179415645,1,F,Caucasian,<=70,30.081402410671352,False,False,B_calibrated_240
287,240,21425.771814324024,30.16231842828953,2.6927123001479663,2,F,Caucasian,>70,35.10033925104199,True,False,B_calibrated_240
288,240,21194.284305523925,37.09459404114286,3.2758057179415645,1,F,Asian,<=70,38.44991283837023,False,False,B_calibrated_240
289,240,14309.682796172296,45.16179437662852,2.6927123001479663,1,F,Caucasian,>70,34.53447937217512,True,False,B_calibrated_240
290,240,29895.55631230927,26.298001083935887,3.2758057179415645,1,M,Caucasian,>70,41.21841724192575,False,False,B_calibrated_240
291,240,19067.97519045157,33.891954734613186,2.6927123001479663,0,M,Caucasian,>70,38.388434320913646,True,False,B_calibrated_240
292,240,22483.22303009253,34.96800130718358,3.2758057179415645,1,M,Caucasian,>70,39.246855496293634,False,False,B_calibrated_240
293,240,14884.663974502517,52.819020547103214,3.2758057179415645,1,M,Caucasian,<=70,38.59846205456943,False,False,B_calibrated_240
294,240,8922.985409466253,88.10878156002758,3.2758057179415645,1,M,Caucasian,<=70,39.152845015294446,False,False,B_calibrated_240
295,240,74355.25431669106,10.573474323111729,3.2758057179415645,0,M,Caucasian,>70,31.815751529154742,False,False,B_calibrated_240
296,240,34686.4100146216,22.665746382360297,3.2758057179415645,1,M,Caucasian,>70,32.91498256718613,False,False,B_calibrated_240
297,240,73118.15096771688,10.752369444532253,3.2758057179415645,2,F,Caucasian,<=70,29.250040583404193,False,False,B_calibrated_240
298,240,24072.328536421755,32.65963120752753,3.2758057179415645,1,M,Caucasian,>70,38.35184482839137,False,False,B_calibrated_240
299,240,9831.99135207355,65.72940606779711,2.6927123001479663,1,M,Caucasian,<=70,42.65992960724662,True,False,B_calibrated_240
300,240,7625.65154769175,103.09851786290348,3.2758057179415645,1,F,Caucasian,<=70,46.70971741265439,False,False,B_calibrated_240
301,240,22146.03807301726,29.18133482407873,2.6927123001479663,0,M,Caucasian,<=70,38.18884951046961,True,False,B_calibrated_240
302,240,19123.517059575173,33.793519781024436,2.6927123001479663,0,F,Caucasian,>70,28.615946309193667,True,False,B_calibrated_240
303,240,39484.68095598211,16.3671311604609,2.6927123001479663,2,M,Caucasian,<=70,31.352041365756442,True,False,B_calibrated_240
304,240,11471.057318485784,56.33752269671503,2.6927123001479663,1,M,Caucasian,>70,36.453328916897334,True,False,B_calibrated_240
305,240,43597.272659071816,18.03308611650923,3.2758057179415645,1,F,Caucasian,>70,38.228686920435074,False,False,B_calibrated_240
306,240,18986.91171850721,41.40712212506077,3.2758057179415645,2,F,Caucasian,<=70,44.31313490074977,False,False,B_calibrated_240
307,240,42206.02666597646,18.627514466784657,3.2758057179415645,1,F,Caucasian,<=70,33.78624222224038,False,False,B_calibrated_240
308,240,30490.40570840724,25.784942969427107,3.2758057179415645,2,F,Caucasian,>70,41.09172105989241,False,False,B_calibrated_240
309,240,23311.723311311805,33.725236088594194,3.2758057179415645,2,M,Caucasian,>70,32.29098469516651,False,False,B_calibrated_240
310,240,28148.28112187878,22.9588069423252,2.6927123001479663,0,F,Caucasian,<=70,42.22910179559906,True,False,B_calibrated_240
311,240,21852.828808482995,35.97673231214739,3.2758057179415645,1,F,Asian,>70,31.1401869495871,False,False,B_calibrated_240
312,240,22559.42724078262,34.849881777348756,3.2758057179415645,0,F,Caucasian,>70,38.55481507850032,False,False,B_calibrated_240
313,240,7264.792665366439,108.21965725931967,3.2758057179415645,0,F,Caucasian,>70,48.90377897219144,False,False,B_calibrated_240
314,240,23681.927157694106,33.19803186078741,3.2758057179415645,2,M,Caucasian,>70,43.04200555522394,False,False,B_calibrated_240
315,240,13521.59595916367,58.143533846177924,3.2758057179415645,0,F,Caucasian,<=70,45.447536094650985,False,False,B_calibrated_240
316,240,5867.973127540662,110.13188676723942,2.6927123001479663,1,M,Asian,<=70,36.40051653576443,True,False,B_calibrated_240
317,240,39853.3382089941,16.21572949915814,2.6927123001479663,0,F,Caucasian,>70,39.2404283149793,True,False,B_calibrated_240
318,240,9019.331528342931,71.65175711799606,2.6927123001479663,1,F,Caucasian,<=70,40.80912956385039,True,False,B_calibrated_240
319,240,7987.9854085627785,80.90287087189199,2.6927123001479663,0,F,Caucasian,<=70,45.30108193989957,True,False,B_calibrated_240
320,240,7269.985574737616,108.14235657329351,3.2758057179415645,1,F,Caucasian,<=70,35.14016246633659,False,False,B_calibrated_240
321,240,15146.084013833635,51.907369032675895,3.2758057179415645,0,M,Asian,<=70,34.23005471382565,False,False,B_calibrated_240
322,240,37778.67959422892,20.81050425134696,3.2758057179415645,1,F,Caucasian,>70,39.566241602781616,False,False,B_calibrated_240
323,240,10225.255391394876,76.88740693631976,3.2758057179415645,1,F,Caucasian,>70,41.1025852483746,False,False,B_calibrated_240
324,240,9708.395719478644,66.56619391182137,2.6927123001479663,0,M,Asian,>70,40.01837337213654,True,False,B_calibrated_240
325,240,26977.772352494274,29.14226430683357,3.2758057179415645,0,M,Caucasian,>70,31.605189806729822,False,False,B_calibrated_240
326,240,15045.849322653163,52.25317331353809,3.2758057179415645,1,M,Caucasian,>70,35.554339751452126,False,False,B_calibrated_240
327,240,21909.861237370893,35.88308313724016,3.2758057179415645,0,F,Caucasian,<=70,42.318028947671706,False,False,B_calibrated_240
328,240,18441.628476484213,35.04305234538137,2.6927123001479663,1,M,Caucasian,<=70,35.79747905591502,True,False,B_calibrated_240
329,240,9156.08720454461,70.58156367435494,2.6927123001479663,1,M,Caucasian,<=70,42.90341698060463,True,False,B_calibrated_240
330,240,23705.736778138278,33.16468834797038,3.2758057179415645,0,M,Caucasian,>70,43.36229129380763,False,False,B_calibrated_240
331,240,14441.907707444738,54.43833240262963,3.2758057179415645,0,M,Asian,>70,43.23253127436362,False,False,B_calibrated_240
332,240,22413.91161876421,35.07613421870547,3.2758057179415645,1,M,Caucasian,>70,41.04532404834083,False,False,B_calibrated_240
333,240,31942.291528350386,24.612929589230923,3.2758057179415645,0,F,Caucasian,>70,43.22957676715776,False,False,B_calibrated_240
334,240,60582.49909112648,12.97723573805375,3.2758057179415645,2,M,Caucasian,>70,43.48244987039406,False,False,B_calibrated_240
335,240,24111.843035481663,32.606108589420415,3.2758057179415645,0,F,Asian,>70,34.25903452286177,False,False,B_calibrated_240
336,240,15900.354720495907,40.64380722289675,2.6927123001479663,1,M,Caucasian,>70,44.25211556139085,True,False,B_calibrated_240
337,240,12382.523068282057,63.492179095536414,3.2758057179415645,0,M,Asian,>70,28.105892569055733,False,False,B_calibrated_240
338,240,42635.6666428351,18.439804844428174,3.2758057179415645,1,M,Caucasian,<=70,34.561311482111186,False,False,B_calibrated_240
339,240,18823.371645183543,34.33236957847944,2.6927123001479663,1,F,Caucasian,<=70,37.710900016870035,True,False,B_calibrated_240
340,240,17831.754086548208,44.089514048371626,3.2758057179415645,1,F,Caucasian,>70,37.063514458834845,False,False,B_calibrated_240
341,240,19702.710684274924,39.90280245719946,3.2758057179415645,2,M,Asian,<=70,32.4510279145735,False,False,B_calibrated_240
342,240,29496.02517355345,21.90976405237644,2.6927123001479663,0,M,Asian,>70,36.656083975031486,True,False,B_calibrated_240
343,240,19547.709099378822,33.06018872851183,2.6927123001479663,1,F,Caucasian,>70,32.03078424876358,True,False,B_calibrated_240
344,240,20813.174049694397,37.773833555075626,3.2758057179415645,0,M,Caucasian,<=70,35.18854919237692,False,False,B_calibrated_240
345,240,11101.548367977624,58.21268625011088,2.6927123001479663,1,M,Caucasian,<=70,40.452775658958146,True,False,B_calibrated_240
346,240,37210.35360773016,17.367503648265743,2.6927123001479663,1,M,Caucasian,>70,33.57517303343768,True,False,B_calibrated_240
347,240,47468.08052199974,13.614431949402249,2.6927123001479663,0,M,Caucasian,>70,32.88437914890801,True,False,B_calibrated_240
348,240,12676.644037944207,62.01904620439857,3.2758057179415645,1,M,Asian,>70,42.46393127490114,False,False,B_calibrated_240
349,240,15252.3790026905,42.370501803129464,2.6927123001479663,0,M,Caucasian,>70,38.01380682928083,True,False,B_calibrated_240
350,240,18855.165987975328,41.6964439776007,3.2758057179415645,0,M,Caucasian,<=70,35.926694187302566,False,False,B_calibrated_240
351,240,17276.751018668776,45.50585763818885,3.2758057179415645,1,M,Caucasian,>70,39.65603627057034,False,False,B_calibrated_240
352,240,27034.6989432156,23.90449967254729,2.6927123001479663,1,M,Caucasian,<=70,32.88596746018026,True,False,B_calibrated_240
353,240,19185.908002218963,40.97764735529054,3.2758057179415645,1,M,Caucasian,<=70,34.80743618589862,False,False,B_calibrated_240
354,240,11138.82336737923,58.01788310317407,2.6927123001479663,1,M,Caucasian,<=70,31.833648114725765,True,False,B_calibrated_240
355,240,12193.435978283393,64.47677042846595,3.2758057179415645,1,M,Caucasian,<=70,41.82353882065002,False,False,B_calibrated_240
356,240,17917.98231067383,43.87733834504549,3.2758057179415645,0,F,Caucasian,>70,34.52288644145451,False,False,B_calibrated_240
357,240,11765.174897815672,54.9291411006134,2.6927123001479663,1,M,Caucasian,<=70,42.40858496458725,True,False,B_calibrated_240
358,240,19771.293601622347,32.6863261988322,2.6927123001479663,1,M,Asian,<=70,28.638760889994156,True,False,B_calibrated_240
359,240,12928.93802814337,60.80881280385215,3.2758057179415645,1,M,Asian,<=70,38.2398569050577,False,False,B_calibrated_240
360,240,12797.501884378076,50.49821112543778,2.6927123001479663,0,F,Caucasian,>70,31.076381357204703,True,False,B_calibrated_240
361,240,17011.521436961306,37.98901552869858,2.6927123001479663,1,M,Caucasian,>70,38.35596612736911,True,False,B_calibrated_240
362,240,8819.94061000829,73.27157637571717,2.6927123001479663,1,M,Caucasian,<=70,30.325299788060203,True,False,B_calibrated_240
363,240,27601.29916046391,23.413787455381865,2.6927123001479663,1,F,Caucasian,<=70,32.806286943829654,True,False,B_calibrated_240
364,240,22976.979928791683,34.21656696147534,3.2758057179415645,0,M,Asian,>70,40.13100841245955,False,False,B_calibrated_240
365,240,34033.26880720221,23.100730545741737,3.2758057179415645,0,M,Caucasian,>70,35.638619132642596,False,False,B_calibrated_240
366,240,12343.623322919368,63.69226861015671,3.2758057179415645,0,F,Caucasian,>70,28.91537974367036,False,False,B_calibrated_240
367,240,25745.553415423907,30.53705467581733,3.2758057179415645,1,M,Caucasian,<=70,29.2248236452533,False,False,B_calibrated_240
368,240,52630.35384209089,14.93802178615073,3.2758057179415645,1,F,Caucasian,>70,33.10637101435748,False,False,B_calibrated_240
369,240,15941.472015332645,49.31748909697975,3.2758057179415645,2,M,Caucasian,>70,34.30611144485442,False,False,B_calibrated_240
370,240,18588.760654269987,42.294017709318375,3.2758057179415645,1,F,Asian,<=70,39.662621362674805,False,False,B_calibrated_240
371,240,18285.70419222715,35.34186844771441,2.6927123001479663,0,M,Caucasian,>70,33.42300295728025,True,False,B_calibrated_240
372,240,6995.849483363867,92.37633736579052,2.6927123001479663,1,M,Asian,>70,43.108986161771966,True,False,B_calibrated_240
373,240,29474.056216760844,26.67408131829834,3.2758057179415645,1,F,Caucasian,>70,36.08485418973774,False,False,B_calibrated_240
374,240,18375.898311692148,35.168400536060744,2.6927123001479663,2,M,Caucasian,>70,34.707963156228566,True,False,B_calibrated_240
375,240,27646.396155520302,23.375594721284187,2.6927123001479663,1,F,Caucasian,<=70,31.151065339855187,True,False,B_calibrated_240
376,240,12784.050316349589,61.49798794991511,3.2758057179415645,1,F,Asian,<=70,39.994910400717316,False,False,B_calibrated_240
377,240,9679.954473850694,81.2187055662078,3.2758057179415645,1,F,Caucasian,<=70,48.70794908447513,False,False,B_calibrated_240
378,240,39420.76667515712,19.943634754354807,3.2758057179415645,1,F,Asian,>70,37.592545958648465,False,False,B_calibrated_240
379,240,14413.051592676571,54.54732242167571,3.2758057179415645,1,F,Caucasian,<=70,38.876102904540865,False,False,B_calibrated_240
380,240,30517.89047479936,21.176134456906976,2.6927123001479663,0,M,Caucasian,>70,29.962574278836836,True,False,B_calibrated_240
381,240,13090.636272438613,60.05768978252407,3.2758057179415645,1,F,Asian,<=70,46.597963810026336,False,False,B_calibrated_240
382,240,43105.14753419036,18.238967206465972,3.2758057179415645,1,F,Caucasian,>70,36.96985178847402,False,False,B_calibrated_240
383,240,26331.61210469772,24.54277958622278,2.6927123001479663,0,M,Caucasian,<=70,37.491274207148805,True,False,B_calibrated_240
384,240,24160.715738996485,32.54015240272969,3.2758057179415645,1,M,Caucasian,>70,31.32254697201244,False,False,B_calibrated_240
385,240,17796.18216230626,44.17764243676917,3.2758057179415645,1,F,Asian,<=70,41.80406371637196,False,False,B_calibrated_240
386,240,34577.216809875245,18.6900801064747,2.6927123001479663,0,F,Caucasian,<=70,35.974054511530326,True,False,B_calibrated_240
387,240,13483.130633570487,58.30940852479025,3.2758057179415645,1,M,Caucasian,>70,42.46085273941198,False,False,B_calibrated_240
388,240,16905.12418610198,38.22811030082861,2.6927123001479663,1,M,Caucasian,>70,22.735249043402316,True,False,B_calibrated_240
389,240,23931.807999311197,27.003849941221,2.6927123001479663,1,F,Caucasian,<=70,40.18057305692326,True,False,B_calibrated_240
390,240,26594.971203196532,29.561730535413417,3.2758057179415645,1,M,Caucasian,>70,27.45889092135517,False,False,B_calibrated_240
391,240,10532.573973080735,74.64399246711552,3.2758057179415645,2,M,Caucasian,<=70,41.825637129905445,False,False,B_calibrated_240
392,240,41330.25751236632,19.02222293366405,3.2758057179415645,1,F,Asian,>70,35.32358969788671,False,False,B_calibrated_240
393,240,15508.521081568182,41.67070145738001,2.6927123001479663,0,F,Caucasian,<=70,41.096209754083944,True,False,B_calibrated_240
394,240,24003.569193206866,32.75318624400543,3.2758057179415645,0,M,Caucasian,>70,38.05410974425013,False,False,B_calibrated_240
395,240,10684.342415603573,60.485795652872135,2.6927123001479663,1,M,Caucasian,>70,50.155405695220935,True,False,B_calibrated_240
396,240,14986.728492837594,43.12154933242208,2.6927123001479663,1,M,Caucasian,<=70,41.17207735815587,True,False,B_calibrated_240
397,240,39021.31757976644,20.147791542375725,3.2758057179415645,1,F,Caucasian,<=70,28.598239625445014,False,False,B_calibrated_240
398,240,16284.144566718986,48.27968513082181,3.2758057179415645,0,F,Caucasian,>70,40.80799975418456,False,False,B_calibrated_240
399,240,28312.844971244198,27.768080993078193,3.2758057179415645,1,M,Caucasian,>70,28.52471465191402,False,False,B_calibrated_240
400,240,13235.239383985834,59.401522669642176,3.2758057179415645,0,M,Caucasian,>70,29.31019528776634,False,False,B_calibrated_240
401,240,25837.565810424272,30.42830652370443,3.2758057179415645,0,M,Caucasian,>70,39.59888713888212,False,False,B_calibrated_240
402,240,9115.27604405397,70.89757336060832,2.6927123001479663,1,F,Caucasian,>70,38.33183158700376,True,False,B_calibrated_240
403,240,10336.232063900197,76.06189251998266,3.2758057179415645,1,F,Caucasian,>70,40.81734596310332,False,False,B_calibrated_240
404,240,20308.221598419026,38.71305857560564,3.2758057179415645,2,M,Caucasian,>70,34.336342947697474,False,False,B_calibrated_240
405,240,52163.63273184216,12.388917684427717,2.6927123001479663,1,F,Caucasian,>70,39.110337232234166,True,False,B_calibrated_240
406,240,39730.00221566061,16.266068864722474,2.6927123001479663,0,M,Caucasian,>70,32.62357522204517,True,False,B_calibrated_240
407,240,15440.238470436905,50.918473429751955,3.2758057179415645,0,F,Caucasian,<=70,39.88770674662287,False,False,B_calibrated_240
408,240,13621.884180371302,57.7154644611393,3.2758057179415645,2,F,Asian,<=70,29.469794498335567,False,False,B_calibrated_240
409,240,27973.500343144773,23.10225549566889,2.6927123001479663,0,F,Caucasian,>70,39.064969423708945,True,False,B_calibrated_240
410,240,15486.63813792631,41.7295830302164,2.6927123001479663,1,M,Caucasian,>70,33.10521562904937,True,False,B_calibrated_240
411,240,18203.480326521705,35.50150523106021,2.6927123001479663,1,M,Caucasian,>70,35.14145353232511,True,False,B_calibrated_240
412,240,26754.519077760047,29.385442138614494,3.2758057179415645,1,M,Caucasian,>70,42.85802153733463,False,False,B_calibrated_240
413,240,15634.388507945627,41.33522406118267,2.6927123001479663,1,M,Asian,>70,39.68608625775423,True,False,B_calibrated_240
414,240,40669.174890117276,15.890436768918876,2.6927123001479663,1,F,Caucasian,>70,37.32695017654073,True,False,B_calibrated_240
415,240,12952.111833135596,60.70001420885236,3.2758057179415645,1,F,Caucasian,<=70,43.6861352872868,False,False,B_calibrated_240
416,240,37218.39892948437,21.123782723580675,3.2758057179415645,1,F,Caucasian,<=70,26.795338604097797,False,False,B_calibrated_240
417,240,19554.431678341884,33.048823032340394,2.6927123001479663,1,M,Caucasian,>70,34.53727189138624,True,False,B_calibrated_240
418,240,25013.908255868537,31.430249294271153,3.2758057179415645,1,F,Caucasian,<=70,39.611789205530464,False,False,B_calibrated_240
419,240,24511.959046059797,32.07386936428294,3.2758057179415645,1,M,Caucasian,<=70,39.486382224133926,False,False,B_calibrated_240
420,240,7679.577260703707,102.37456380951024,3.2758057179415645,1,M,Caucasian,>70,36.165595992221014,False,False,B_calibrated_240
421,240,15411.407135158921,51.013730635432225,3.2758057179415645,0,M,Caucasian,>70,39.319069653601744,False,False,B_calibrated_240
422,240,8565.35825687658,75.44937790741889,2.6927123001479663,1,M,Caucasian,<=70,41.78204239670758,True,False,B_calibrated_240
423,240,23114.696511961272,34.01270580814852,3.2758057179415645,1,F,Caucasian,<=70,43.33527673213703,False,False,B_calibrated_240
424,240,15248.7994716261,42.38044793218053,2.6927123001479663,2,M,Asian,>70,41.13320917957376,True,False,B_calibrated_240
425,240,32297.504492648535,24.342232771727815,3.2758057179415645,0,M,Caucasian,>70,34.483475321534925,False,False,B_calibrated_240
426,240,11037.181371983994,71.23135389453628,3.2758057179415645,1,M,Caucasian,<=70,35.34613546503163,False,False,B_calibrated_240
427,240,17017.22473904109,46.199858341312414,3.2758057179415645,0,F,Caucasian,>70,40.51329168514152,False,False,B_calibrated_240
428,240,14950.779211825355,43.225235479657016,2.6927123001479663,0,M,Asian,<=70,41.858983479091975,True,False,B_calibrated_240
429,240,33155.758246349535,19.491363980694498,2.6927123001479663,2,M,Caucasian,<=70,32.933544833047634,True,False,B_calibrated_240
430,240,24033.467623168017,32.71244019519235,3.2758057179415645,1,F,Caucasian,<=70,34.050515008339765,False,False,B_calibrated_240
431,240,26034.60085560253,24.822771649923013,2.6927123001479663,0,F,Caucasian,>70,32.36091081279873,True,False,B_calibrated_240
432,240,12939.432460301743,49.94430428214017,2.6927123001479663,0,F,Caucasian,>70,51.0,True,False,B_calibrated_240
433,240,17659.4452418187,36.595201218730715,2.6927123001479663,1,M,Caucasian,<=70,34.96897179419588,True,False,B_calibrated_240
434,240,29813.480211355207,21.67646807598702,2.6927123001479663,1,F,Caucasian,<=70,32.47594161381977,True,False,B_calibrated_240
435,240,22061.196324222783,35.636932864005644,3.2758057179415645,1,F,Caucasian,<=70,30.39138380920719,False,False,B_calibrated_240
436,240,10262.389639238621,62.97275534779422,2.6927123001479663,2,M,Caucasian,<=70,34.28002431071351,True,False,B_calibrated_240
437,240,13594.886644625756,47.53632515876723,2.6927123001479663,1,M,Caucasian,<=70,40.95345007467006,True,False,B_calibrated_240
438,240,24656.76171570413,31.885507974278763,3.2758057179415645,1,F,Caucasian,<=70,34.08410045078473,False,False,B_calibrated_240
439,240,12565.29648542647,62.56862885947986,3.2758057179415645,1,F,Caucasian,<=70,42.79068547758143,False,False,B_calibrated_240
440,240,22606.891629352936,28.586457732933766,2.6927123001479663,0,M,Caucasian,<=70,33.95329519413104,True,False,B_calibrated_240
441,240,12252.711067018698,64.16485037521335,3.2758057179415645,1,M,Caucasian,<=70,37.86078353865886,False,False,B_calibrated_240
442,240,22577.66376545103,34.821732685603656,3.2758057179415645,1,M,Caucasian,>70,36.394404825598606,False,False,B_calibrated_240
443,240,15655.232331676583,50.21920822696464,3.2758057179415645,0,M,Caucasian,<=70,34.6080035417152,False,False,B_calibrated_240
444,240,17493.685409408445,44.94155198899057,3.2758057179415645,0,M,Caucasian,>70,37.63115477972499,False,False,B_calibrated_240
445,240,13130.41671371936,49.217855466862254,2.6927123001479663,2,M,Caucasian,>70,48.64590998240668,True,False,B_calibrated_240
446,240,19576.670817005106,33.0112795008103,2.6927123001479663,1,F,Caucasian,>70,36.40208239137065,True,False,B_calibrated_240
447,240,23159.598799882533,27.904237790111875,2.6927123001479663,1,F,Caucasian,<=70,47.283334324620775,True,False,B_calibrated_240
448,240,20815.87606254667,37.76893030798486,3.2758057179415645,1,F,Caucasian,<=70,42.14537537630289,False,False,B_calibrated_240
449,240,38179.645362287934,20.59195062829317,3.2758057179415645,1,F,Caucasian,>70,43.39386286631536,False,False,B_calibrated_240
450,240,9829.530138379065,65.74586403802223,2.6927123001479663,2,M,Caucasian,<=70,42.61600498842066,True,False,B_calibrated_240
451,240,23954.32668744093,26.978464494864564,2.6927123001479663,0,F,Caucasian,>70,28.569129104045814,True,False,B_calibrated_240
452,240,26681.077948773567,24.221320940491378,2.6927123001479663,1,F,Caucasian,<=70,36.603802156179974,True,False,B_calibrated_240
453,240,55249.92095917781,11.69686654417123,2.6927123001479663,0,M,Caucasian,>70,33.64235292190955,True,False,B_calibrated_240
454,240,32069.02295302062,24.515663400712462,3.2758057179415645,1,F,Caucasian,<=70,35.80460478908319,False,False,B_calibrated_240
455,240,36029.7398033731,21.820678600414762,3.2758057179415645,1,F,Caucasian,>70,35.3901377451538,False,False,B_calibrated_240
456,240,56112.37814611936,14.011050650155832,3.2758057179415645,2,M,Caucasian,>70,27.564557858371877,False,False,B_calibrated_240
457,240,9837.42327071898,79.91862814788851,3.2758057179415645,0,F,Caucasian,>70,40.0202222473469,False,False,B_calibrated_240
458,240,28956.482706721672,22.31800590496088,2.6927123001479663,1,M,Caucasian,<=70,35.98654112918092,True,False,B_calibrated_240
459,240,15967.651471057847,49.2366315566813,3.2758057179415645,1,F,Asian,>70,35.76358716152684,False,False,B_calibrated_240
460,240,23781.12924349172,33.05954752006305,3.2758057179415645,1,F,Caucasian,<=70,49.038562775259024,False,False,B_calibrated_240
461,240,14135.97953738187,55.6164763981815,3.2758057179415645,0,F,Asian,<=70,40.98650996120637,False,False,B_calibrated_240
462,240,12240.204678065633,64.23041060047214,3.2758057179415645,0,M,Caucasian,<=70,40.95377683727492,False,False,B_calibrated_240
463,240,11981.609529980435,65.61667448256922,3.2758057179415645,0,M,Asian,>70,38.18650307057923,False,False,B_calibrated_240
464,240,26321.62575367452,29.868723902672393,3.2758057179415645,0,M,Caucasian,>70,33.03624604220326,False,False,B_calibrated_240
465,240,11831.5309991067,66.4489973753468,3.2758057179415645,1,M,Caucasian,>70,41.47657953358067,False,False,B_calibrated_240
466,240,28298.353822617257,27.782300597203502,3.2758057179415645,0,F,Caucasian,<=70,29.822817985263654,False,False,B_calibrated_240
467,240,23798.281152480013,33.035720826587784,3.2758057179415645,1,M,Caucasian,>70,47.503280617583755,False,False,B_calibrated_240
468,240,37727.10915598432,17.129617574555215,2.6927123001479663,0,M,Caucasian,<=70,25.554970075623707,True,False,B_calibrated_240
469,240,11609.018236466765,55.668010754387446,2.6927123001479663,1,F,Asian,>70,37.5710579772662,True,False,B_calibrated_240
470,240,12891.095523058968,60.98732034834982,3.2758057179415645,1,M,Caucasian,>70,24.7622969119681,False,False,B_calibrated_240
471,240,12630.267625129749,51.16684548708231,2.6927123001479663,1,M,Asian,<=70,37.98554238007241,True,False,B_calibrated_240
472,240,46900.58451319932,16.762975994141726,3.2758057179415645,0,M,Caucasian,>70,34.327881900541406,False,False,B_calibrated_240
473,240,20809.77713598524,37.779999620776955,3.2758057179415645,2,M,Caucasian,<=70,44.618228920517176,False,False,B_calibrated_240
474,240,15680.831785360808,41.212797948565076,2.6927123001479663,1,M,Caucasian,<=70,42.68495617760453,True,False,B_calibrated_240
475,240,21001.55425648779,37.43500898573281,3.2758057179415645,1,M,Caucasian,<=70,38.00563484146811,False,False,B_calibrated_240
476,240,49002.97189715762,16.043789628840408,3.2758057179415645,1,M,Caucasian,<=70,37.098166749977835,False,False,B_calibrated_240
477,240,13508.386320187461,47.84072180921634,2.6927123001479663,1,M,Caucasian,>70,41.03323560126549,True,False,B_calibrated_240
478,240,14911.783915009783,52.72295902267034,3.2758057179415645,0,M,Caucasian,<=70,42.8308033702551,False,False,B_calibrated_240
479,240,16392.508181022084,39.42355525456982,2.6927123001479663,1,M,Asian,>70,39.37001762770304,True,False,B_calibrated_240
480,240,8325.877101232598,94.42769365279054,3.2758057179415645,1,M,Asian,<=70,31.131082340241424,False,False,B_calibrated_240
481,240,15500.553610637466,50.72034148292868,3.2758057179415645,0,F,Caucasian,>70,36.46617039144098,False,False,B_calibrated_240
482,240,35583.30860644847,22.094442678202782,3.2758057179415645,2,F,Caucasian,>70,34.16325282863597,False,False,B_calibrated_240
483,240,22900.698022057073,34.330541870328325,3.2758057179415645,0,M,Caucasian,>70,38.4348742189425,False,False,B_calibrated_240
484,240,53146.011495009225,14.79308324726879,3.2758057179415645,1,F,Caucasian,<=70,24.292285605790383,False,False,B_calibrated_240
485,240,33207.36225414629,19.461074537915778,2.6927123001479663,1,F,Caucasian,<=70,27.664564170997735,True,False,B_calibrated_240
486,240,24395.059399800524,26.491058760889768,2.6927123001479663,1,M,Caucasian,<=70,35.344457383516776,True,False,B_calibrated_240
487,240,20214.410544748065,31.969814336407413,2.6927123001479663,0,M,Asian,>70,32.6867032725726,True,False,B_calibrated_240
488,240,22671.377729670305,34.677794251430726,3.2758057179415645,1,F,Caucasian,>70,35.852324388094914,False,False,B_calibrated_240
489,240,41123.97466559053,19.117640711995755,3.2758057179415645,1,F,Caucasian,>70,37.533848941709856,False,False,B_calibrated_240
490,240,15798.252935554397,49.764576849926605,3.2758057179415645,0,F,Caucasian,>70,40.74214015529309,False,False,B_calibrated_240
491,240,8437.784556843626,76.59012240498103,2.6927123001479663,1,M,Asian,<=70,44.117516586527174,True,False,B_calibrated_240
492,240,22896.278433778265,34.337168574353356,3.2758057179415645,0,M,Caucasian,>70,39.75337943319482,False,False,B_calibrated_240
493,240,13176.458236433726,59.66651722327794,3.2758057179415645,0,F,Caucasian,<=70,35.68402975653172,False,False,B_calibrated_240
494,240,18294.221386295325,35.32541442401234,2.6927123001479663,1,F,Caucasian,<=70,36.36438526507679,True,False,B_calibrated_240
495,240,9692.98196243354,66.67204731631037,2.6927123001479663,1,F,Caucasian,<=70,36.71756908293293,True,False,B_calibrated_240
496,240,19610.066816618168,40.0913153258474,3.2758057179415645,0,M,Caucasian,<=70,31.090413354105653,False,False,B_calibrated_240
497,240,19809.27430968169,39.688146068113525,3.2758057179415645,0,M,Caucasian,>70,38.82096701927104,False,False,B_calibrated_240
498,240,7959.669456920076,98.77211315885296,3.2758057179415645,1,M,Caucasian,<=70,34.46633717335119,False,False,B_calibrated_240
499,240,25823.064398027305,30.44539409374028,3.2758057179415645,1,F,Caucasian,>70,32.34137891447943,False,False,B_calibrated_240
500,240,20280.56983120178,38.76584232344459,3.2758057179415645,0,F,Caucasian,<=70,38.97145542608438,False,False,B_calibrated_240
501,240,22725.95666057773,34.59451164358549,3.2758057179415645,1,F,Caucasian,<=70,28.823273187747915,False,False,B_calibrated_240
502,240,7137.092151509977,90.54821463931724,2.6927123001479663,1,F,Asian,<=70,38.51133143590556,True,False,B_calibrated_240
503,240,15698.901646631568,41.165360901166906,2.6927123001479663,1,F,Caucasian,>70,34.77033070476835,True,False,B_calibrated_240
504,240,17201.670592139475,37.5690807804926,2.6927123001479663,1,M,Asian,<=70,28.25139804372213,True,False,B_calibrated_240
505,240,30713.749917094254,25.59744005301047,3.2758057179415645,0,F,Caucasian,>70,40.623288129400606,False,False,B_calibrated_240
506,240,38646.1960185466,16.722239666883933,2.6927123001479663,2,M,Asian,>70,37.52152846140019,True,False,B_calibrated_240
507,240,16305.06543750548,39.63498058394681,2.6927123001479663,1,F,Caucasian,>70,44.71148751572364,True,False,B_calibrated_240
508,240,16305.640370676834,39.63358306354493,2.6927123001479663,0,F,Caucasian,<=70,35.0622552523899,True,False,B_calibrated_240
509,240,9140.335119866815,70.7032010927985,2.6927123001479663,0,M,Caucasian,<=70,46.24529658405165,True,False,B_calibrated_240
510,240,32620.23217757307,24.101403326199986,3.2758057179415645,0,F,Asian,>70,42.49977196497183,False,False,B_calibrated_240
511,240,28777.41417469988,27.31980599553555,3.2758057179415645,1,F,Caucasian,<=70,39.29268337733844,False,False,B_calibrated_240
512,240,13214.921064966582,59.492854209338674,3.2758057179415645,0,F,Asian,>70,43.95826696273425,False,False,B_calibrated_240
513,240,14437.196995302575,44.76291015809941,2.6927123001479663,1,M,Caucasian,>70,41.37187863652285,True,False,B_calibrated_240
514,240,7345.089389500471,87.98408266607393,2.6927123001479663,1,F,Asian,<=70,36.72734569763475,True,False,B_calibrated_240
515,240,8604.554173864928,75.10568693941221,2.6927123001479663,2,M,Asian,<=70,37.227155744510675,True,False,B_calibrated_240
516,240,47110.517596880476,16.688277106894596,3.2758057179415645,1,M,Caucasian,>70,35.30026763601747,False,False,B_calibrated_240
517,240,24421.06169121139,32.19325114718126,3.2758057179415645,0,F,Caucasian,<=70,39.053529513208886,False,False,B_calibrated_240
518,240,18076.643341805022,43.49222128467746,3.2758057179415645,0,F,Caucasian,<=70,38.37258554204618,False,False,B_calibrated_240
519,240,9535.62527571988,82.44801463704988,3.2758057179415645,2,F,Asian,>70,39.36660819052715,False,False,B_calibrated_240
520,240,29372.54628407401,26.766265501886526,3.2758057179415645,1,F,Caucasian,<=70,36.04392881448387,False,False,B_calibrated_240
521,240,33684.14982241391,23.340157802731046,3.2758057179415645,1,F,Caucasian,<=70,38.75739093086675,False,False,B_calibrated_240
522,240,29456.56398401665,26.68992122545487,3.2758057179415645,1,F,Asian,<=70,34.68094064547614,False,False,B_calibrated_240
523,240,36668.53129151184,21.44054710170424,3.2758057179415645,0,F,Caucasian,<=70,35.197531746421774,False,False,B_calibrated_240
524,240,38999.55810025271,16.570724990633273,2.6927123001479663,1,F,Caucasian,>70,37.11389395915204,True,False,B_calibrated_240
525,240,52907.589794867396,14.859746500534118,3.2758057179415645,1,F,Caucasian,>70,33.634410349770775,False,False,B_calibrated_240
526,240,48109.147206924375,16.341868811859094,3.2758057179415645,1,M,Asian,>70,37.61401013503456,False,False,B_calibrated_240
527,240,35152.88117269589,22.364976812103567,3.2758057179415645,1,M,Caucasian,<=70,34.96716018117727,False,False,B_calibrated_240
528,240,28012.628235552787,28.065676868840264,3.2758057179415645,0,M,Caucasian,<=70,38.944795434316944,False,False,B_calibrated_240
529,240,28434.184951931107,22.727957672358805,2.6927123001479663,1,F,Caucasian,<=70,29.226356784622457,True,False,B_calibrated_240
530,240,6725.732054789103,116.89335315494188,3.2758057179415645,0,M,Caucasian,>70,36.88818163201004,False,False,B_calibrated_240
531,240,22401.901463249345,28.848040113724107,2.6927123001479663,0,M,Caucasian,>70,39.55101020747584,True,False,B_calibrated_240
532,240,17227.516308426915,37.51271747276741,2.6927123001479663,1,M,Caucasian,>70,39.239895666783994,True,False,B_calibrated_240
533,240,15362.043203757588,51.17765663578338,3.2758057179415645,1,F,Asian,<=70,28.053123804695467,False,False,B_calibrated_240
534,240,24874.35193165045,31.606587157175852,3.2758057179415645,1,M,Caucasian,>70,43.40202855896729,False,False,B_calibrated_240
535,240,11986.642151907112,65.5891251563633,3.2758057179415645,0,M,Asian,>70,41.99210921511954,False,False,B_calibrated_240
536,240,28729.881779795152,22.49403450347646,2.6927123001479663,1,F,Caucasian,<=70,31.837464024989142,True,False,B_calibrated_240
537,240,27790.57175266789,28.28993153876012,3.2758057179415645,0,F,Caucasian,<=70,36.23349262604306,False,False,B_calibrated_240
538,240,33832.63049215104,23.23772526314108,3.2758057179415645,2,M,Caucasian,>70,30.97621781007421,False,False,B_calibrated_240
539,240,10865.8220373083,59.47556934179296,2.6927123001479663,0,F,Caucasian,<=70,44.398272069157926,True,False,B_calibrated_240
540,240,21401.062933743895,36.73618337275919,3.2758057179415645,2,M,Caucasian,>70,39.50375814172308,False,False,B_calibrated_240
541,240,10840.922368309977,72.52089311184113,3.2758057179415645,1,M,Caucasian,<=70,33.04389820334043,False,False,B_calibrated_240
542,240,38286.998660204554,20.534212652274142,3.2758057179415645,1,F,Caucasian,<=70,36.672191746407606,False,False,B_calibrated_240
543,240,16386.179571112105,47.97905264580338,3.2758057179415645,0,M,Caucasian,>70,44.92828881936052,False,False,B_calibrated_240
544,240,8246.99321569821,78.36200844755984,2.6927123001479663,1,M,Caucasian,<=70,35.33401470834381,True,False,B_calibrated_240
545,240,12545.424099162681,62.66773973455775,3.2758057179415645,1,M,Caucasian,>70,39.49456563439175,False,False,B_calibrated_240
546,240,18138.48749607957,35.628712271361756,2.6927123001479663,1,M,Caucasian,<=70,34.78520309884924,True,False,B_calibrated_240
547,240,32885.599364324065,23.90691936601518,3.2758057179415645,1,M,Caucasian,<=70,34.9792692106385,False,False,B_calibrated_240
548,240,17455.678704941965,37.02239041857183,2.6927123001479663,1,M,Caucasian,>70,31.067467822173327,True,False,B_calibrated_240
549,240,30404.258765212388,25.858001616718038,3.2758057179415645,1,F,Asian,>70,41.42683300260118,False,False,B_calibrated_240
550,240,12885.516231563517,61.013727209482504,3.2758057179415645,1,F,Asian,>70,47.609859140058234,False,False,B_calibrated_240
551,240,10915.347876829259,72.02641465737257,3.2758057179415645,0,M,Asian,<=70,42.6314919215185,False,False,B_calibrated_240
552,240,15546.124344080194,41.56990756873739,2.6927123001479663,2,M,Caucasian,<=70,40.781544991473616,True,False,B_calibrated_240
553,240,17800.33094518927,44.16734580535721,3.2758057179415645,1,F,Asian,>70,34.235662830118606,False,False,B_calibrated_240
554,240,10344.660145733807,75.99992278433677,3.2758057179415645,0,M,Caucasian,>70,44.91653014455911,False,False,B_calibrated_240
555,240,20452.170722094368,31.598159472498953,2.6927123001479663,1,F,Caucasian,<=70,41.12432477025509,True,False,B_calibrated_240
556,240,66596.33050351805,11.80535573599575,3.2758057179415645,1,F,Caucasian,>70,27.219906073768392,False,False,B_calibrated_240
557,240,23248.995354540097,33.81622991947678,3.2758057179415645,0,F,Caucasian,>70,31.004162982282914,False,False,B_calibrated_240
558,240,26223.29675063662,29.980722095397454,3.2758057179415645,1,M,Caucasian,>70,39.87917999003688,False,False,B_calibrated_240
559,240,27890.215006937604,23.171243099945947,2.6927123001479663,0,F,Caucasian,>70,38.04896224721144,True,False,B_calibrated_240
560,240,22518.850709153154,28.698220898672805,2.6927123001479663,0,F,Caucasian,<=70,27.972857594893995,True,False,B_calibrated_240
561,240,18169.509057745065,35.567881882864434,2.6927123001479663,1,M,Caucasian,<=70,44.5337175932631,True,False,B_calibrated_240
562,240,17117.970287459626,37.752779166169354,2.6927123001479663,0,F,Caucasian,>70,35.11575788938962,True,False,B_calibrated_240
563,240,23236.303695716066,33.83470032933513,3.2758057179415645,1,M,Caucasian,>70,43.47085657261979,False,False,B_calibrated_240
564,240,32291.034301859574,20.01332462733458,2.6927123001479663,1,F,Caucasian,>70,37.525922069445066,True,False,B_calibrated_240
565,240,11776.762895370997,54.87509239822845,2.6927123001479663,0,F,Caucasian,>70,32.79330056487376,True,False,B_calibrated_240
566,240,11547.308125663181,55.965506852567565,2.6927123001479663,1,F,Caucasian,>70,32.50835363527301,True,False,B_calibrated_240
567,240,13053.303706572735,60.22945531483369,3.2758057179415645,0,F,Asian,>70,40.17692649102418,False,False,B_calibrated_240
568,240,9557.691439142707,82.25766413489642,3.2758057179415645,1,M,Caucasian,<=70,35.94197361966082,False,False,B_calibrated_240
569,240,8120.416932628674,96.8168726838359,3.2758057179415645,0,M,Caucasian,>70,43.17079200669001,False,False,B_calibrated_240
570,240,19155.59787972319,41.04248675726202,3.2758057179415645,1,M,Caucasian,>70,37.029925433446365,False,False,B_calibrated_240
571,240,38627.88157522299,20.353002552701774,3.2758057179415645,1,M,Caucasian,>70,38.62055601700698,False,False,B_calibrated_240
572,240,19839.628881310542,32.5737419737875,2.6927123001479663,0,F,Caucasian,>70,41.95449773852531,True,False,B_calibrated_240
573,240,37456.51928224977,17.253363751334017,2.6927123001479663,1,F,Caucasian,>70,29.11229198603406,True,False,B_calibrated_240
574,240,15609.170406725676,41.402005051918415,2.6927123001479663,0,M,Caucasian,>70,33.53926995476567,True,False,B_calibrated_240
575,240,19695.225310739057,39.91796792887127,3.2758057179415645,0,M,Caucasian,>70,39.46543530764702,False,False,B_calibrated_240
576,240,27308.366331872883,28.789469232671458,3.2758057179415645,1,F,Caucasian,<=70,30.158213011425033,False,False,B_calibrated_240
577,240,24135.29701146054,32.57442292641582,3.2758057179415645,1,M,Caucasian,>70,37.127425186567095,False,False,B_calibrated_240
578,240,39555.183299359385,19.8758621937345,3.2758057179415645,0,M,Caucasian,<=70,32.430681961446936,False,False,B_calibrated_240
579,240,53472.5620270276,14.702743659609869,3.2758057179415645,1,F,Caucasian,>70,37.08156337338418,False,False,B_calibrated_240
580,240,30339.29179201065,25.913372589435543,3.2758057179415645,0,M,Caucasian,<=70,32.48036708440135,False,False,B_calibrated_240
581,240,38887.54348852881,20.217100433147433,3.2758057179415645,1,M,Caucasian,>70,34.56985725780427,False,False,B_calibrated_240
582,240,11992.613938927894,65.55646469649126,3.2758057179415645,1,M,Caucasian,>70,38.30353192498107,False,False,B_calibrated_240
583,240,29857.004872288806,26.331957129285446,3.2758057179415645,2,M,Caucasian,>70,33.1716182542484,False,False,B_calibrated_240
584,240,31716.1256755568,24.788442962687725,3.2758057179415645,1,F,Caucasian,>70,37.571116069651794,False,False,B_calibrated_240
585,240,20270.694589907816,31.881046264554804,2.6927123001479663,1,F,Caucasian,>70,44.5695756087606,True,False,B_calibrated_240
586,240,43916.11579216636,17.902160929410215,3.2758057179415645,2,F,Caucasian,>70,34.26442768225129,False,False,B_calibrated_240
587,240,30900.90950380049,25.442402341241184,3.2758057179415645,1,M,Caucasian,<=70,34.213955247642026,False,False,B_calibrated_240
588,240,9346.227558740246,84.11879203291562,3.2758057179415645,1,F,Caucasian,<=70,34.76142044078783,False,False,B_calibrated_240
589,240,20571.107520660433,38.21832983549224,3.2758057179415645,1,M,Caucasian,>70,38.412190386467586,False,False,B_calibrated_240
590,240,19806.102974056746,32.62887973883662,2.6927123001479663,1,F,Asian,<=70,40.652691885559264,True,False,B_calibrated_240
591,240,10436.168955106696,61.92415577167175,2.6927123001479663,1,M,Caucasian,>70,37.583635383534464,True,False,B_calibrated_240
592,240,22368.223903724956,35.1477781915019,3.2758057179415645,0,F,Caucasian,<=70,41.33761322680082,False,False,B_calibrated_240
593,240,14087.803944709833,55.806666205147046,3.2758057179415645,1,F,Caucasian,>70,37.26104301839527,False,False,B_calibrated_240
594,240,39714.51359827029,16.27241261400362,2.6927123001479663,0,F,Caucasian,>70,41.83890981389628,True,False,B_calibrated_240
595,240,34610.20903702678,22.715649346841218,3.2758057179415645,0,F,Caucasian,<=70,38.07183967249051,False,False,B_calibrated_240
596,240,9644.89582968701,81.51393091111163,3.2758057179415645,1,M,Caucasian,<=70,42.31734189858683,False,False,B_calibrated_240
597,240,10424.497763337324,75.41786570006244,3.2758057179415645,1,M,Asian,<=70,42.516758199006624,False,False,B_calibrated_240
598,240,9777.30837263447,66.0970205096826,2.6927123001479663,1,F,Caucasian,<=70,45.83601744921674,True,False,B_calibrated_240
599,240,10333.761476982509,76.08007733264871,3.2758057179415645,0,M,Caucasian,<=70,45.86104657858003,False,False,B_calibrated_240
600,240,28228.026442529033,27.851517494736274,3.2758057179415645,2,M,Caucasian,<=70,38.254464753942365,False,False,B_calibrated_240
601,240,13123.435422833807,59.9075887505841,3.2758057179415645,1,M,Caucasian,<=70,37.83994950615184,False,False,B_calibrated_240
602,240,23056.47853556967,34.09858843331604,3.2758057179415645,0,F,Asian,>70,39.56313192464758,False,False,B_calibrated_240
603,240,27551.256490734384,28.53566306750387,3.2758057179415645,1,F,Caucasian,>70,34.81806441628446,False,False,B_calibrated_240
604,240,42115.31135127124,18.667637661480672,3.2758057179415645,0,M,Caucasian,<=70,36.42739082952048,False,False,B_calibrated_240
605,240,29274.124165926652,26.85625598394701,3.2758057179415645,1,M,Caucasian,>70,36.65159324830945,False,False,B_calibrated_240
606,240,16608.521788094706,38.91080496391656,2.6927123001479663,1,F,Caucasian,<=70,47.12052645564129,True,False,B_calibrated_240
607,240,15176.12351559791,51.80462398701036,3.2758057179415645,2,F,Caucasian,<=70,37.343973643774646,False,False,B_calibrated_240
608,240,14289.923931074896,45.2242401815851,2.6927123001479663,1,F,Caucasian,>70,41.87730588746205,True,False,B_calibrated_240
609,240,21588.384697759204,36.41742461572771,3.2758057179415645,1,M,Asian,>70,39.397438542198174,False,False,B_calibrated_240
610,240,18225.915124687694,35.45780541686714,2.6927123001479663,0,M,Caucasian,<=70,41.9293195148457,True,False,B_calibrated_240
611,240,39560.20183438956,19.87334077811858,3.2758057179415645,1,M,Caucasian,>70,34.471050103966924,False,False,B_calibrated_240
612,240,13156.409791727283,59.75744027069846,3.2758057179415645,0,M,Caucasian,<=70,37.46310292144237,False,False,B_calibrated_240
613,240,62790.954909041524,12.52080611681808,3.2758057179415645,1,M,Caucasian,>70,37.65617322196693,False,False,B_calibrated_240
614,240,11383.80789365619,69.06242442338599,3.2758057179415645,0,F,Caucasian,>70,37.96685234042959,False,False,B_calibrated_240
615,240,5817.230999826551,135.14907218389934,3.2758057179415645,0,M,Caucasian,<=70,39.93000376671123,False,False,B_calibrated_240
616,240,14093.363903158704,55.78464997485577,3.2758057179415645,0,M,Caucasian,>70,42.79503431185606,False,False,B_calibrated_240
617,240,33044.0042411049,23.792315440027537,3.2758057179415645,1,F,Caucasian,>70,33.886640732942254,False,False,B_calibrated_240
618,240,32397.77858371403,24.266891332518256,3.2758057179415645,1,F,Caucasian,<=70,36.18005228925434,False,False,B_calibrated_240
619,240,12923.944619695678,50.00415670697367,2.6927123001479663,0,M,Asian,>70,37.29892927923759,True,False,B_calibrated_240
620,240,11398.133098693539,56.697965047415146,2.6927123001479663,1,M,Caucasian,<=70,39.12959097728739,True,False,B_calibrated_240
621,240,18856.337786268097,41.6938528158162,3.2758057179415645,0,M,Asian,<=70,41.90913150258135,False,False,B_calibrated_240
622,240,42833.22506341932,15.087609001625863,2.6927123001479663,2,F,Caucasian,>70,39.6751045889521,True,False,B_calibrated_240
623,240,24069.689380345186,32.663212220260924,3.2758057179415645,1,M,Asian,<=70,35.00897956958962,False,False,B_calibrated_240
624,240,40383.26791286581,19.468294987971987,3.2758057179415645,1,F,Caucasian,>70,35.84481916732725,False,False,B_calibrated_240
625,240,6456.325290848564,100.0957855936305,2.6927123001479663,1,F,Caucasian,>70,34.02500096324745,True,False,B_calibrated_240
626,240,8806.904433450185,89.27011508378285,3.2758057179415645,1,M,Caucasian,<=70,44.45914960434601,False,False,B_calibrated_240
627,240,19264.534632681905,33.546149147000925,2.6927123001479663,2,M,Caucasian,>70,45.359844175100505,True,False,B_calibrated_240
628,240,6769.7320774284835,116.1336022332829,3.2758057179415645,1,M,Caucasian,>70,41.08315636887221,False,False,B_calibrated_240
629,240,15839.817213319415,40.79914201863966,2.6927123001479663,1,F,Caucasian,<=70,40.08727030655337,True,False,B_calibrated_240
630,240,64636.562714321524,12.163291785498652,3.2758057179415645,1,F,Caucasian,>70,34.885916255389866,False,False,B_calibrated_240
631,240,18840.489296549822,34.30117667665123,2.6927123001479663,1,M,Caucasian,<=70,41.93238458935525,True,False,B_calibrated_240
632,240,43336.699577761785,18.141514696920076,3.2758057179415645,1,M,Caucasian,<=70,46.16166060521652,False,False,B_calibrated_240
633,240,12785.614102955224,61.490466236131546,3.2758057179415645,1,M,Caucasian,<=70,35.766315276849525,False,False,B_calibrated_240
634,240,11931.880730275161,65.89014674871336,3.2758057179415645,0,M,Caucasian,>70,42.287162371769455,False,False,B_calibrated_240
635,240,22147.578396832807,35.497938339769206,3.2758057179415645,0,M,Caucasian,<=70,36.51314029170602,False,False,B_calibrated_240
636,240,6594.133245086836,119.22618835337508,3.2758057179415645,0,M,Caucasian,<=70,42.71689553215008,False,False,B_calibrated_240
637,240,23742.175245565482,33.113788613485156,3.2758057179415645,1,F,Caucasian,<=70,36.67759139201583,False,False,B_calibrated_240
638,240,19035.087947039447,33.950510438068356,2.6927123001479663,1,F,Asian,>70,35.36316920033898,True,False,B_calibrated_240
639,240,32594.833255034253,19.826791165918873,2.6927123001479663,1,F,Caucasian,<=70,32.07219577445006,True,False,B_calibrated_240
640,240,58146.82653668447,13.5208302693866,3.2758057179415645,1,M,Caucasian,<=70,38.50956725265072,False,False,B_calibrated_240
641,240,42709.803508789846,15.131208737649914,2.6927123001479663,1,F,Caucasian,<=70,31.924780430503652,True,False,B_calibrated_240
642,240,10452.762938140659,75.21392927005611,3.2758057179415645,0,M,Caucasian,<=70,47.120377720788454,False,False,B_calibrated_240
643,240,16969.03794821596,38.08412439218191,2.6927123001479663,1,F,Caucasian,>70,34.67178048367636,True,False,B_calibrated_240
644,240,23229.528245474565,33.84456903291339,3.2758057179415645,0,M,Caucasian,<=70,28.12474593123087,False,False,B_calibrated_240
645,240,26710.014836321112,29.434404178498816,3.2758057179415645,1,F,Caucasian,<=70,33.324948116344274,False,False,B_calibrated_240
646,240,6560.057847698249,98.51299592766004,2.6927123001479663,1,M,Caucasian,>70,36.4632596875708,True,False,B_calibrated_240
647,240,11534.239271442604,56.02891849448206,2.6927123001479663,2,M,Caucasian,<=70,39.95150258531595,True,False,B_calibrated_240
648,240,23771.256407766363,33.07327803039962,3.2758057179415645,0,M,Caucasian,>70,31.284779467492914,False,False,B_calibrated_240
649,240,27076.654233839745,29.035838974647397,3.2758057179415645,0,F,Caucasian,>70,34.179610725476664,False,False,B_calibrated_240
650,240,19029.799726050904,33.95994499883383,2.6927123001479663,0,M,Caucasian,>70,43.68296365379045,True,False,B_calibrated_240
651,240,31700.14632842794,24.800938272039957,3.2758057179415645,1,M,Caucasian,<=70,40.079265265920284,False,False,B_calibrated_240
652,240,29119.65789598058,22.192944516862426,2.6927123001479663,1,F,Caucasian,>70,39.98601672223313,True,False,B_calibrated_240
653,240,15370.96302050804,51.14795808545184,3.2758057179415645,1,M,Caucasian,>70,35.504446626993165,False,False,B_calibrated_240
654,240,11260.35678718286,69.81957918072924,3.2758057179415645,1,M,Caucasian,>70,24.775673671868486,False,False,B_calibrated_240
655,240,26263.12261251357,29.935258800161808,3.2758057179415645,1,F,Caucasian,<=70,33.46749167846409,False,False,B_calibrated_240
656,240,16496.636171569695,47.65779908881674,3.2758057179415645,0,F,Caucasian,<=70,32.231302001961474,False,False,B_calibrated_240
657,240,10460.636606132168,75.15731612788252,3.2758057179415645,0,M,Caucasian,>70,44.94582901457934,False,False,B_calibrated_240
658,240,32701.276263903885,19.76225474566118,2.6927123001479663,1,F,Caucasian,<=70,30.98146431537572,True,False,B_calibrated_240
659,240,9046.143873505242,71.43938467840215,2.6927123001479663,1,M,Caucasian,>70,38.658318019192194,True,False,B_calibrated_240
660,240,18798.142293586545,34.37844771799587,2.6927123001479663,0,F,Caucasian,>70,34.72250474266846,True,False,B_calibrated_240
661,240,51761.95105319802,15.188634823636578,3.2758057179415645,1,F,Caucasian,>70,34.05322569116771,False,False,B_calibrated_240
662,240,7895.662579942286,81.84885631729158,2.6927123001479663,1,F,Caucasian,>70,44.56258737225613,True,False,B_calibrated_240
663,240,9887.124881268559,65.3628794817645,2.6927123001479663,2,F,Caucasian,<=70,38.40133586227474,True,False,B_calibrated_240
664,240,13080.929643017347,49.40405381512645,2.6927123001479663,1,M,Caucasian,>70,43.41029493774997,True,False,B_calibrated_240
665,240,25047.40570398422,31.38821567380601,3.2758057179415645,1,M,Caucasian,<=70,34.473636336216856,False,False,B_calibrated_240
666,240,41108.46773406226,19.12485226625316,3.2758057179415645,1,F,Caucasian,<=70,32.86043734752999,False,False,B_calibrated_240
667,240,24596.17032899599,31.96405626526118,3.2758057179415645,1,M,Caucasian,<=70,32.57122250054798,False,False,B_calibrated_240
668,240,36858.204069732354,21.33021377869007,3.2758057179415645,1,F,Caucasian,>70,36.698034117053425,False,False,B_calibrated_240
669,240,20706.79457027212,37.967893564495995,3.2758057179415645,0,F,Caucasian,>70,33.181683191226945,False,False,B_calibrated_240
670,240,17734.840844104438,36.43962512639881,2.6927123001479663,0,F,Caucasian,>70,25.253583004426922,True,False,B_calibrated_240
671,240,21884.170562557047,35.925207677330086,3.2758057179415645,0,M,Caucasian,<=70,32.52160120826224,False,False,B_calibrated_240
672,240,3485.2899220847294,185.4224372958208,2.6927123001479663,0,M,Caucasian,<=70,40.18630327446956,True,False,B_calibrated_240
673,240,14244.608917560112,55.19234517816714,3.2758057179415645,0,M,Asian,<=70,37.570395288402906,False,False,B_calibrated_240
674,240,11203.63017595208,70.17309211022445,3.2758057179415645,0,F,Caucasian,<=70,42.94555769098173,False,False,B_calibrated_240
675,240,14889.339310983818,43.403601633201724,2.6927123001479663,0,F,Caucasian,<=70,37.49154999095699,True,False,B_calibrated_240
676,240,28481.30018919317,22.690359911333076,2.6927123001479663,1,F,Caucasian,>70,37.75609351331048,True,False,B_calibrated_240
677,240,8547.220229134204,91.98234645062064,3.2758057179415645,1,M,Asian,>70,33.57993095967286,False,False,B_calibrated_240
678,240,24317.715534067145,32.330066991884266,3.2758057179415645,1,M,Caucasian,>70,39.69050975903768,False,False,B_calibrated_240
679,240,17382.91574627192,45.22793435701883,3.2758057179415645,2,M,Caucasian,<=70,39.794153257402996,False,False,B_calibrated_240
680,240,22775.579961334894,34.51913732342542,3.2758057179415645,0,M,Caucasian,>70,25.91228419326302,False,False,B_calibrated_240
681,240,12961.916211162814,60.65410079019836,3.2758057179415645,0,F,Caucasian,>70,45.326557754533674,False,False,B_calibrated_240
682,240,15783.664593614772,49.81057267423354,3.2758057179415645,1,F,Caucasian,>70,35.815604239009645,False,False,B_calibrated_240
683,240,26753.786412725334,24.15549492942521,2.6927123001479663,0,F,Caucasian,>70,31.693825574081973,True,False,B_calibrated_240
684,240,13812.854819212358,46.78619738597692,2.6927123001479663,2,F,Asian,>70,42.04513522700021,True,False,B_calibrated_240
685,240,35490.558794473145,22.152183538693883,3.2758057179415645,1,M,Caucasian,<=70,33.19899496522642,False,False,B_calibrated_240
686,240,19428.802339202626,33.26252132029434,2.6927123001479663,1,F,Caucasian,<=70,36.85968017479024,True,False,B_calibrated_240
687,240,17622.52570109918,44.612979185891476,3.2758057179415645,1,M,Caucasian,<=70,38.44845375264225,False,False,B_calibrated_240
688,240,22560.255804307013,34.848601856539325,3.2758057179415645,0,F,Caucasian,<=70,33.16487870005744,False,False,B_calibrated_240
689,240,8149.603606371849,79.29845220082042,2.6927123001479663,1,F,Caucasian,>70,37.44323570746392,True,False,B_calibrated_240
690,240,61686.27109760041,10.476414614412493,2.6927123001479663,1,F,Caucasian,>70,36.925474693507596,True,False,B_calibrated_240
691,240,11998.83007239593,65.52250240751916,3.2758057179415645,0,F,Caucasian,>70,32.72784607562377,False,False,B_calibrated_240
692,240,23363.731490303147,27.66043396380116,2.6927123001479663,1,M,Caucasian,<=70,32.677090884791,True,False,B_calibrated_240
693,240,21951.703545632816,29.439671991383115,2.6927123001479663,1,M,Caucasian,<=70,50.057197366934325,True,False,B_calibrated_240
694,240,12987.750410195016,60.533452482181666,3.2758057179415645,2,M,Caucasian,>70,51.0,False,False,B_calibrated_240
695,240,10147.128818573185,77.47939208842371,3.2758057179415645,1,M,Caucasian,>70,38.60067956346852,False,False,B_calibrated_240
696,240,27364.80704990334,28.730090107057876,3.2758057179415645,2,M,Caucasian,>70,39.99713988679125,False,False,B_calibrated_240
697,240,16913.807793551914,46.48234045829098,3.2758057179415645,0,M,Caucasian,>70,29.96750367028895,False,False,B_calibrated_240
698,240,22350.85434934061,35.175092639318706,3.2758057179415645,0,F,Caucasian,<=70,27.883415822086775,False,False,B_calibrated_240
699,240,22173.424552413988,29.145292848558004,2.6927123001479663,0,F,Caucasian,<=70,31.72407841811079,True,False,B_calibrated_240
700,240,18952.755101302406,34.097995177023236,2.6927123001479663,0,F,Caucasian,>70,46.63117333077217,True,False,B_calibrated_240
701,240,13969.71825596821,46.26084364725233,2.6927123001479663,1,M,Caucasian,<=70,40.448285587104756,True,False,B_calibrated_240
702,240,19033.86528369236,41.30497723862542,3.2758057179415645,0,M,Caucasian,>70,32.84479455687136,False,False,B_calibrated_240
703,240,13814.51919762737,56.910657624697016,3.2758057179415645,1,F,Caucasian,>70,48.14356009451748,False,False,B_calibrated_240
704,240,20007.530623541203,39.29487287056439,3.2758057179415645,1,M,Caucasian,>70,39.73054863755746,False,False,B_calibrated_240
705,240,18486.41218716331,42.52817498313147,3.2758057179415645,2,F,Caucasian,<=70,30.260689083719125,False,False,B_calibrated_240
706,240,20068.774649284805,39.17495642086914,3.2758057179415645,1,M,Caucasian,>70,37.86351056102679,False,False,B_calibrated_240
707,240,9474.730678774225,82.97791240306661,3.2758057179415645,1,M,Caucasian,>70,35.71268068939237,False,False,B_calibrated_240
708,240,9718.276381014146,80.8984372827574,3.2758057179415645,0,M,Caucasian,<=70,45.359276888204704,False,False,B_calibrated_240
709,240,57399.86827713551,13.69678007813731,3.2758057179415645,1,M,Caucasian,<=70,39.23713569551955,False,False,B_calibrated_240
710,240,18069.847298759585,43.50857864526305,3.2758057179415645,1,M,Caucasian,>70,43.88186187380139,False,False,B_calibrated_240
711,240,15061.570864714866,52.1986304992802,3.2758057179415645,1,M,Caucasian,>70,35.25072448247439,False,False,B_calibrated_240
712,240,14208.787599723608,55.331488826060614,3.2758057179415645,1,F,Asian,<=70,41.34349128075717,False,False,B_calibrated_240
713,240,37186.965413698665,21.141638301477627,3.2758057179415645,1,F,Caucasian,<=70,43.387295584468404,False,False,B_calibrated_240
714,240,11431.06532014865,56.534621571658384,2.6927123001479663,0,F,Asian,<=70,36.50606271872471,True,False,B_calibrated_240
715,240,9389.683037079621,68.82564081060917,2.6927123001479663,1,F,Caucasian,>70,39.411555852637264,True,False,B_calibrated_240
716,240,6323.841038431063,102.1927888617273,2.6927123001479663,0,F,Caucasian,<=70,39.3531960753881,True,False,B_calibrated_240
717,240,18000.967816337266,35.900900364312044,2.6927123001479663,0,M,Asian,<=70,42.20704359960683,True,False,B_calibrated_240
718,240,7315.514890038313,107.46931475411952,3.2758057179415645,0,M,Caucasian,<=70,32.66297190964726,False,False,B_calibrated_240
719,240,57010.5685134688,13.790309284851922,3.2758057179415645,1,M,Caucasian,>70,38.31755066762367,False,False,B_calibrated_240
720,240,38806.50084711031,20.259321380286693,3.2758057179415645,1,M,Caucasian,>70,36.32344081317824,False,False,B_calibrated_240
721,240,9648.631415888618,81.48237179122971,3.2758057179415645,1,M,Caucasian,>70,39.9636414118727,False,False,B_calibrated_240
722,240,10919.107510319389,72.0016147439672,3.2758057179415645,1,M,Caucasian,<=70,37.00963779267777,False,False,B_calibrated_240
723,240,14555.070221502974,44.40040083631965,2.6927123001479663,1,M,Caucasian,<=70,45.083753004475014,True,False,B_calibrated_240
724,240,16566.206066132498,47.45765983879965,3.2758057179415645,0,F,Asian,<=70,33.862477868164625,False,False,B_calibrated_240
725,240,25079.343390771384,31.34824385375561,3.2758057179415645,1,M,Caucasian,>70,38.56735932926113,False,False,B_calibrated_240
726,240,35261.83574510653,18.327206691874956,2.6927123001479663,1,F,Caucasian,<=70,34.418207031709294,True,False,B_calibrated_240
727,240,27562.978449947605,28.52352744583269,3.2758057179415645,0,F,Caucasian,>70,36.57227997620311,False,False,B_calibrated_240
728,240,14909.772751679468,43.34411816992428,2.6927123001479663,0,F,Caucasian,<=70,37.7620705009563,True,False,B_calibrated_240
729,240,7227.187905324925,108.78274961229602,3.2758057179415645,0,F,Asian,<=70,38.47405328885428,False,False,B_calibrated_240
730,240,38398.63568480065,20.4745131769662,3.2758057179415645,1,M,Caucasian,>70,32.30384763204394,False,False,B_calibrated_240
731,240,21205.66136578678,30.4753971539965,2.6927123001479663,2,F,Caucasian,>70,41.89108178743484,True,False,B_calibrated_240
732,240,45407.215045358316,17.314283016930872,3.2758057179415645,0,M,Caucasian,>70,34.22014383540367,False,False,B_calibrated_240
733,240,18223.13932160782,35.463206455828896,2.6927123001479663,1,M,Caucasian,>70,33.66510438280435,True,False,B_calibrated_240
734,240,24614.392235871008,31.940393440234587,3.2758057179415645,1,M,Asian,<=70,35.53275505318535,False,False,B_calibrated_240
735,240,16002.137250137459,49.130523005558025,3.2758057179415645,0,F,Caucasian,<=70,37.24638225315404,False,False,B_calibrated_240
736,240,19734.27474929618,39.83897975951789,3.2758057179415645,2,M,Caucasian,<=70,43.86827993507423,False,False,B_calibrated_240
737,240,4568.483497243562,172.0906670190081,3.2758057179415645,0,M,Asian,<=70,47.32656977226114,False,False,B_calibrated_240
738,240,33853.367112091095,23.223491173059063,3.2758057179415645,1,F,Caucasian,<=70,29.46505638659667,False,False,B_calibrated_240
739,240,9865.055116350994,79.69477747801801,3.2758057179415645,0,M,Caucasian,<=70,36.889447647048634,False,False,B_calibrated_240
740,240,10228.626294445517,76.86206824594858,3.2758057179415645,1,M,Caucasian,<=70,42.897718409976385,False,False,B_calibrated_240
741,240,13319.752327461005,59.024623955289314,3.2758057179415645,1,M,Caucasian,<=70,44.05624089701275,False,False,B_calibrated_240
742,240,21006.333660922683,37.42649169514537,3.2758057179415645,1,F,Caucasian,>70,39.60970410217127,False,False,B_calibrated_240
743,240,9257.969920085778,69.80482304586319,2.6927123001479663,1,M,Asian,>70,36.27699699820216,True,False,B_calibrated_240
744,240,27495.165114908177,28.59387710604047,3.2758057179415645,1,M,Caucasian,<=70,32.013822666947306,False,False,B_calibrated_240
745,240,27686.46345436151,28.396309033905325,3.2758057179415645,1,F,Caucasian,>70,49.29486593121267,False,False,B_calibrated_240
746,240,40429.94849374246,15.984461423084309,2.6927123001479663,1,M,Caucasian,<=70,27.543870675879436,True,False,B_calibrated_240
747,240,30739.89589630989,25.575668016505954,3.2758057179415645,1,M,Caucasian,<=70,36.33939278449542,False,False,B_calibrated_240
748,240,9802.191617790144,80.20587670201238,3.2758057179415645,1,M,Asian,>70,43.31110393497472,False,False,B_calibrated_240
749,240,26607.51825608543,24.288283702960804,2.6927123001479663,0,F,Caucasian,>70,36.18594382550458,True,False,B_calibrated_240
750,240,17424.187002575876,37.08930304409465,2.6927123001479663,2,F,Caucasian,<=70,42.53466950386222,True,False,B_calibrated_240
751,240,22732.247773991803,34.584937667513344,3.2758057179415645,1,F,Caucasian,<=70,39.08727079322018,False,False,B_calibrated_240
752,240,18030.481327974376,35.84213534182532,2.6927123001479663,0,F,Asian,<=70,33.381320010696484,True,False,B_calibrated_240
753,240,14548.828159860792,54.038260928466286,3.2758057179415645,0,F,Caucasian,<=70,33.37669134392933,False,False,B_calibrated_240
754,240,8360.934000784511,77.29410996126435,2.6927123001479663,0,F,Caucasian,<=70,34.16397642535859,True,False,B_calibrated_240
755,240,13122.508431940769,49.247516615231,2.6927123001479663,0,M,Caucasian,>70,39.52732125142864,True,False,B_calibrated_240
756,240,27425.368282477513,23.56398446063572,2.6927123001479663,1,F,Asian,<=70,44.01271499444536,True,False,B_calibrated_240
757,240,18036.856423858673,43.58815936828215,3.2758057179415645,1,M,Caucasian,<=70,41.53956374889112,False,False,B_calibrated_240
758,240,5824.666523403273,134.9765465794621,3.2758057179415645,1,M,Asian,>70,42.681399142583494,False,False,B_calibrated_240
759,240,56258.54669627113,11.487160440252644,2.6927123001479663,0,M,Caucasian,>70,29.20820187736799,True,False,B_calibrated_240
760,240,11292.3069261583,57.229311624402484,2.6927123001479663,1,F,Caucasian,<=70,39.874191051183296,True,False,B_calibrated_240
761,240,23111.55119501131,34.017334694335766,3.2758057179415645,1,F,Asian,>70,40.11627751696476,False,False,B_calibrated_240
762,240,22733.59106900948,34.582894093565244,3.2758057179415645,1,F,Caucasian,>70,40.55928442159434,False,False,B_calibrated_240
763,240,17840.399578251865,36.2240178086211,2.6927123001479663,0,F,Caucasian,<=70,34.85955037090459,True,False,B_calibrated_240
764,240,15007.506417150178,43.06184745634981,2.6927123001479663,1,M,Caucasian,<=70,31.113837977737916,True,False,B_calibrated_240
765,240,10801.53318981399,59.829557589559265,2.6927123001479663,0,M,Caucasian,<=70,38.82285289530763,True,False,B_calibrated_240
766,240,5469.529224749895,143.74059265437523,3.2758057179415645,0,F,Caucasian,<=70,40.272579014801586,False,False,B_calibrated_240
767,240,31298.58795603176,25.119132320295712,3.2758057179415645,0,F,Caucasian,<=70,36.847843671177564,False,False,B_calibrated_240
768,240,16711.732722381043,38.6704935251882,2.6927123001479663,0,M,Asian,>70,38.64150712293202,True,False,B_calibrated_240
769,240,45412.10484315496,17.312418682669357,3.2758057179415645,1,F,Caucasian,<=70,33.47954335485271,False,False,B_calibrated_240
770,240,20672.829706089582,38.030273720795314,3.2758057179415645,1,M,Caucasian,<=70,37.79239212903764,False,False,B_calibrated_240
771,240,28690.601647279836,27.402470745346488,3.2758057179415645,1,M,Caucasian,>70,37.62149551265571,False,False,B_calibrated_240
772,240,11855.305367316338,66.31574201989068,3.2758057179415645,1,M,Asian,<=70,35.99119734732024,False,False,B_calibrated_240
773,240,35524.416331466105,22.13107078157951,3.2758057179415645,1,F,Caucasian,<=70,30.31420873816177,False,False,B_calibrated_240
774,240,84393.74008524191,9.315778297204043,3.2758057179415645,2,M,Caucasian,>70,32.010034429490084,False,False,B_calibrated_240
775,240,31381.914627942017,20.59310146297126,2.6927123001479663,1,F,Caucasian,<=70,31.799744259417107,True,False,B_calibrated_240
776,240,13358.185255264129,58.85480379875374,3.2758057179415645,1,F,Caucasian,<=70,37.044061829429694,False,False,B_calibrated_240
777,240,23949.69384383867,32.82686523812214,3.2758057179415645,1,M,Caucasian,>70,45.70724129493422,False,False,B_calibrated_240
778,240,13769.936107974416,46.93202255755249,2.6927123001479663,1,M,Caucasian,>70,40.55397155054109,True,False,B_calibrated_240
779,240,17557.750680169112,36.80716076948459,2.6927123001479663,1,M,Caucasian,>70,47.53830337804404,True,False,B_calibrated_240
780,240,22410.441958900024,35.08156482356872,3.2758057179415645,1,M,Caucasian,<=70,40.70647122801879,False,False,B_calibrated_240
781,240,14676.196603322913,44.03395303993072,2.6927123001479663,1,M,Caucasian,<=70,35.78799048306733,True,False,B_calibrated_240
782,240,15889.339018669252,40.671984610322454,2.6927123001479663,1,M,Asian,<=70,40.33315573330211,True,False,B_calibrated_240
783,240,51543.741862588824,12.537913016838422,2.6927123001479663,2,M,Caucasian,>70,41.623485509573314,True,False,B_calibrated_240
784,240,7397.838062068066,106.27339578263152,3.2758057179415645,1,F,Caucasian,<=70,34.87285474083972,False,False,B_calibrated_240
785,240,21803.46736853615,36.05818097723781,3.2758057179415645,1,M,Caucasian,<=70,31.132304366913658,False,False,B_calibrated_240
786,240,6966.504278351681,92.7654568509673,2.6927123001479663,1,M,Caucasian,<=70,38.01108898545433,True,False,B_calibrated_240
787,240,10103.162722946452,63.96521265244369,2.6927123001479663,1,M,Caucasian,<=70,46.68610052238952,True,False,B_calibrated_240
788,240,29517.396322416935,26.634916024381944,3.2758057179415645,1,F,Caucasian,>70,37.81168035888371,False,False,B_calibrated_240
789,240,14267.728239922955,55.102911906192915,3.2758057179415645,2,M,Caucasian,<=70,34.39682299747777,False,False,B_calibrated_240
790,240,14017.435156657337,56.086820700047014,3.2758057179415645,1,M,Asian,<=70,40.81757519892603,False,False,B_calibrated_240
791,240,14702.086043842575,53.474953823661195,3.2758057179415645,1,F,Caucasian,<=70,43.14492668409629,False,False,B_calibrated_240
792,240,13353.861226912213,58.87386119615722,3.2758057179415645,1,M,Caucasian,<=70,35.53690207785198,False,False,B_calibrated_240
793,240,18500.15989958619,34.93218196724706,2.6927123001479663,1,F,Asian,>70,42.39793107188776,True,False,B_calibrated_240
794,240,16835.546391630724,46.69841738530134,3.2758057179415645,1,F,Caucasian,<=70,41.469664875908066,False,False,B_calibrated_240
795,240,17448.33466883185,45.05836157019394,3.2758057179415645,1,F,Caucasian,>70,44.262698924631465,False,False,B_calibrated_240
796,240,53196.596755516744,14.779016332928165,3.2758057179415645,1,F,Caucasian,<=70,28.160447128006307,False,False,B_calibrated_240
797,240,17244.22525767817,37.47636918322915,2.6927123001479663,0,F,Caucasian,>70,38.44814961717553,True,False,B_calibrated_240
798,240,10560.724583056059,74.44502184702057,3.2758057179415645,2,F,Caucasian,<=70,36.58044785629738,False,False,B_calibrated_240
799,240,26101.594669441278,30.120511112925215,3.2758057179415645,1,F,Caucasian,<=70,33.759280942170044,False,False,B_calibrated_240
800,240,38494.29983152661,16.78822461673237,2.6927123001479663,1,F,Asian,>70,35.787261818017264,True,False,B_calibrated_240
801,240,99071.02896223169,7.935653647098908,3.2758057179415645,1,F,Caucasian,<=70,38.78511027750464,False,False,B_calibrated_240
802,240,39495.53582969077,19.905879380802183,3.2758057179415645,1,F,Caucasian,>70,29.4216746962127,False,False,B_calibrated_240
803,240,32323.39361689764,19.993289061630968,2.6927123001479663,1,M,Caucasian,<=70,28.239471211222906,True,False,B_calibrated_240
804,240,13395.728140657517,48.24306265771913,2.6927123001479663,1,M,Asian,<=70,43.688595000450064,True,False,B_calibrated_240
805,240,44149.09286087555,14.63792141940503,2.6927123001479663,1,F,Caucasian,>70,37.386754129475456,True,False,B_calibrated_240
806,240,11104.845323232084,70.79732760088122,3.2758057179415645,1,M,Caucasian,>70,36.53021851090724,False,False,B_calibrated_240
807,240,13255.457042076441,59.31092151786113,3.2758057179415645,1,M,Caucasian,>70,36.19283459718697,False,False,B_calibrated_240
808,240,12709.98670332788,61.85634892128762,3.2758057179415645,1,F,Caucasian,<=70,39.003552670923355,False,False,B_calibrated_240
809,240,6595.18951866793,97.98823069545983,2.6927123001479663,0,M,Asian,<=70,29.658878867234854,True,False,B_calibrated_240
810,240,27184.80221172953,28.92032710713465,3.2758057179415645,0,M,Asian,>70,44.74740194395386,False,False,B_calibrated_240
811,240,12276.70274389747,64.03945657939614,3.2758057179415645,2,M,Asian,>70,50.063805015188585,False,False,B_calibrated_240
812,240,14271.02084106467,55.09019859628504,3.2758057179415645,2,M,Caucasian,<=70,41.43750572641966,False,False,B_calibrated_240
813,240,20730.38204639429,31.174097543847083,2.6927123001479663,1,M,Caucasian,<=70,40.6750809961797,True,False,B_calibrated_240
814,240,61664.915328939525,12.74944379818215,3.2758057179415645,1,M,Caucasian,>70,42.202360848005284,False,False,B_calibrated_240
815,240,23467.972544514283,33.50069422549034,3.2758057179415645,0,M,Caucasian,<=70,36.01968881730296,False,False,B_calibrated_240
816,240,31028.992555036977,25.337379900797057,3.2758057179415645,0,F,Asian,>70,35.805594014864425,False,False,B_calibrated_240
817,240,23154.720058887277,33.953913945257035,3.2758057179415645,0,M,Caucasian,>70,36.424416172585154,False,False,B_calibrated_240
818,240,22403.41537819766,28.846090702064302,2.6927123001479663,1,M,Caucasian,<=70,34.72512506510674,True,False,B_calibrated_240
819,240,10286.069493017887,76.43282721739709,3.2758057179415645,1,M,Caucasian,>70,33.88449703877184,False,False,B_calibrated_240
820,240,15558.527796346494,50.53134734833922,3.2758057179415645,1,F,Caucasian,>70,39.18022002721304,False,False,B_calibrated_240
821,240,17153.91601452919,45.831713973653464,3.2758057179415645,0,M,Caucasian,<=70,36.246212314985904,False,False,B_calibrated_240
822,240,27311.513935053357,23.662216366778253,2.6927123001479663,0,F,Caucasian,<=70,42.924842582934915,True,False,B_calibrated_240
823,240,27632.56193157538,23.387297697396967,2.6927123001479663,1,M,Caucasian,<=70,41.44000795765396,True,False,B_calibrated_240
824,240,47863.8287100603,16.42562648024705,3.2758057179415645,2,F,Caucasian,>70,31.22458809213882,False,False,B_calibrated_240
825,240,24086.58475964306,32.64030082102956,3.2758057179415645,0,M,Caucasian,<=70,40.722334780625175,False,False,B_calibrated_240
826,240,6425.192544275631,122.3610602932694,3.2758057179415645,0,M,Caucasian,<=70,41.46579600921673,False,False,B_calibrated_240
827,240,34680.61915917325,22.66953103396432,3.2758057179415645,0,F,Caucasian,<=70,37.08015465683055,False,False,B_calibrated_240
828,240,12314.736687677245,52.477853844993994,2.6927123001479663,1,M,Caucasian,<=70,39.368550138613756,True,False,B_calibrated_240
829,240,18107.871248595806,43.41721682867287,3.2758057179415645,1,F,Caucasian,>70,35.416007917790765,False,False,B_calibrated_240
830,240,18087.694924098858,43.46564753580087,3.2758057179415645,1,F,Caucasian,<=70,41.83503851575694,False,False,B_calibrated_240
831,240,39810.04942096399,19.748615832965175,3.2758057179415645,1,F,Caucasian,<=70,40.847896509881494,False,False,B_calibrated_240
832,240,32518.335714164663,24.17692526507491,3.2758057179415645,1,F,Caucasian,>70,34.9979887753507,False,False,B_calibrated_240
833,240,43027.546643658636,18.271861484852842,3.2758057179415645,0,F,Asian,<=70,32.96665320857525,False,False,B_calibrated_240
834,240,13284.262888236553,59.18231059716256,3.2758057179415645,1,M,Caucasian,>70,39.48424357876442,False,False,B_calibrated_240
835,240,31046.422472390565,20.815633511726507,2.6927123001479663,1,M,Caucasian,<=70,38.49249011879162,True,False,B_calibrated_240
836,240,7783.91885614623,83.02385520440366,2.6927123001479663,1,M,Asian,<=70,33.60201343317375,True,False,B_calibrated_240
837,240,26909.64488151179,29.21604412721655,3.2758057179415645,1,M,Caucasian,<=70,32.34316773198583,False,False,B_calibrated_240
838,240,17841.483801079532,36.22181648347035,2.6927123001479663,0,M,Caucasian,<=70,37.58483654600025,True,False,B_calibrated_240
839,240,6678.560040997766,117.71899443589032,3.2758057179415645,1,M,Caucasian,>70,44.14737146341942,False,False,B_calibrated_240
840,240,8110.208732899419,96.93873464893048,3.2758057179415645,1,M,Caucasian,<=70,33.72287763220959,False,False,B_calibrated_240
841,240,35190.34968455186,22.34116396550344,3.2758057179415645,1,F,Caucasian,<=70,36.204150681558424,False,False,B_calibrated_240
842,240,11236.696769494094,69.96659146666391,3.2758057179415645,0,F,Caucasian,>70,42.05667471061365,False,False,B_calibrated_240
843,240,38903.83884318586,20.20863225027676,3.2758057179415645,1,F,Caucasian,>70,37.61601811682115,False,False,B_calibrated_240
844,240,13862.001464824618,56.7157184553019,3.2758057179415645,0,F,Caucasian,>70,34.614465254652764,False,False,B_calibrated_240
845,240,14732.210096798875,53.36560958201414,3.2758057179415645,1,M,Asian,<=70,38.517957977951674,False,False,B_calibrated_240
846,240,13381.196503088477,58.75359293352552,3.2758057179415645,0,F,Caucasian,>70,37.1663644076505,False,False,B_calibrated_240
847,240,25195.834269837567,31.20330781216255,3.2758057179415645,0,M,Caucasian,<=70,36.859784192997786,False,False,B_calibrated_240
848,240,5705.167819464328,137.80372412950214,3.2758057179415645,0,M,Caucasian,<=70,40.65546571275584,False,False,B_calibrated_240
849,240,24187.94732777405,32.503517626037706,3.2758057179415645,0,M,Caucasian,>70,42.21686939517963,False,False,B_calibrated_240
850,240,8659.62778356776,90.78835626143558,3.2758057179415645,2,M,Caucasian,<=70,39.30443917973692,False,False,B_calibrated_240
851,240,8678.203717333685,74.46828549838051,2.6927123001479663,0,F,Asian,>70,35.44389904663739,True,False,B_calibrated_240
852,240,15087.287227565648,52.10965765068348,3.2758057179415645,0,M,Caucasian,<=70,41.21508235810248,False,False,B_calibrated_240
853,240,11089.096650304977,70.89787356884054,3.2758057179415645,1,F,Caucasian,>70,40.603984841433515,False,False,B_calibrated_240
854,240,22256.25883714196,35.324596917158004,3.2758057179415645,1,M,Caucasian,>70,36.24270606967834,False,False,B_calibrated_240
855,240,36464.29760747295,17.722841092188485,2.6927123001479663,1,F,Caucasian,>70,29.63941727605633,True,False,B_calibrated_240
856,240,38428.21730501823,20.458752121278046,3.2758057179415645,0,F,Caucasian,>70,37.82615237703881,False,False,B_calibrated_240
857,240,15025.975398554832,43.008918548985974,2.6927123001479663,2,F,Caucasian,>70,35.34667993937512,True,False,B_calibrated_240
858,240,20578.320719564315,38.20493338693677,3.2758057179415645,0,M,Asian,>70,31.69233992501367,False,False,B_calibrated_240
859,240,37470.69657428451,20.981552097580337,3.2758057179415645,0,F,Caucasian,>70,36.80913948278693,False,False,B_calibrated_240
860,240,22805.53787991131,28.337457131619523,2.6927123001479663,0,F,Caucasian,>70,34.32711402705418,True,False,B_calibrated_240
861,240,10282.263042170216,62.85104255600833,2.6927123001479663,1,M,Caucasian,>70,37.44617192889215,True,False,B_calibrated_240
862,240,15367.217266544178,42.053869664643756,2.6927123001479663,0,M,Caucasian,<=70,34.115488477070365,True,False,B_calibrated_240
863,240,34643.531914770356,18.65430330906824,2.6927123001479663,1,M,Caucasian,<=70,43.71457922596143,True,False,B_calibrated_240
864,240,9293.555024705835,84.59554715240527,3.2758057179415645,0,M,Caucasian,<=70,45.10786448778512,False,False,B_calibrated_240
865,240,12476.724226178838,63.01280352549377,3.2758057179415645,0,M,Caucasian,>70,41.87810380598598,False,False,B_calibrated_240
866,240,10119.938087050275,63.85918040965791,2.6927123001479663,2,F,Caucasian,>70,38.43763825159926,True,False,B_calibrated_240
867,240,21848.85322574032,35.9832785814019,3.2758057179415645,0,F,Asian,>70,44.26329913937265,False,False,B_calibrated_240
868,240,18842.569813835435,41.72431786500275,3.2758057179415645,1,F,Caucasian,>70,39.71728602158889,False,False,B_calibrated_240
869,240,28493.719226520403,22.68047027830669,2.6927123001479663,0,M,Asian,>70,41.777535613253136,True,False,B_calibrated_240
870,240,44969.45176200015,14.370887940902218,2.6927123001479663,0,F,Caucasian,<=70,30.976882829991617,True,False,B_calibrated_240
871,240,13456.82886698571,58.42337597342727,3.2758057179415645,0,F,Caucasian,<=70,37.848631970242266,False,False,B_calibrated_240
872,240,24274.50753224954,26.62261844764285,2.6927123001479663,0,F,Caucasian,<=70,41.73086362148907,True,False,B_calibrated_240
873,240,28224.992839389168,27.854510956998702,3.2758057179415645,1,M,Asian,<=70,43.96603375149467,False,False,B_calibrated_240
874,240,15066.717582074305,52.18079970128016,3.2758057179415645,0,M,Caucasian,>70,39.488271181075355,False,False,B_calibrated_240
875,240,30313.24991341661,25.935634567443962,3.2758057179415645,0,M,Caucasian,>70,32.585765928736215,False,False,B_calibrated_240
876,240,64780.403256037745,9.976025457595144,2.6927123001479663,1,M,Caucasian,<=70,32.041717506820376,True,False,B_calibrated_240
877,240,22206.089539839588,35.40440431420753,3.2758057179415645,2,M,Asian,<=70,38.35344366706014,False,False,B_calibrated_240
878,240,16869.63322137632,38.308536027719704,2.6927123001479663,1,F,Caucasian,>70,40.03549599390276,True,False,B_calibrated_240
879,240,7752.849517680599,83.35657109837071,2.6927123001479663,1,M,Caucasian,>70,41.7398720984723,True,False,B_calibrated_240
880,240,16208.726799657725,39.87055615306926,2.6927123001479663,1,F,Asian,<=70,42.43945058347287,True,False,B_calibrated_240
881,240,17787.429011301396,44.19938214828353,3.2758057179415645,2,M,Caucasian,>70,32.381174686765036,False,False,B_calibrated_240
882,240,34008.68949229304,23.117426282601706,3.2758057179415645,1,M,Caucasian,>70,33.39083821087739,False,False,B_calibrated_240
883,240,39481.87373302289,16.368294889079273,2.6927123001479663,1,F,Caucasian,<=70,25.630266405126477,True,False,B_calibrated_240
884,240,8671.11457685944,74.52916765281347,2.6927123001479663,1,M,Caucasian,>70,37.24242186057547,True,False,B_calibrated_240
885,240,13439.202532688136,58.500001796514304,3.2758057179415645,1,F,Caucasian,<=70,46.38547895767226,False,False,B_calibrated_240
886,240,15972.726255983105,40.459652389862846,2.6927123001479663,1,M,Caucasian,<=70,29.21027497191153,True,False,B_calibrated_240
887,240,34191.89914331737,22.993556719695487,3.2758057179415645,0,M,Caucasian,<=70,25.088184627195055,False,False,B_calibrated_240
888,240,18619.518957863645,34.70825178126197,2.6927123001479663,1,M,Caucasian,<=70,36.210634498058155,True,False,B_calibrated_240
889,240,23266.676444118548,27.775817211696086,2.6927123001479663,0,M,Caucasian,>70,38.302701281606694,True,False,B_calibrated_240
890,240,29399.638562514654,26.741599922537606,3.2758057179415645,1,F,Caucasian,>70,41.48210998317834,False,False,B_calibrated_240
891,240,48573.64718320732,16.185594821419443,3.2758057179415645,1,M,Caucasian,<=70,31.69610970611906,False,False,B_calibrated_240
892,240,11241.129447988507,69.93900176522362,3.2758057179415645,1,F,Asian,>70,50.928993925525326,False,False,B_calibrated_240
893,240,15853.227744667232,49.592006433543986,3.2758057179415645,1,M,Asian,>70,35.539133890874496,False,False,B_calibrated_240
894,240,21277.004599884316,30.373211088135292,2.6927123001479663,1,M,Caucasian,>70,39.607121542696156,True,False,B_calibrated_240
895,240,21963.88921560383,35.79481596307812,3.2758057179415645,0,F,Caucasian,<=70,37.575712725332814,False,False,B_calibrated_240
896,240,18595.675912678376,42.27828964097806,3.2758057179415645,0,F,Caucasian,<=70,39.55549795806327,False,False,B_calibrated_240
897,240,6047.797931615886,106.85723288754835,2.6927123001479663,1,M,Caucasian,<=70,39.695994345156706,True,False,B_calibrated_240
898,240,27629.55865028339,28.45479300835345,3.2758057179415645,1,M,Caucasian,>70,38.22832133133447,False,False,B_calibrated_240
899,240,26440.68550843752,29.734228034862873,3.2758057179415645,0,M,Caucasian,>70,34.72709458834359,False,False,B_calibrated_240
900,240,15103.128107358041,52.055002560890195,3.2758057179415645,2,M,Caucasian,<=70,43.70422014125266,False,False,B_calibrated_240
901,240,16916.97011139631,46.4736514357466,3.2758057179415645,0,M,Caucasian,>70,42.5111417655809,False,False,B_calibrated_240
902,240,15835.958382146599,49.646087299163845,3.2758057179415645,1,F,Asian,<=70,40.87674487449981,False,False,B_calibrated_240
903,240,46873.06813689865,16.772816535282043,3.2758057179415645,1,F,Asian,>70,45.45591889046656,False,False,B_calibrated_240
904,240,25357.55920121985,25.485534585853333,2.6927123001479663,1,F,Caucasian,<=70,34.06729392207735,True,False,B_calibrated_240
905,240,19003.29975805812,41.371413507940886,3.2758057179415645,0,F,Caucasian,<=70,34.6959135039802,False,False,B_calibrated_240
906,240,29550.194607448466,21.869600543091412,2.6927123001479663,1,F,Asian,>70,42.9101328991584,True,False,B_calibrated_240
907,240,16849.531567555554,38.35423848102067,2.6927123001479663,1,M,Caucasian,>70,33.69300544523968,True,False,B_calibrated_240
908,240,29725.05745000279,26.448842819844632,3.2758057179415645,0,M,Caucasian,<=70,37.557144754055855,False,False,B_calibrated_240
909,240,20845.115117364257,31.00251298191087,2.6927123001479663,1,F,Caucasian,>70,47.487769974656075,True,False,B_calibrated_240
910,240,9782.407359691395,80.36808766986141,3.2758057179415645,1,F,Caucasian,<=70,32.448935222670315,False,False,B_calibrated_240
911,240,8385.691306972327,77.06591244280399,2.6927123001479663,1,M,Asian,<=70,43.77349673521337,True,False,B_calibrated_240
912,240,37606.30877231459,20.905890473482568,3.2758057179415645,2,F,Caucasian,<=70,31.937269898559347,False,False,B_calibrated_240
913,240,37009.88720751433,17.461575832749357,2.6927123001479663,1,F,Caucasian,>70,34.23852907681438,True,False,B_calibrated_240
914,240,33245.95976243645,23.647786916781097,3.2758057179415645,0,F,Caucasian,>70,36.74980889192004,False,False,B_calibrated_240
915,240,35666.652124566215,22.04281381835855,3.2758057179415645,0,M,Caucasian,<=70,35.21423515490214,False,False,B_calibrated_240
916,240,11894.726269156388,66.09596173260529,3.2758057179415645,1,F,Caucasian,<=70,34.02562769762812,False,False,B_calibrated_240
917,240,11647.475463691955,67.49903657292376,3.2758057179415645,1,F,Asian,<=70,39.95262520301494,False,False,B_calibrated_240
918,240,16254.128417251288,48.368842187290134,3.2758057179415645,1,M,Asian,>70,39.38858929312024,False,False,B_calibrated_240
919,240,31619.218951108927,24.86441469416507,3.2758057179415645,1,M,Caucasian,>70,39.70736659568507,False,False,B_calibrated_240
920,240,20500.189448974666,38.35054179683679,3.2758057179415645,1,F,Asian,<=70,39.16286462268735,False,False,B_calibrated_240
921,240,22035.33301364115,35.67876064406543,3.2758057179415645,1,M,Caucasian,>70,38.82007932744656,False,False,B_calibrated_240
922,240,22746.196679214634,34.563728758416794,3.2758057179415645,1,F,Caucasian,>70,36.538299628853956,False,False,B_calibrated_240
923,240,9749.701066188665,66.28418119163351,2.6927123001479663,1,F,Caucasian,<=70,39.63654223113531,True,False,B_calibrated_240
924,240,10667.393573781643,60.581898245872324,2.6927123001479663,0,M,Caucasian,<=70,47.69571424787556,True,False,B_calibrated_240
925,240,10502.396897677952,61.53366306108618,2.6927123001479663,1,M,Caucasian,>70,39.3856054749532,True,False,B_calibrated_240
926,240,6201.200752086999,126.78082902595662,3.2758057179415645,1,F,Caucasian,<=70,45.80171355216934,False,False,B_calibrated_240
927,240,13009.981534993734,60.430014461688785,3.2758057179415645,0,M,Caucasian,<=70,45.70671943376509,False,False,B_calibrated_240
928,240,27893.807375059525,23.16825893812328,2.6927123001479663,0,F,Caucasian,<=70,41.30800840092307,True,False,B_calibrated_240
929,240,16222.854007471738,48.46208761688168,3.2758057179415645,1,M,Caucasian,>70,35.11240273938252,False,False,B_calibrated_240
930,240,13738.069824677399,57.22735306627669,3.2758057179415645,0,M,Caucasian,<=70,41.605923660265674,False,False,B_calibrated_240
931,240,23541.722268285215,27.451303038525946,2.6927123001479663,1,M,Caucasian,<=70,36.132370471403014,True,False,B_calibrated_240
932,240,34218.25942363512,18.886143331683773,2.6927123001479663,1,F,Caucasian,<=70,37.853578078047185,True,False,B_calibrated_240
933,240,12659.409106203988,62.103480953205484,3.2758057179415645,0,M,Caucasian,<=70,36.34890229814253,False,False,B_calibrated_240
934,240,24882.059408165587,25.97256687778145,2.6927123001479663,1,F,Caucasian,<=70,30.21172007177072,True,False,B_calibrated_240
935,240,28830.641183802716,27.269368284034737,3.2758057179415645,1,F,Caucasian,>70,29.905572167815034,False,False,B_calibrated_240
936,240,16092.622076743073,48.85427424795961,3.2758057179415645,1,M,Caucasian,<=70,43.79478504016374,False,False,B_calibrated_240
937,240,4539.359548082176,142.36610807983806,2.6927123001479663,0,F,Caucasian,<=70,41.57571175340371,True,False,B_calibrated_240
938,240,18068.741604431143,43.511241099002206,3.2758057179415645,0,F,Caucasian,>70,37.75925916588039,False,False,B_calibrated_240
939,240,20031.920241651052,32.26105856251389,2.6927123001479663,0,F,Asian,<=70,30.561728575220513,True,False,B_calibrated_240
940,240,22101.702893827263,35.571619801547044,3.2758057179415645,0,F,Caucasian,<=70,38.258166454387,False,False,B_calibrated_240
941,240,41139.8294500903,19.11027300829634,3.2758057179415645,2,M,Caucasian,<=70,37.17438032367273,False,False,B_calibrated_240
942,240,22857.367310471014,34.39562227911604,3.2758057179415645,1,M,Caucasian,>70,48.315799944284535,False,False,B_calibrated_240
943,240,29180.038935933964,26.942848638142564,3.2758057179415645,1,M,Asian,>70,36.973791490923716,False,False,B_calibrated_240
944,240,18472.267758203572,42.56073929833685,3.2758057179415645,1,M,Caucasian,<=70,40.07544129929879,False,False,B_calibrated_240
945,240,15861.712425891235,49.565478883771966,3.2758057179415645,1,F,Caucasian,>70,40.2519382087946,False,False,B_calibrated_240
946,240,19804.30232869257,39.69810999940829,3.2758057179415645,0,F,Caucasian,<=70,34.747741223098316,False,False,B_calibrated_240
947,240,5193.731344303122,124.42902976573268,2.6927123001479663,0,M,Caucasian,<=70,34.107505369099606,True,False,B_calibrated_240
948,240,48877.51654901149,16.0849696918956,3.2758057179415645,1,F,Asian,>70,40.948323709014026,False,False,B_calibrated_240
949,240,15735.537374327516,41.069519054993854,2.6927123001479663,0,M,Caucasian,>70,49.37721601921461,True,False,B_calibrated_240
950,240,45061.0174512289,17.44730626992388,3.2758057179415645,0,M,Caucasian,<=70,40.40494694977154,False,False,B_calibrated_240
951,240,16043.139273905002,40.282075783426784,2.6927123001479663,1,F,Caucasian,>70,43.62911087331992,True,False,B_calibrated_240
952,240,8952.397510892304,87.81931000599792,3.2758057179415645,1,F,Caucasian,>70,51.0,False,False,B_calibrated_240
953,240,14586.854161525054,44.30365484424274,2.6927123001479663,1,M,Caucasian,<=70,34.71741875286933,True,False,B_calibrated_240
954,240,12100.109882255567,53.408684575932554,2.6927123001479663,1,F,Caucasian,>70,43.512997052492146,True,False,B_calibrated_240
955,240,18014.89458868588,35.87314645967371,2.6927123001479663,1,M,Caucasian,<=70,36.79468832593052,True,False,B_calibrated_240
956,240,41338.88296570018,15.633004708224002,2.6927123001479663,2,M,Caucasian,>70,30.64927845975344,True,False,B_calibrated_240
957,240,27429.27915118636,23.560624705938015,2.6927123001479663,1,F,Caucasian,>70,38.19172244708165,True,False,B_calibrated_240
958,240,6779.1829144573,115.97170075310075,3.2758057179415645,0,M,Caucasian,<=70,45.396703215711014,False,False,B_calibrated_240
959,240,45780.976817235925,17.17292698765624,3.2758057179415645,0,F,Caucasian,<=70,31.8834488833915,False,False,B_calibrated_240
960,240,19998.32437709867,39.31296230029625,3.2758057179415645,1,M,Caucasian,<=70,34.81545620059981,False,False,B_calibrated_240
961,240,16946.714983140555,38.13429049101462,2.6927123001479663,2,M,Asian,>70,35.96528272259697,True,False,B_calibrated_240
962,240,19495.479628555055,33.148758807090196,2.6927123001479663,0,F,Caucasian,<=70,36.98556098218886,True,False,B_calibrated_240
963,240,17612.65706034668,36.692416699039015,2.6927123001479663,0,F,Asian,<=70,32.729656364577906,True,False,B_calibrated_240
964,240,24763.97219965545,31.747466277518836,3.2758057179415645,0,F,Caucasian,<=70,33.56461895320564,False,False,B_calibrated_240
965,240,10848.105300668458,72.47287434217019,3.2758057179415645,0,F,Caucasian,>70,43.42333583829232,False,False,B_calibrated_240
966,240,14616.782384613516,44.21294201628079,2.6927123001479663,2,M,Caucasian,<=70,33.789373912874055,True,False,B_calibrated_240
967,240,22470.917078073766,28.759438245895986,2.6927123001479663,1,M,Caucasian,<=70,33.81033164471158,True,False,B_calibrated_240
968,240,20288.79312465616,38.750130058280604,3.2758057179415645,0,F,Caucasian,>70,36.45519933213231,False,False,B_calibrated_240
969,240,28292.719099211972,27.787833666643692,3.2758057179415645,1,M,Caucasian,>70,43.085255635880486,False,False,B_calibrated_240
970,240,18551.196054987042,34.836080116881895,2.6927123001479663,1,M,Caucasian,>70,48.133736803188725,True,False,B_calibrated_240
971,240,13088.426985040953,60.06782734124834,3.2758057179415645,1,M,Caucasian,<=70,32.262305239827825,False,False,B_calibrated_240
972,240,7600.891952142631,103.43435708020475,3.2758057179415645,0,M,Caucasian,>70,40.99530178469817,False,False,B_calibrated_240
973,240,27769.433736872154,28.311465756036313,3.2758057179415645,1,F,Asian,>70,36.78750785309674,False,False,B_calibrated_240
974,240,7630.484656108734,103.03321580976811,3.2758057179415645,1,M,Caucasian,<=70,46.36897466519882,False,False,B_calibrated_240
975,240,77100.29163164682,8.381952108858819,2.6927123001479663,1,F,Caucasian,<=70,28.215952255351446,True,False,B_calibrated_240
976,240,33510.33967944127,23.46121763690472,3.2758057179415645,1,F,Caucasian,<=70,33.35033338570347,False,False,B_calibrated_240
977,240,9881.977286504285,65.39692748718318,2.6927123001479663,0,M,Caucasian,>70,39.82638527776319,True,False,B_calibrated_240
978,240,21688.456221666023,36.2493929614315,3.2758057179415645,1,F,Caucasian,<=70,41.735057814652244,False,False,B_calibrated_240
979,240,17294.535045802542,45.45906381546742,3.2758057179415645,0,F,Caucasian,<=70,40.16622528717318,False,False,B_calibrated_240
980,240,16380.089837470205,39.45344368973992,2.6927123001479663,1,M,Caucasian,<=70,37.042369777844016,True,False,B_calibrated_240
981,240,7803.28215366209,100.75162692111728,3.2758057179415645,0,F,Asian,<=70,34.32306259298729,False,False,B_calibrated_240
982,240,36395.66661195041,17.756260901217214,2.6927123001479663,1,F,Caucasian,>70,31.078279388625074,True,False,B_calibrated_240
983,240,6987.806015599725,92.48266918011286,2.6927123001479663,1,M,Caucasian,<=70,33.590809553916785,True,False,B_calibrated_240
984,240,8976.833785108147,87.58025280697608,3.2758057179415645,1,F,Caucasian,<=70,41.03884530309747,False,False,B_calibrated_240
985,240,30525.18297050214,25.75556625051878,3.2758057179415645,0,F,Caucasian,>70,40.94215038777163,False,False,B_calibrated_240
986,240,17914.28538272099,43.88639320574232,3.2758057179415645,2,F,Caucasian,>70,32.445209854781794,False,False,B_calibrated_240
987,240,29994.479444045384,26.211269102789963,3.2758057179415645,1,F,Asian,<=70,37.379767862658596,False,False,B_calibrated_240
988,240,16791.95115727513,46.81965573520361,3.2758057179415645,2,F,Caucasian,<=70,35.52834988868283,False,False,B_calibrated_240
989,240,11411.659139127107,56.63076193887653,2.6927123001479663,1,M,Caucasian,<=70,34.76655612920453,True,False,B_calibrated_240
990,240,15953.19924339418,49.28123571399125,3.2758057179415645,1,F,Caucasian,<=70,34.716907362336634,False,False,B_calibrated_240
991,240,22496.63092040889,28.726565961005058,2.6927123001479663,1,F,Caucasian,>70,32.261230158545295,True,False,B_calibrated_240
992,240,17568.789806437213,44.74943242919976,3.2758057179415645,1,M,Caucasian,<=70,43.41560994948635,False,False,B_calibrated_240
993,240,10990.951543327848,71.53096519502361,3.2758057179415645,1,M,Caucasian,<=70,36.70458792986254,False,False,B_calibrated_240
994,240,9498.842014110021,82.76728585843698,3.2758057179415645,0,F,Caucasian,>70,34.47514719324007,False,False,B_calibrated_240
995,240,43588.849463446604,18.036570865796154,3.2758057179415645,1,M,Caucasian,<=70,35.97220255251405,False,False,B_calibrated_240
996,240,16388.035735168607,47.97361837689981,3.2758057179415645,1,F,Caucasian,>70,37.53121555574769,False,False,B_calibrated_240
997,240,9997.028656808936,78.64270467710446,3.2758057179415645,0,M,Caucasian,>70,51.0,False,False,B_calibrated_240
998,240,29601.652525058264,26.559104145974636,3.2758057179415645,1,F,Asian,<=70,37.42577386944978,False,False,B_calibrated_240
999,240,9999.81435494946,78.62079678677685,3.2758057179415645,1,M,Asian,<=70,38.64562974228112,False,False,B_calibrated_240
