"id","AUC_tau","Cmax","Cmin","dose_mg"
1,11746.1594253863,2111.23645817323,55.856046234669,960
2,6997.75790047784,2013.09394005977,16.1909414921858,960
3,27053.6181220712,4374.4087331073,138.974491014268,960
4,37440.75365582,6289.92365085057,197.428922526657,960
5,15986.4262364613,2941.64395764272,81.3961796170815,960
6,21127.4079845117,4441.68069016848,90.4361310133129,960
7,17441.3240423413,3025.08848279834,85.3572852441419,960
8,17193.2141295469,3924.74247553826,59.0229213657061,960
9,22301.2718630731,6089.76858720773,61.6360491713948,960
10,26935.8734663153,3735.77163970839,210.557748324731,960
11,18809.1365073307,3678.04929587681,80.7363708475198,960
12,17606.9011927839,2120.33144348146,174.687498418701,960
13,23283.9132544702,5310.64982845061,82.8073003779283,960
14,20819.085247874,3460.3266490784,126.389783567052,960
15,23294.1470906693,5312.71710063808,83.7973075796444,960
16,14490.9548017902,5540.78808116582,23.6439310959808,960
17,35068.1076587896,8585.5027940889,97.1144741240955,960
18,20593.0628487045,1878.03350010231,332.985259929039,960
19,21817.5551465949,2456.81281951963,245.217533611281,960
20,8385.00338036725,2429.10042427158,14.9533280571722,960
21,10549.483870985,3994.17306012383,16.3705830924853,960
22,24323.0029462147,3346.66243823391,201.376036899257,960
23,26626.1189216311,4496.47939606011,149.089193940127,960
24,29216.1519068099,3374.69116154937,307.652252308192,960
25,17084.0899327311,3635.70089175552,66.4754160043337,960
26,34710.3133781132,6317.86252913159,192.136266542761,960
27,17594.873090565,3005.1274768867,94.8952284749809,960
28,24602.5784782452,4681.49796715287,92.4509061807802,960
29,42348.6552257085,6306.87133224153,303.483195144715,960
30,24232.4224681507,4096.05304978137,129.337976604391,960
31,11477.4804905372,2143.01054581572,51.8127218147966,960
32,6352.11551550055,1058.52363248016,37.3667365842496,960
33,19350.2759827981,7510.23018475047,29.359493862195,960
34,15697.3396156908,4076.14372554329,45.9683064204429,960
35,82423.8269732947,17179.0757343713,375.52640872336,960
36,18906.3773965161,4919.58601848109,55.7120262068903,960
37,27001.8310073575,4897.36977248689,141.166760671419,960
38,20225.6287984692,2761.08327419754,173.918647460045,960
39,20237.3773360175,4267.29953506245,78.0051842890856,960
40,11112.1079828032,1339.1941039725,105.396502655585,960
41,29887.4258611675,3813.84012294673,236.969047336662,960
42,28164.3579081293,10777.5274229957,53.3346674537653,960
43,16697.4632362481,3889.71945253615,48.5944395966743,960
44,24349.1399565342,3879.51978265479,143.410046171564,960
45,33514.284549914,4548.65958255652,256.130618194658,960
46,12954.8696180952,2092.06842226128,81.7123320610216,960
47,24216.6082344138,2875.95317637613,256.351355738798,960
48,23435.1343704292,5168.16564336231,77.4159844156367,960
49,26222.8858913868,4872.06921919544,130.942867491017,960
50,9521.86811631724,1622.15679943394,49.6324467519405,960
51,21788.0286960087,4771.4441462164,68.3348490218487,960
52,37536.8340634973,6168.64117678948,196.144617966026,960
53,32756.9640663776,5539.31689838891,200.670085584729,960
54,23153.994751729,2429.04962293618,298.460118871965,960
55,23476.7431149668,4620.90675189797,85.2155804818275,960
56,15418.0536869891,2245.33579681883,103.929433984545,960
57,13295.0878835509,3112.93148980039,41.9660843787058,960
58,30652.2748661361,9493.99448896985,59.9911788823558,960
59,6828.09864021548,2338.51255838493,11.8362249218519,960
60,17546.7130482774,5343.28071841501,37.2618063205418,960
61,48435.4920510713,9243.04081513267,171.389577322546,960
62,31456.740254066,9826.79689332531,67.9935783419946,960
63,30651.4846549445,11947.9663459618,54.1854917576911,960
64,20004.1083708498,1920.05691394389,290.731640667621,960
65,15299.3037725193,3205.179908805,55.9858262292651,960
66,42762.2599038957,7891.01074415446,215.709813909795,960
67,19705.8679068991,3289.13007587746,120.531913887027,960
68,27359.1105729342,5895.58643687019,111.677395074969,960
69,14461.4935055178,1883.85047775918,114.838511031215,960
70,32780.0492979175,4498.62848014323,271.989341073837,960
71,40027.2658131624,5660.61612170767,280.788973128065,960
72,33879.9456361741,6788.27915796245,137.470229289422,960
73,18184.5020009772,3681.817071201,83.1318494723136,960
74,31727.7011846119,7112.98161121455,112.513122407623,960
75,30687.7651228403,5232.33427548801,159.399745899332,960
76,24865.2601077312,2483.96945375935,346.327354130864,960
77,20589.3044518698,4519.06996673036,75.729927516549,960
78,20436.043814666,3629.08592643541,110.660725422572,960
79,16118.3096378605,2440.07865506069,110.072900884011,960
80,28870.1921650506,7170.80710385098,84.0191679293895,960
81,44649.6762515873,5335.59033065658,444.542012834325,960
82,20886.1731581537,2260.81163964158,142.961792869141,960
83,23030.346588445,3346.00195672603,171.08340206229,960
84,8021.68092611691,1513.88020402071,38.9230587203744,960
85,20696.93257721,2275.5149328007,242.695866303128,960
86,18312.87386198,8947.47298386522,23.0506282142022,960
87,58402.5579608649,10802.3897616383,282.161951148991,960
88,16602.9432543499,3761.28501445794,47.0309087536424,960
89,27906.2053593168,6109.86048941132,101.480940425466,960
90,24049.9578921362,8029.8299011121,49.317294870326,960
91,20430.4521665306,4653.90593875576,67.1672863946525,960
92,18194.6051379406,7973.27198875215,24.6875865495108,960
93,38769.1686392986,8474.96695706873,129.64885529127,960
94,11636.6026615126,1842.58959251535,72.3701035070719,960
95,16969.5877967335,6769.78453550924,28.288154683007,960
96,41133.8448859057,6443.37006897283,286.121220245598,960
97,16302.3756928394,2688.066864626,92.4529956915209,960
98,17813.5157183867,2161.54807775731,187.976942477232,960
99,9961.4318092892,1142.41055524334,111.537840180706,960
100,53233.6942039016,4026.96308649771,1100.90393604977,960
101,21999.1009311685,2666.40545434618,224.823170488719,960
102,38954.7404747303,10903.3925633952,98.0299651846144,960
103,29183.4683441578,6105.66876418101,124.651658512742,960
104,24501.4916967617,5142.27733467569,105.79055944567,960
105,58690.864206805,10304.2011470257,328.439147054584,960
106,21395.7948648889,2813.98435691573,192.766982446045,960
107,6236.22230814558,1702.59380194892,15.8597088631174,960
108,14093.7271439228,3464.79350911129,42.596157101008,960
109,9054.07279949349,1106.82858369638,72.1610738701586,960
110,25974.3200510259,3221.41194790304,227.634838428862,960
111,11758.9369122946,1885.30374083885,64.2250955800086,960
112,31209.2880925094,4157.71337703965,270.63197302161,960
113,27256.304439673,2659.96187332682,394.123603817147,960
114,23738.9189498885,4161.9499627274,128.746351492772,960
115,34219.9779661076,8587.42346121301,108.348571857805,960
116,12589.6123497417,3311.42495750266,30.4653946591608,960
117,21513.4203273215,4563.81483677634,82.3700845079735,960
118,12450.8292774581,1523.53221171448,123.919487474218,960
119,9407.67072069251,1382.61222965753,51.7608080030994,960
120,9726.95142012924,1466.22035163959,71.7311890991852,960
121,13215.573254118,2008.89364672381,94.8543827973459,960
122,21587.5472550186,2488.82000240074,228.866968939785,960
123,23777.9072605201,3850.81135807392,130.613081475245,960
124,38707.1006945816,7300.12538617886,183.827577993771,960
125,32769.10128157,3465.64722517123,413.275357077397,960
126,21473.4985834897,7215.36230716052,43.2909598077486,960
127,30683.2932955023,7322.64238285583,97.4056541830984,960
128,21601.4823589377,4535.1608186652,92.688424189686,960
129,24057.0284644463,4135.8703466799,142.486582611234,960
130,18671.0203223934,2234.12961795129,180.771245310897,960
131,21457.1332866328,4837.53030199274,74.9789535682301,960
132,59258.4941068314,9790.31202875881,388.968095949156,960
133,16727.4845942446,3675.39519001736,61.4728478358792,960
134,41379.7039755961,3763.75741087515,685.286512870606,960
135,15280.3516617004,1655.47461043462,186.539164876077,960
136,18755.6022660428,5258.93188473914,45.404968226104,960
137,6374.30245828506,1571.24107794371,18.2168927537418,960
138,23443.2544380233,6823.06804785936,58.8656476252746,960
139,19946.3083311273,3923.62475473289,89.6754644905394,960
140,25850.2078067293,3894.64540765498,182.347977530088,960
141,24488.657827129,3957.61600857893,149.550164391749,960
142,14400.6307887847,4782.48155308503,29.8272767680854,960
143,18803.1650743452,6681.89598430442,34.1307593639618,960
144,40688.8397607676,3148.17522590305,791.141820299224,960
145,22115.5941797171,3222.7097055289,158.862049644235,960
146,15460.0660776278,1497.01310567991,228.918427730863,960
147,15854.2104427719,4000.4539447152,49.72971574672,960
148,22666.6920553535,2166.86831769396,322.555622164208,960
149,6763.52678207505,1388.44478522221,23.8568501788479,960
150,16888.1737929049,2446.53886802691,123.636957726018,960
151,15715.6113071572,1499.64713125871,235.91087795776,960
152,26212.3429645131,9216.65642756334,51.9451699878839,960
153,38304.1473319296,9507.82960239921,121.157389265588,960
154,42919.813640741,7381.41712437663,231.345337074494,960
155,18783.2163747501,1738.71154667198,287.030583186146,960
156,20304.2067882778,2639.40177760931,171.628863190439,960
157,19076.7761198887,2044.60105984713,234.811429135179,960
158,15468.804362295,3128.66431143908,54.6795309358143,960
159,21358.3688575474,2586.17314455968,209.535999059249,960
160,11719.8763039146,3625.88267917902,26.7247151644276,960
161,19823.3178154276,2208.35726947441,235.405913328962,960
162,32422.1836317222,2943.9943142594,549.280852264156,960
163,31810.8107776873,10654.3663058281,59.1620414645954,960
164,22595.7633087142,3414.33790560187,139.366925370447,960
165,20098.3465291454,2166.68274110034,259.940092095432,960
166,20174.5655306649,4406.69804514058,74.9205481352194,960
167,16853.3448693038,1922.5416698198,206.550673270789,960
168,15349.9180581738,2892.29506348273,78.4240457845653,960
169,29760.7526689846,4032.24763007524,267.566215813436,960
170,28524.8581033002,5079.87247376533,144.125875133362,960
171,7120.44715482352,2274.00481585335,15.1053204929007,960
172,23511.4157688436,7686.68712167676,49.8006163235158,960
173,31321.6883724711,4915.23201305611,214.995660709313,960
174,41251.066117248,13195.1008101103,82.1679707579589,960
175,14784.4737945576,3081.85495890714,59.1940773393715,960
176,14007.4395362187,2264.98086370787,85.7021336027817,960
177,10790.7508365496,2538.12779342731,36.798876551943,960
178,15366.0403711745,1959.20807776934,132.714684433636,960
179,12012.5347671219,2451.36493069546,46.427287190645,960
180,18396.0096088477,2784.74227510483,142.049738174772,960
181,10796.4535442405,3350.66217206016,18.7047153842484,960
182,24388.6840566405,3907.75609443085,145.821257325417,960
183,28173.8584934264,2476.73552073611,481.780893982003,960
184,39882.068325122,4566.8028689924,460.466731303392,960
185,21790.2050732965,2331.94393879921,264.779185450724,960
186,7364.01873118647,1663.30477186169,22.8657086942814,960
187,8870.96593442274,1671.16289597291,40.8661823647962,960
188,21172.5282909778,3301.94547939687,131.748801104436,960
189,34750.9411228219,6338.15613741962,188.145458896608,960
190,27601.7301457611,5051.62372676233,141.804084664382,960
191,17218.5105594714,2520.43237329708,96.0005535043489,960
192,26433.0314704079,3133.24700553839,277.355896746351,960
193,10020.6434927704,6187.12765191431,10.7168007255631,960
194,24994.2000591782,5229.34778024847,93.4689246792738,960
195,33975.2943525676,6401.27742495125,165.446439316411,960
196,26413.7176271904,5714.21743330058,107.539578329974,960
197,17634.933398353,3276.74218683459,80.1611444972309,960
198,14491.9516570913,2915.39467220616,52.8493007586364,960
199,7068.36203876644,1698.70313619859,23.5132368942277,960
200,13355.7086383199,3733.40753063123,34.5245584943826,960
201,19476.0085099045,4688.34085975907,60.9482793774138,960
202,14849.1256162699,3939.95939788494,42.8955601551889,960
203,12483.7202179065,4278.64563766468,22.4332148368586,960
204,11090.4559840904,1750.02817430558,79.3094544327664,960
205,29406.458012321,4989.23370339721,161.321768013698,960
206,14041.2486353495,1191.19866807327,242.142697913142,960
207,19769.9455747227,1740.31371745458,347.871699180773,960
208,26736.3007245589,6993.00716042435,72.7288918905721,960
209,20863.7633492181,5174.82214075216,61.7222895485309,960
210,42757.5217687881,9192.26263517917,175.485785556731,960
211,15607.3170896109,2602.04858800911,99.2898386028833,960
212,12913.2831569263,3933.22576374519,26.6871729053491,960
213,23929.5760480874,6140.84382264614,75.1453967661352,960
214,54142.8424419713,13919.9497974915,151.84571431143,960
215,7032.9262103225,1302.51512702201,26.8328647264765,960
216,17175.8351144304,3397.1493566277,74.5144426962931,960
217,10724.2613011509,1626.21039882373,68.8612736834958,960
218,24055.6460140352,6352.0983598041,66.6789987238898,960
219,26984.0330569486,2638.87091337879,407.390115212873,960
220,28369.6893676169,5168.23064251322,138.112483350944,960
221,13305.7382551094,2787.8445246913,48.1840741605426,960
222,18876.8595062686,3816.60464217049,78.2166211405611,960
223,14629.4381066416,3426.65196692337,45.9112152672845,960
224,18096.5213214413,3676.44479822834,75.8244371727961,960
225,19708.2388452377,3592.69023806735,82.9051547029275,960
226,29354.4520601674,4940.41513412985,176.705168730064,960
227,16502.8547298972,6219.32852518295,28.6419059396471,960
228,15259.0737358283,5693.33142245463,26.6084325247066,960
229,12003.0805916268,1707.49008665654,83.4189088585241,960
230,20738.0459195309,3562.14411996056,121.022041435803,960
231,35260.2888977443,3508.28406000086,452.914923254039,960
232,17939.1147115988,7710.96594918558,26.0320558774893,960
233,29771.2792105591,3325.24617468889,345.369468960004,960
234,49847.6741804023,8667.60012818219,287.439604678518,960
235,39427.6325644817,7024.18859785207,213.358983345492,960
236,33658.5093045895,8013.00686432097,116.194036498233,960
237,16596.0210694076,1363.32292668631,314.42705444826,960
238,23811.2751933023,4610.12508135541,117.803829910296,960
239,28671.1914884708,4935.96647565411,146.397235238484,960
240,30784.5630921546,3626.36971242362,340.483227672634,960
241,32854.2249554462,6396.62399511787,140.148585337434,960
242,27503.1878904422,4160.5239460937,186.91520414968,960
243,8356.96552418494,2741.41013744211,15.8911704089569,960
244,39323.8475668016,3638.71408175114,567.125412204961,960
245,29695.8419388868,6310.35701567729,116.587049157655,960
246,23045.5961274593,7080.25267877151,52.1311399811945,960
247,25592.6105380114,3571.18207167264,168.198467099559,960
248,22744.0607120946,6544.79103356397,56.2997995181273,960
249,10068.6382067086,2172.56662680876,38.2006008605258,960
250,18463.6932213384,1488.43939600813,326.261626742292,960
251,24802.5704768964,3074.0850109312,271.428046305526,960
252,12968.5206382896,2900.19483060887,47.5332980038647,960
253,9074.29068396626,3979.11821722467,12.1688424112535,960
254,16000.6924116965,2859.36818529784,71.0080104261965,960
255,16694.1650190548,3472.16774449221,74.0641191173797,960
256,21619.1691968638,5139.2992859102,80.368918842326,960
257,19569.8017642665,1806.2831356743,303.606331093582,960
258,34883.5073377387,7662.62967019259,137.577925772271,960
259,45384.9362534748,12892.357485329,116.546243033056,960
260,36693.8471480987,6064.13332995658,203.315651076144,960
261,8811.42709202541,1509.23688773085,47.9486896072465,960
262,15115.4163048948,7940.92288548545,16.1953180141479,960
263,7036.53381399404,2232.28001922589,14.3690400439954,960
264,11477.4738338687,4802.25727651554,17.8576807309231,960
265,9220.22376212825,2284.08877414975,27.5165177951473,960
266,33320.8791153071,7127.21365100158,138.367533959369,960
267,35918.4348067937,8454.27983315682,116.94490823625,960
268,15019.1736223459,1813.7052305682,147.95028712413,960
269,32824.6021616123,3836.66170437433,364.724475910036,960
270,32981.1931555501,7234.20473400612,121.295473565695,960
271,14370.5634019069,2069.833840371,77.689633831943,960
272,14373.8750823743,2085.2843866852,102.436745196477,960
273,28787.6169830175,3880.94186941612,257.966951876919,960
274,11815.8360652435,3397.5280967227,30.1984555211085,960
275,17467.7685300808,3869.55738718843,63.2457459445286,960
276,21316.5955728555,4133.13098292863,89.8919126116972,960
277,13884.8411458508,2483.48689644337,74.5001489451591,960
278,11140.4897041623,2046.4383158114,49.9036262751259,960
279,34347.4948852802,7940.05412165473,121.206289263734,960
280,23004.4211875787,3796.7749852428,130.245335379746,960
281,6694.84714630805,2367.84464296072,11.0791197125975,960
282,17390.7537690715,3691.23962564427,67.781763666596,960
283,35204.2465322511,7941.28008000609,119.881000950864,960
284,17102.0473264812,6243.01747909541,34.9094642256283,960
285,7310.39786819968,2190.70429978844,16.8828555648071,960
286,19133.8366783779,2189.43806219846,200.290613156212,960
287,17705.6003719152,6286.75810334315,33.3854940349463,960
288,39746.6216727433,7158.35297943071,177.827268932812,960
289,11793.8135613488,3750.88050061872,23.3779789680372,960
290,22247.955793201,2360.82276213759,275.085634440009,960
291,45678.7722270039,4672.08370868112,627.222564685523,960
292,20435.7820825113,7798.33413480298,31.6419144961272,960
293,9794.8516682399,2677.4503211087,25.0671800462448,960
294,16017.4618764724,5918.33257511501,28.5207019381551,960
295,16683.4959531738,3757.0440888678,59.3645965580074,960
296,51029.5179893996,4840.41758111402,746.836111486621,960
297,10248.7736796721,2825.65461451112,23.5093909534541,960
298,15653.2295635203,2405.2667288645,108.932230559982,960
299,61736.2508099352,5003.98156841138,1228.69747943736,960
300,34127.0600543669,9829.64437087113,86.7243626608434,960
301,11814.1754575996,7425.14977871365,10.0627986042538,960
302,5815.92425043466,2019.54517058408,10.2255606519005,960
303,20084.4737226832,4873.27071455777,55.4403717840041,960
304,53532.6260673839,5758.22551939134,656.725436762331,960
305,28244.8860147435,4223.94254523429,209.031018075215,960
306,12352.9333224874,3890.74979551405,24.4669748417947,960
307,23697.9057206204,3285.24968025417,186.971809469353,960
308,45078.7343073095,8304.56839514053,227.124552479041,960
309,27449.8830231512,8429.43690688013,57.1467421015325,960
310,29063.1713920121,2942.66074373717,339.253594755709,960
311,9082.39675952559,1442.80699317424,57.037633571826,960
312,38270.817991644,5268.69818639637,286.511645781749,960
313,15386.3954422852,2400.69583450737,83.8410473142914,960
314,12100.591949548,4418.67765374421,21.8971949825973,960
315,80701.8762633666,13445.1483274142,480.592277202981,960
316,5563.48741751679,1591.13608533811,12.1350123329497,960
317,25969.3490274414,3416.12502341509,220.561066573586,960
318,46312.9228771923,7097.19544185156,332.439176204609,960
319,21800.3246670077,2844.43867129984,199.093802825034,960
320,21079.6072388973,6473.95680490755,52.1670190035796,960
321,27251.1016233924,4559.11085768132,155.00264309274,960
322,12719.1160947151,1472.66822461516,147.433576361643,960
323,41741.7571857888,5259.71072632635,401.382124306953,960
324,12251.7975198592,2641.87599776483,46.5490851695873,960
325,42617.3064742613,6645.20001104373,263.437480897465,960
326,43640.4394865188,8005.48143338634,236.978437021618,960
327,15595.38652417,3444.91867811247,59.8850526962282,960
328,48953.883759899,6815.76899269628,382.968444835831,960
329,33431.3877751064,4082.14770055313,340.34857284031,960
330,30210.9593803718,3591.97062696396,330.279460689581,960
331,40227.973353711,10304.5296575772,123.126229005727,960
332,44374.8968924178,3625.19489042845,831.958029989101,960
333,45621.715783085,7855.67475086859,255.608507466126,960
334,17717.0161639098,3021.99750040142,92.0692692268571,960
335,23189.6155587233,4762.46920042247,103.472344893584,960
336,31118.7752743308,3698.19644809624,302.101288408788,960
337,34849.6468568095,3167.88989916048,572.095741748658,960
338,23201.2424771608,2445.56653325399,267.296517686348,960
339,61874.6849951142,13442.7731228663,231.732288898926,960
340,38946.9408492353,7030.39213966739,179.029742631967,960
341,19433.720010648,2331.86236386712,197.260495778088,960
342,32212.5953015861,3870.21855335252,304.422788241658,960
343,14140.2276985968,1939.14507924667,108.42099098944,960
344,27766.2688115525,1892.00912065258,648.964363907259,960
345,25794.1387653305,7792.62941931016,58.5958855024488,960
346,27067.4813570195,10460.5730178421,50.7765033399314,960
347,20736.0551700304,4962.19458583103,70.9558942602316,960
348,19773.4514359018,2592.41635058108,174.686463382966,960
349,37165.7417610417,4400.52364922741,388.609165817497,960
350,21808.6147100451,3460.04615771454,131.506849461903,960
351,23703.9438871388,3942.22470808326,144.908231097661,960
352,14496.7239533811,3677.19198210957,37.9784556940193,960
353,13420.3764378638,2753.12233704697,47.614440708083,960
354,51957.9596263159,4781.96245258836,821.943765613012,960
355,13835.236630118,2955.05354577055,49.6705843677528,960
356,27311.3292020586,10570.5416246649,45.7042352531995,960
357,26104.5757509709,5933.94316541409,83.2448067726038,960
358,7458.56652994922,3486.40035781088,9.67582193907143,960
359,33389.0842980882,6647.30897181526,146.556476060219,960
360,41780.9113708729,5107.33124352676,385.785121851153,960
361,6918.59679888773,1437.81023081975,27.9440497523665,960
362,23021.2957477847,4149.71490769427,121.80558918272,960
363,24010.2033810693,3288.56765432161,211.843064112148,960
364,48589.6247570333,14954.9090702886,124.139858511506,960
365,45086.1339813414,11561.9452880359,135.617956115967,960
366,15700.3885258974,2079.37947704802,128.660966791028,960
367,9670.55205806985,1612.18127977195,47.4139412126878,960
368,54757.9414379196,11423.0261627096,220.794144991475,960
369,17931.7596048625,2999.03063542721,90.4187779349358,960
370,16126.4576188285,1733.0154985088,189.591122329815,960
371,19035.659819571,3157.23000582896,97.8409551254785,960
372,21311.4253848088,3044.66677069243,181.436125137997,960
373,17146.758732466,2585.42714790978,117.624923632603,960
374,6439.88186614633,1985.78152313438,14.3145109797663,960
375,12381.7142864938,1890.72501006433,89.4364172672069,960
376,34158.923102533,7393.95266176336,135.158627181616,960
377,43675.2075077394,7290.09982170197,283.418794331114,960
378,13497.9225618751,2513.18517483369,70.5384436093067,960
379,56888.6353370979,6953.7617968592,560.770720995402,960
380,30848.5550483496,8134.13086194661,90.0774337821028,960
381,29163.1628604125,4812.71961878517,170.501867809009,960
382,5575.47880623552,1337.55565094867,17.271608398458,960
383,94274.8155368491,6185.57649786935,2300.60773234573,960
384,26805.4867011482,3351.69325170514,261.555842576153,960
385,16846.5776560528,2641.87508829724,105.564508954023,960
386,14309.6226728715,2415.79220604871,65.1646489485263,960
387,36746.3971218974,10360.6521266412,96.6018731776497,960
388,22163.0396771891,3595.08693383146,122.843920765587,960
389,31901.9888950086,5134.10229354454,197.933538918199,960
390,19593.3386998804,6357.57713892314,41.4509604817349,960
391,19531.9825344896,3597.25322856984,98.5745490189241,960
392,29367.0248887424,2701.78846084863,450.269552735481,960
393,31266.9953552432,5078.52576559105,190.246930108075,960
394,23245.5559980332,4288.734547384,115.537692660639,960
395,28707.5723202509,2310.99325216391,525.098330513,960
396,32616.239950911,4136.18465427482,323.710471373198,960
397,12543.3840172436,3901.5775731688,25.9976632748548,960
398,15311.1521719211,2746.08221921257,77.1333404759698,960
399,22616.4903008952,3766.23697502891,122.986842940805,960
400,3802.29170807395,1381.96062740295,6.94025585083975,960
401,17494.9933934985,1763.67980612789,249.732923795485,960
402,18008.5224352488,3686.37499191114,79.9690295908931,960
403,22131.6907597577,3735.65545397632,135.730028856423,960
404,14134.0904644109,2573.88886287604,72.3440537457992,960
405,14102.9932568877,4538.66437119912,30.4048783142869,960
406,33261.4121336671,5445.38438275953,209.38950366887,960
407,35456.4480270818,4490.69433142549,355.198524065731,960
408,21664.3876315003,4234.42620201691,105.460222056056,960
409,30659.2604213594,7108.57080716678,103.755133370059,960
410,11811.5450304107,4387.59828558591,22.6235339439468,960
411,11761.7651060142,2857.8456176196,33.5358861125838,960
412,10305.6397841219,2528.46485171282,29.1988526884214,960
413,21565.4468277123,6423.23210301394,44.4198574094445,960
414,8697.10630989754,3535.00572994124,13.6147361621237,960
415,47998.5049047174,5922.57789742811,509.522368933284,960
416,37181.9678186514,7111.39293743667,167.25314106426,960
417,29240.4472884332,4850.18517981622,154.011064422525,960
418,29567.1133983949,2637.11024588093,489.991070803619,960
419,32126.0324035565,5945.18577140342,157.370217484729,960
420,14774.4132587641,6169.2860692945,20.5190723028226,960
421,7793.25339908195,2855.7953088759,15.1266211779448,960
422,24972.5680968139,5828.8225047123,85.7409513745009,960
423,26080.6344012549,6454.60030101147,75.6279083652975,960
424,15378.7541981799,8387.45181007077,15.6287362970153,960
425,54854.5201093336,13466.1943317386,165.15917447735,960
426,41943.5207007631,3543.6380605846,791.108838721498,960
427,38322.4211071618,6553.6934001764,226.300798399286,960
428,22119.9971860301,4680.38882008468,87.418062126336,960
429,45710.0132383862,9965.10169100017,182.20174509439,960
430,21611.0154104042,4093.78228462538,103.484748101792,960
431,22884.3415756641,3826.05963999841,104.387510513901,960
432,35104.8495462633,6315.36055306016,158.260809621556,960
433,7202.40601429182,1595.47622802583,22.2122952921604,960
434,9962.22116936325,3407.9836339376,19.6228375253927,960
435,17618.9755369977,6513.25927738394,28.3082187052432,960
436,26098.8247724031,15997.8144829869,28.6655907539114,960
437,32526.3781806304,9991.8782410855,82.3751917213336,960
438,33380.7737515358,3468.42035185054,421.255906318306,960
439,33856.4109037292,3718.61034397483,398.539716914978,960
440,37759.3842190365,3822.68142846539,545.741990207128,960
441,24324.857020526,2335.57519483258,362.06388553958,960
442,38179.0179801722,4030.10335612445,475.830780525186,960
443,22950.2321360444,8657.34760174518,44.8286272392186,960
444,25288.6029902546,2398.97781465214,416.037948130523,960
445,15050.9710910019,1516.78843750702,203.292394579528,960
446,6233.2575078916,1784.42452003358,13.4404540459461,960
447,36680.0560479956,7188.2171262304,166.061444254184,960
448,10179.1671438677,4727.62821236851,13.2886322353736,960
449,17902.5363958998,2489.88893393214,152.588993265286,960
450,22429.24385095,2880.43273633839,213.585958309694,960
451,17059.834755343,4355.80427617736,52.5070267436154,960
452,13908.6473205702,3447.51289644368,42.8956767275152,960
453,9404.55562331122,1926.28241581877,35.6711797802987,960
454,21270.5308388446,5374.93001230939,66.3312593594749,960
455,22032.0831111897,2831.98612461569,182.158504891916,960
456,20638.1069599601,2651.49866258536,186.292901119159,960
457,8089.17873002159,1366.33234029278,48.101104896817,960
458,16504.3575938221,5968.15108341435,27.7136994546106,960
459,22603.2967968427,4828.08906847143,76.614601554256,960
460,35064.8204589641,2877.69897379166,646.659365981548,960
461,34651.9504428073,3264.70119608449,515.906760621218,960
462,25553.4144118622,4138.30388016751,155.173326827136,960
463,14804.8101293088,2733.27114992824,56.4704758154227,960
464,25566.1062820459,6654.60557290578,75.3389471222947,960
465,23376.9106034399,9809.76482584164,35.0515248707466,960
466,33102.6754050183,12226.2183448001,59.0869556405198,960
467,13020.1350879567,3522.69014578571,33.5814719867857,960
468,38092.7556135973,7878.47141321772,155.554206524548,960
469,15414.4378716898,2121.11565395604,105.259323636672,960
470,17783.7852501014,4588.08918212399,49.457197829093,960
471,8711.62585752738,3145.28808563908,14.6572461423537,960
472,40937.7478884929,3557.17035232027,737.917139267064,960
473,38453.35999047,4487.1925754933,428.87277014019,960
474,38838.8404687848,5858.25233204355,278.24659728381,960
475,14157.6911509082,3762.62741444838,40.2997659622398,960
476,41690.4599823431,5328.22431307841,365.667601403586,960
477,12247.92643469,1159.30861582376,196.620621355134,960
478,26307.1690616554,5495.86187357523,114.39179757073,960
479,25232.9118557167,1736.78397132337,599.505213439439,960
480,7253.59277705144,1888.08482599737,21.0133885698873,960
481,16276.9774595016,4556.81818246372,36.5144789800804,960
482,14912.2774207214,6167.96780842358,22.6115919112823,960
483,92922.0646173728,15753.6359901351,495.287930152539,960
484,19487.5392440815,2493.76011658407,169.906067767969,960
485,10241.406905529,2939.93060681283,25.8728056261785,960
486,15847.0774083473,4164.74494224838,45.8337497634728,960
487,65242.9786796284,7730.64157125515,706.76810116439,960
488,20483.8906255782,2366.16286217585,198.742901895152,960
489,9022.03830503997,3477.12289335924,15.05430125458,960
490,7553.45689329843,3075.56222111494,11.0250298336043,960
491,28658.4598082103,4403.24287164164,184.150665585598,960
492,26249.1392401952,2534.84258183159,372.760728526446,960
493,25292.3753446676,2513.58874009492,346.047327304483,960
494,13279.7101809406,6179.75776698053,16.8784081585067,960
495,24055.470894723,1567.63206352636,607.532691534627,960
496,32194.1474668681,6178.27589733909,151.262889096109,960
497,24155.5572719984,3805.30477650406,163.426433180623,960
498,29224.5589222774,2780.68378547559,420.120705432413,960
499,17465.4707048132,3062.76906992214,78.0365622997899,960
500,33256.3493846574,6503.65244558085,141.203244620748,960
501,32866.7196006551,4298.04084742247,302.879579718586,960
502,9972.93443473858,1828.12089337777,47.9716031515491,960
503,27200.1932719489,8269.45121155135,61.004693927251,960
504,15491.2498981536,1767.30634389558,164.279992208811,960
505,18324.7577811499,7160.33008116787,30.2769680842832,960
506,18948.4903387286,3446.55995866933,83.7548167478823,960
507,13234.1963233108,2834.37680674773,39.9189138349439,960
508,11101.3837974215,2340.89432378492,36.6781140712813,960
509,12196.57991116,4789.44536333749,19.9865370700332,960
510,49186.4836247574,6036.42920067814,475.731051477176,960
511,20238.8369450188,3457.39963114654,101.687737708113,960
512,23115.3331685334,5258.52719685863,85.7501213779855,960
513,14620.1822388661,3958.78263590434,40.8968864309634,960
514,25953.1164482242,3085.3751425272,288.85352164516,960
515,15429.8121662422,2454.75299353016,91.0764754930369,960
516,8465.69554638341,2283.36652690836,18.7455613283944,960
517,23804.1141680912,4925.81857477058,104.612617232531,960
518,18289.3285271998,4262.16064431329,61.1142538086286,960
519,12044.2550873701,2556.14157143825,47.1048239592605,960
520,9499.73464338111,2331.87785716632,26.1379665238652,960
521,33316.599295432,4637.92965256513,243.107866953328,960
522,11232.4255016054,2754.47996653862,34.0205421749187,960
523,50679.9617486728,9359.31368225367,255.12331966776,960
524,10617.0756363755,1393.3512715411,101.140737120474,960
525,50449.8646127847,9136.63656020536,278.159387610419,960
526,50518.2177040892,5897.17502497477,492.455685764447,960
527,33406.4676915315,3526.8130703905,403.145337235051,960
528,8512.70662198676,1563.86738607332,46.1209921081607,960
529,31380.8693262419,3162.12444524829,347.765482949957,960
530,23420.4458267015,4557.87418834424,94.5223924616624,960
531,18808.9991601319,5148.5180258981,51.879983182533,960
532,25881.3045727304,5176.97335798261,112.76034247625,960
533,21645.2895885314,2864.28822367242,178.748214385612,960
534,19571.7112988173,2029.82780519621,265.522905414619,960
535,8757.25098973902,1373.4438592358,55.4801119684879,960
536,42004.2298812236,4613.93479675729,526.688885889173,960
537,32941.863022996,4472.7289518397,292.854830586386,960
538,17283.6966233035,4019.89919464429,58.4371643960441,960
539,22477.1747013846,3515.95687050432,154.102123379808,960
540,19193.7230936029,5423.41143644032,49.3940158342603,960
541,11982.6988529745,1051.18498461721,197.967815884059,960
542,24477.6054589439,5290.29900930996,92.6394130641521,960
543,23643.1440298127,3194.82494339267,192.512653667413,960
544,17481.9432338868,4063.31190364871,52.0998103640735,960
545,40203.32976752,4907.82225109773,419.005510527609,960
546,20361.4764585991,2439.66296791561,214.385478455154,960
547,24652.6212661433,2615.34529037056,327.424326104548,960
548,25773.8742740726,4647.66769165421,139.568103178817,960
549,19884.2828597383,2180.14139228516,245.827488198637,960
550,38824.4620323004,3981.0488404606,544.040805881315,960
551,16643.7629825769,2024.72919240416,172.426974438409,960
552,13630.0357519512,2424.73162213532,58.2476040007742,960
553,35116.6248396178,13061.9287678839,70.5206442873741,960
554,14467.1343291129,3328.72117427603,50.3642863711834,960
555,23540.0474067553,1904.33610081481,438.841495704443,960
556,15498.1609022806,1760.16891239683,170.463951229103,960
557,13940.7103891936,3502.62065475946,43.4023030966627,960
558,32991.5600451167,6344.0572635438,165.610223424857,960
559,16835.4315960793,2828.90515634219,80.3913165985353,960
560,10477.1446095006,3732.075827078,19.43434069455,960
561,6362.58064375303,2636.6063076748,7.54062202429146,960
562,36667.6714242585,9256.97492538399,113.557445483349,960
563,8941.54365456253,2758.21428266408,16.9175516245316,960
564,9348.78714536479,2365.70343102595,22.7180478763226,960
565,15885.7534471309,3757.36603270916,47.0070460248979,960
566,15620.3745867912,3974.41001907304,44.5818153754028,960
567,41782.714093471,3333.81507462081,801.709477865495,960
568,13266.9184019608,2603.33856312472,54.8477437720284,960
569,19433.9556849705,5571.19248270026,48.2751661011086,960
570,44196.9506697281,6465.29415450538,325.683950621672,960
571,16287.9169320687,2096.83000657549,143.207585901441,960
572,18556.3639303058,3573.85580648204,80.1552971522053,960
573,47700.0853830205,8195.9751257258,293.542245016406,960
574,16196.8018416673,3913.95710906755,49.9557503057808,960
575,81236.284195807,7041.40460583577,1500.0449136261,960
576,16609.4867804028,4541.93555752924,43.6851510719395,960
577,35459.0993601155,7168.42648841384,148.025060858012,960
578,16586.9627803258,2756.20703845528,93.9439544513082,960
579,67431.0441389097,7401.23039943869,806.957368152396,960
580,76194.2696817764,7907.86021679811,1055.93900731726,960
581,25127.3629717164,6186.36095463489,75.7179123879891,960
582,11850.7535782508,1876.56388571596,71.6337064654641,960
583,34578.3607108628,4880.44476881064,245.349599744799,960
584,16003.874179217,4655.18124150846,39.4385604243517,960
585,25654.3126885369,3788.3461344353,195.264934261428,960
586,32101.2814252155,3526.59140140892,378.732002699408,960
587,30241.726493416,3145.32031314362,344.547454584634,960
588,38129.5776847051,4821.40572729413,369.081160415543,960
589,10085.2939110492,2306.28072011543,34.340906325676,960
590,26899.6042750689,5404.5775756015,108.515970610192,960
591,13380.2317865887,2358.62441630204,67.5825341354106,960
592,21562.7360240422,3382.57581425212,135.222191278047,960
593,26728.3800316298,9359.8501301473,51.3652490435421,960
594,21841.3911889476,3673.63927388108,118.47162728926,960
595,14677.4489731611,4753.2782613769,31.4427729826987,960
596,14459.7345033341,4300.10687189577,29.8891885350154,960
597,27791.2984851033,3314.82200990315,253.849141714738,960
598,41405.8260144646,4053.85815056617,570.63898271805,960
599,20567.7081408041,4075.6177476634,83.3550329426508,960
600,14151.7597968196,3443.45840274016,43.2957861794674,960
601,32965.3103183999,6248.1657146969,158.813024798255,960
602,18583.2782825279,2525.23889654712,131.863290313671,960
603,14451.1869269308,3097.97314032808,55.3667326587189,960
604,16932.4007454699,1690.96346440702,238.146349274493,960
605,12335.620415914,2980.29658820392,32.5991448462435,960
606,22372.8573530953,3866.86948131458,107.28067240745,960
607,24062.4565027282,2069.70770722117,434.438279883943,960
608,23925.0721178901,3874.21495976794,141.434647311541,960
609,19487.3081632967,3981.91004533449,85.1938135237588,960
610,24900.7319726041,2060.31064465544,467.614992970997,960
611,20811.259630885,8516.74116974053,32.1700664588908,960
612,31251.1548769512,4271.44354351694,263.90826565752,960
613,60887.1478293441,12184.3312201386,262.126926088342,960
614,18556.7706763594,5302.71306339631,42.9998711812913,960
615,9854.32686386566,1659.6689180278,56.2679010005867,960
616,8313.9715750615,1505.82610894939,38.2362337831868,960
617,51909.077153974,4427.83866889869,965.620108778628,960
618,21996.9265676252,4630.69376355633,93.6218681626768,960
619,19177.0996589837,2925.1672187767,138.260857767614,960
620,17863.4560544064,3344.21698061971,81.7169975992806,960
621,13441.8004734392,2089.36665212585,93.7051176873424,960
622,46987.0920469502,12266.5409327492,144.273103837163,960
623,14556.2793162263,3238.73726166774,51.9769589844303,960
624,9453.63645622164,2263.26333277931,29.8637856042479,960
625,15972.8857439521,3900.95208589345,52.2546719745519,960
626,24806.0394444375,4372.25704105695,120.309075217097,960
627,9233.0633317587,2171.23393948104,30.1170385703896,960
628,33559.7581064512,5014.48837843234,246.971325717608,960
629,50523.6778194201,3845.12833664848,1026.95032411253,960
630,15363.2139787362,3024.40452106462,67.6183365775311,960
631,8270.63754114477,3851.8402919777,10.2741672542792,960
632,15095.847844959,2255.73410474092,101.894963374351,960
633,11046.4735780449,4116.05380255004,19.2961102188642,960
634,22303.04381846,4044.43017346341,115.201869624846,960
635,22781.8990853535,4276.12623190069,119.102432617407,960
636,49130.5757748985,4715.10970609757,765.578175244291,960
637,74805.9814626889,8398.64579012066,875.421463432861,960
638,57172.8233255751,9541.64737530312,371.084651197924,960
639,25517.4341458413,7710.83742523004,55.2905770485167,960
640,12719.0074433205,4358.03027235958,23.9705746582057,960
641,30096.0746585754,7057.05795415481,90.0044880795906,960
642,29030.1981094509,2768.03391538474,399.260693549028,960
643,44859.3386587409,7551.64397555678,227.888697930872,960
644,22629.6163846639,2794.79083955523,229.753793478592,960
645,30505.1588163642,7266.0620453951,103.984909371034,960
646,22352.8040929453,3577.85646944818,128.296558955423,960
647,30180.1707190123,4883.12069351007,148.421323616813,960
648,33684.4454833923,3360.49879537781,481.088847075853,960
649,21796.4404676715,3817.72304273066,114.291065177118,960
650,25428.6584978993,4018.59785058915,172.151967462134,960
651,41487.0582304389,7058.05700456213,244.877480149112,960
652,17899.5095502932,3321.40067033272,89.7211054419034,960
653,34398.6678503932,7219.04623001288,121.939258874091,960
654,78327.4233018742,12818.7802658838,486.928480979113,960
655,9652.59395073653,1913.20418043849,39.9001136816222,960
656,7278.47817027892,3530.76761264562,8.93424795984632,960
657,8901.11726667242,3099.29334460952,16.6548711958766,960
658,56301.1494485744,9310.51767284247,325.941150654276,960
659,14739.6575967066,6746.1978390932,21.4550577100008,960
660,25719.7160165034,4850.31291022173,124.853491674242,960
661,20674.328350335,4323.53365964626,82.9866599656364,960
662,18152.6289569678,5110.88013554924,47.9133869709522,960
663,46837.0777679655,4937.89778684965,576.301043474569,960
664,23200.8781082293,2896.21321693461,229.847470155761,960
665,15305.5175664982,2263.59424250297,113.790017407011,960
666,11697.3527917719,3727.91227508801,23.3660030506806,960
667,29661.1603001954,9560.84908973922,63.8487244769406,960
668,14127.4185282261,6097.28648815681,17.7266520904032,960
669,17612.6028126846,3527.59849713347,76.561754669226,960
670,19922.7451679371,3303.96181944053,102.994148762616,960
671,31641.6697660655,4920.46324665499,204.119955426041,960
672,34992.9992156795,5039.22175638748,241.319311226696,960
673,16157.0419625443,2516.86069951797,100.180972622591,960
674,16572.0156154328,1920.00163817803,189.685255380184,960
675,13123.4042990719,2710.74935264832,50.2940766401931,960
676,11607.8996560297,2050.17230758579,58.5882485953875,960
677,45713.2635960878,11202.4007838733,138.198723145553,960
678,27546.860557002,10214.3410740589,48.761813166917,960
679,23223.1899948688,13990.0137410726,25.9008443420246,960
680,51611.9320424163,4359.55636008223,855.041748642088,960
681,23170.3895998573,3481.01923906246,165.61542834182,960
682,17892.8627162928,2129.36186875347,196.146965476925,960
683,17883.6482335897,3177.85610421783,95.9327856114687,960
684,6995.32819657667,2052.43548545885,15.1677138551037,960
685,47387.9100314851,4849.47999973069,650.64230241232,960
686,47616.0497358583,5303.69715613333,582.958702148507,960
687,38060.349527978,5626.22920961857,231.22630780209,960
688,33259.978461796,3758.45167737852,394.524358738378,960
689,13253.5258595356,7473.20027422544,13.7654161466094,960
690,27130.5409490924,7153.05332371053,71.104250083296,960
691,13541.9782983188,3810.04107070828,32.8341826323687,960
692,66381.7122996301,9775.01671212934,489.981581585173,960
693,10177.1098137823,992.133198853296,147.090709714849,960
694,10708.4379066257,1556.11348196462,79.9380848436739,960
695,14512.3732476862,4653.66944130511,28.249147906068,960
696,21714.7609298141,2804.94168818398,185.296267307557,960
697,34425.0886840308,5707.68552479614,213.249305373626,960
698,33275.2459143278,9590.37510746891,79.4157787955648,960
699,12978.9119327523,3259.04072436995,37.8256618621659,960
700,27762.7972416723,3554.75445197991,247.683558271669,960
701,31101.5776494669,3187.5359660873,395.922626497283,960
702,22827.5058522799,2630.76240596163,249.760801823219,960
703,13782.4725411302,3523.07591028247,37.6695865957286,960
704,26234.5064832347,4417.32941159095,128.958424945871,960
705,15034.0013839607,2318.7104733731,96.1516978574363,960
706,40117.1850081185,8770.03275746258,148.718600735975,960
707,24833.8724800663,3333.14290480587,226.758063111554,960
708,17075.7528257149,3058.84529766568,91.4557997135656,960
709,7220.61027453905,1620.48257400808,24.8946276049,960
710,36988.6292347582,4068.55124782664,432.588288229042,960
711,13588.0195315907,2230.29913232107,62.9910672380918,960
712,31006.8068929894,6371.83439279566,138.113565784744,960
713,58491.8333474848,9899.73132563884,354.222812481629,960
714,39332.6230503858,8202.82705619751,147.764701506643,960
715,24642.2306005413,3222.64319546901,234.961455814586,960
716,14444.2047769024,1718.81007747782,152.217356256325,960
717,24868.1459016817,3370.40299126065,223.647580395669,960
718,44816.4094333615,5877.91355830755,417.145188253984,960
719,16484.6815284499,2689.83080985276,93.6559267327621,960
720,24045.8985904735,8608.01983646916,44.696979116597,960
721,30823.4239788472,3964.47962111757,269.38454085127,960
722,31880.3305969637,4063.92932793592,298.893613212358,960
723,14256.0552934304,1909.35242921184,116.657620533296,960
724,14359.8850107329,2297.16913343749,85.2308732551371,960
725,17058.0041477855,3067.35456380728,85.260745855403,960
726,9115.9165400277,1853.71073084121,35.1910392777219,960
727,23479.0461435336,4822.89109266371,97.4456705502182,960
728,27327.3190591161,4384.62985571388,168.344764299486,960
729,41705.3459862871,7089.65066310606,234.835020273579,960
730,10729.1202983227,3505.67718245068,22.6650438731408,960
731,23242.3359513867,2938.07259918638,222.285969378037,960
732,14108.7807370965,3542.30362832048,43.5834013576084,960
733,66652.6278826368,6619.33435101982,959.622377906482,960
734,24250.3517431414,5529.98160899247,87.1635147525406,960
735,9499.57254721391,2787.5369740378,21.0630404946539,960
736,24736.2997238066,9857.33873436993,38.2348742903444,960
737,12574.8074124995,2397.13198410142,48.1691372051785,960
738,11310.7894899323,2185.46516325692,51.2995256433833,960
739,83142.3617390225,11809.884389004,656.428920457355,960
740,13059.7413142277,3044.7220226159,37.1086569686605,960
741,17991.4683597692,2977.35676936644,101.748007568179,960
742,32427.6702247544,5512.78293121449,166.241363624223,960
743,13009.8491819371,5327.54188798019,19.1851791819743,960
744,18102.3808895533,2274.76473938623,164.337974370515,960
745,29119.9531306225,9053.26017528942,66.075884886239,960
746,22965.4134500884,3447.4888201855,163.105735202327,960
747,11644.5997294423,3008.7951940536,31.8432713917646,960
748,12173.0415590714,3139.14822341589,34.2888264663138,960
749,9539.52047193475,3289.43617329917,16.9863214416936,960
750,27917.6237526891,4816.99327358075,153.37413435896,960
751,23060.4923342017,3612.4923518376,119.669272191045,960
752,10669.1868052375,4703.71573141127,14.9558307756094,960
753,13410.2940028059,2274.86381591296,73.4934290513367,960
754,25563.6577194044,6907.97767539837,73.0729725191486,960
755,31183.023126467,5838.42073314246,153.54218495352,960
756,34811.88820312,3745.41949951721,396.925904165811,960
757,15463.8913351902,1707.27803370942,186.938862695196,960
758,63029.0889287777,7470.10951396761,692.984870059906,960
759,25804.790594689,5054.78409636435,119.079847797142,960
760,16686.4333491745,3268.76229874011,69.8154515382045,960
761,7403.11422635535,937.285017267812,52.6974326786969,960
762,15486.4567035363,3259.27878414352,59.407828233019,960
763,20332.6214804536,2518.42480780818,205.47920539776,960
764,25004.3679581876,2429.60936317275,359.301000479156,960
765,36165.9433515614,9055.85082673678,107.243461668782,960
766,22862.5471912336,4257.62523991779,104.055386173662,960
767,21967.0232015479,5415.46006979912,71.6231322927003,960
768,18276.9174343909,2711.74778396162,138.240836433415,960
769,25648.926421669,4124.17067542828,127.760337844257,960
770,12697.7744719343,2109.87962290354,81.9851803748363,960
771,7400.37302417129,2520.2875341039,14.7777902597235,960
772,24509.0276088105,5288.66362930972,92.233477743442,960
773,13747.5613172154,2790.78867920271,62.0128376819534,960
774,36344.3167193952,3951.70461187893,455.378211288763,960
775,10474.8213748282,4664.38134854974,15.9542275344475,960
776,25805.8167985255,5597.67715679905,95.9605124810973,960
777,12109.2274539378,1458.80131807676,133.937492069559,960
778,21009.9264418038,3232.94005891053,149.386465229559,960
779,9604.13673099463,2852.30552684358,23.1247556855132,960
780,20140.3922053168,2553.06289772865,181.286038447856,960
781,16327.6079031223,3396.49401137477,67.7067732447711,960
782,31512.6290918393,4608.1585341433,235.349702615255,960
783,16921.3832859402,3744.95215289837,57.7762772027846,960
784,38489.0538598427,5278.65711347477,316.401030094901,960
785,23865.8297389651,2376.33589356333,329.649818471168,960
786,19856.1822056906,3734.70806503805,88.8915324722065,960
787,21411.7557410414,2792.54183648348,176.878447747885,960
788,15371.3647378434,2023.46601765491,119.450935146505,960
789,19947.8494867606,7682.37499259664,33.5761791062971,960
790,16626.4483123732,2333.06407145909,132.216927309151,960
791,13746.5331828985,5038.50689371842,19.7925896489421,960
792,46165.1551330253,5717.80741271264,505.186179465766,960
793,20760.9629035601,4153.55857646296,66.2388197477054,960
794,14093.1957586687,2005.35817519687,109.515821452379,960
795,29432.4761046605,3024.32195878378,412.435084286238,960
796,65599.15680192,8566.7590850353,622.387362328069,960
797,33500.2379974068,5526.60178760492,186.500365032225,960
798,22206.9614332945,5945.50647684223,59.1176953131214,960
799,19921.7690855206,5828.89509899032,49.5769799410119,960
800,28261.1292008044,7627.22960552309,72.975895145657,960
801,32728.4858871308,4622.44151644225,272.280566479097,960
802,19653.5013840974,4156.37311947575,83.0364569057626,960
803,42782.6379563035,11650.6635207052,108.443102675254,960
804,39082.8354369248,5586.40549439982,310.014686623376,960
805,77897.9086206239,11904.3809945292,544.682440414305,960
806,12808.3854679372,2557.39971114686,57.0203028042127,960
807,7844.25071900249,2696.88435705814,14.0279859910131,960
808,12420.9926279717,3441.89940925466,30.0009032455365,960
809,17768.6955453451,3501.07083448739,85.3436539544089,960
810,30299.4815981721,5705.27412474153,139.787119073944,960
811,28640.0743488668,4530.65691345741,162.628631760049,960
812,23103.5072599021,4461.44320706247,93.7349548048674,960
813,59454.9069544065,5143.46639668414,1045.48132758346,960
814,14797.1745129213,3124.60357913527,62.2705353453755,960
815,59409.175524669,6828.29182032598,699.396321954688,960
816,20319.0946386671,3217.74246675796,136.960252007863,960
817,20571.9285610894,7238.85279408318,38.6065180603922,960
818,17196.0879008472,3814.32700668561,65.740447106908,960
819,25312.803326081,7887.70151196259,55.3127997928498,960
820,14790.1233371796,3936.56883354046,42.58151747613,960
821,30277.1328441362,8014.91097775901,80.9236013696951,960
822,11534.0177231774,2592.86020502278,40.6556464105595,960
823,16764.8606865901,2634.98613148796,101.898228427676,960
824,8945.72909798067,1844.68213635718,38.984155461596,960
825,28276.8148705305,6772.98941189068,93.2745158031471,960
826,24339.7503744759,3587.27753197355,178.970424384715,960
827,16661.6225123095,3645.28732630234,61.6689457267171,960
828,29000.7864520686,6567.5801070841,100.880795806942,960
829,6006.11775485134,1470.45851037397,19.4905131833544,960
830,39505.5785678146,6659.45273237449,236.733736005519,960
831,24718.1115056757,2115.02369026316,432.383912975364,960
832,25589.3398150116,3820.75438530919,135.291148417762,960
833,38387.5841662524,8976.38340005558,135.864221206435,960
834,17225.5294816662,4872.03489665703,45.1098134136795,960
835,9047.27968308058,5705.81446927613,8.15695017181932,960
836,54606.6659116393,6303.34228836807,628.467406567971,960
837,9865.40388907354,3208.46429909277,17.3108592379927,960
838,45789.133669235,9475.80327872206,159.606171236477,960
839,45785.5329677905,5586.55277280022,443.56930066229,960
840,49361.4763451185,5497.69129632045,555.642526501475,960
841,10354.9341609001,1555.88835669468,77.116987247915,960
842,38431.8105294946,6431.64256749113,220.961645220378,960
843,31852.8428413492,3682.90981516677,358.138062913757,960
844,28004.8332410299,3395.94194325398,224.883369961181,960
845,18887.7395885692,2866.39696549713,137.124563419255,960
846,20686.1612157764,3380.07066332358,94.3276217094221,960
847,15962.173534384,2325.45690678208,110.432882933094,960
848,28453.6601433232,5315.49305807635,140.826377601234,960
849,18535.4602987954,4012.46866609691,77.6969796132136,960
850,18174.6656003964,9477.80380551345,20.1965912936521,960
851,26350.1253147743,2365.64820031713,441.891101243895,960
852,10779.2210726853,2670.8981264903,30.083911057528,960
853,12821.76259354,1465.19223806227,130.94423608664,960
854,14028.112803471,2816.67136433226,54.4178347186531,960
855,43832.8350376605,6542.71874177106,345.565491077633,960
856,18258.5676532616,3292.43637937521,96.2001219026306,960
857,21267.9184536454,2378.78089245138,249.846741938963,960
858,25993.7673593408,4384.49948187905,157.211322516357,960
859,13602.6535949819,2942.81089312107,53.6715212767758,960
860,26739.5166719204,3094.46837944563,289.979806888284,960
861,15276.0472393272,2733.11358271471,69.1625993023092,960
862,32572.1264146592,3752.0239917775,344.653219296385,960
863,16199.0214012884,1782.17326250921,188.569667775342,960
864,5942.09897238144,1876.128153907,11.8319805997791,960
865,17870.3148966499,1607.44648966852,274.057502624667,960
866,27074.8919487812,7325.10449468804,79.7036007022639,960
867,27915.1287434003,5410.46177673164,128.857032695181,960
868,16128.3691022051,4138.11250073134,44.0736510635472,960
869,11280.8141762259,2925.38406624706,30.7932752819738,960
870,38364.7149290886,5125.80707374719,309.782641940101,960
871,17048.4504289841,2223.4057372621,165.095615733159,960
872,6128.0505118072,2077.08042705183,11.4441593257606,960
873,45357.8642736504,11996.8787197477,129.97307635201,960
874,45222.4712588479,6245.18141700802,351.458130305082,960
875,32881.131966637,8954.67852532871,86.116170473486,960
876,28339.1457018712,6925.96891111667,89.3082423837434,960
877,12653.4438372416,2579.68440390407,49.5852848100673,960
878,19033.2895530443,5574.33078940023,41.9136059547475,960
879,27989.2257271518,7680.66465928217,76.7729332103978,960
880,46360.1460436748,3843.88767135241,866.436716630622,960
881,21590.0606363426,3483.14443396877,135.571837413753,960
882,26687.5805726105,4041.14479977194,169.197944489306,960
883,19490.0233739905,3024.02298510396,122.854465780394,960
884,50888.6625584446,3774.11407683919,1073.28148235548,960
885,27791.0366943064,6743.05966913634,92.6470708568029,960
886,17683.9785807061,1992.15061031645,183.469787582744,960
887,20217.3204185493,2187.38517826641,242.23618998245,960
888,30859.6678582969,12001.1005292843,51.3260898625532,960
889,11748.6177833298,1588.87926505717,90.4226282073933,960
890,35915.1347949291,3744.90688719406,477.74195555417,960
891,29966.8530597959,5436.70278651301,166.575333832133,960
892,47262.8107829973,10610.0568681685,179.730296225683,960
893,58008.6413538436,13258.059787605,198.842854338597,960
894,11879.1815626193,1685.50838875691,90.2958428680029,960
895,10922.0479803123,2163.61029587953,45.047457513726,960
896,26609.2873222509,3529.51954692097,236.927196024569,960
897,25452.8763832499,6753.97013692087,73.6505930101067,960
898,14695.7896366929,3598.41655817508,40.1588213810323,960
899,43227.0160415534,9019.02984964363,157.480211620165,960
900,8477.19504130793,3206.66587599938,13.9194338644151,960
901,23516.1288964556,2365.20708086591,319.773358595479,960
902,17258.0291897655,3502.90748419346,72.5367912935867,960
903,43136.6845752824,7865.57343065103,209.265290862285,960
904,31269.2885154558,3873.65270250496,269.20544930498,960
905,27734.5639974119,3122.78741845044,279.656783222883,960
906,20127.8431364577,2232.83643486779,222.838705077392,960
907,13996.6160026834,3161.5941421514,50.6264528029601,960
908,22730.3875748018,8455.76481970158,36.8335424167839,960
909,22448.8035715274,4829.27077290764,67.094961651366,960
910,36776.4791906257,8176.26970463172,135.012823588123,960
911,31006.7013777653,4209.53573371046,261.443304625679,960
912,20566.0326439184,2414.13385602209,213.548524104504,960
913,12245.8912864351,3197.64565760844,30.8278611143832,960
914,12731.0512773391,4072.5386424449,25.9497187962151,960
915,31858.6336716995,3461.12171379992,418.641411908392,960
916,13029.327877053,6353.60982460027,13.785630617177,960
917,44617.235298274,7570.40216738596,261.394492182293,960
918,71008.531011187,9356.7593402154,643.199644034712,960
919,23630.5391366278,6481.53100820208,60.0626860438798,960
920,38054.6830998299,5366.75411758226,316.582984209911,960
921,57605.950001813,4959.78116559739,1037.44660355326,960
922,42092.7324212332,5075.33216862902,397.331521160019,960
923,36222.1817728428,6247.23607094996,168.390195694386,960
924,22376.9234727593,3253.69419663522,177.083729609017,960
925,36701.584671522,7916.5528927576,135.884028710281,960
926,37867.6512762111,13555.9833204286,79.4285795105663,960
927,6481.4224976891,1658.03329611652,18.3345032811502,960
928,6760.96100600391,1789.92126563685,17.7705856609802,960
929,29755.2579990388,5488.64159133558,148.948657129905,960
930,15811.3373682723,5154.69341724284,24.5304930093048,960
931,21258.7066095976,5717.38835868855,48.2205816832639,960
932,19721.9193477027,2482.13245117515,181.112748230076,960
933,23726.9259996169,3292.66954128492,187.673419655105,960
934,10385.5452587532,2850.85497821154,21.5918385297491,960
935,21417.8461027673,4396.15603861363,82.7566260734935,960
936,52205.0466702015,14882.5651848116,135.271727089592,960
937,7433.16624333953,854.848444527505,79.2469253468498,960
938,34703.8870448654,9548.94450306823,94.1896031397935,960
939,14238.3059280225,1990.81533890647,113.529601357107,960
940,12488.8387429736,2963.25808185681,39.3625579205639,960
941,15537.1037390361,5304.69911450355,30.9315848989693,960
942,17859.2848210633,3929.88142794159,54.1113488215109,960
943,51800.8115695051,4742.67216452309,839.326109109718,960
944,40078.911837138,9382.49373958091,133.991854028601,960
945,15626.6313969544,1972.04595283111,146.636796236378,960
946,7287.95377666212,2756.31245107834,9.80701763066616,960
947,19257.3417198099,3539.96083748427,98.2321473629079,960
948,30544.8629546352,10553.1787153389,61.0864576364044,960
949,34389.4487192963,5188.35795873627,231.06859628008,960
950,18453.261720043,6468.70012501088,35.4228932565383,960
951,11476.4335852537,1406.91418037125,117.909210794321,960
952,18191.2215585859,3561.38748903552,80.4483265935239,960
953,21457.0888713312,5473.65014885362,65.018360548202,960
954,13330.4922235263,1472.0084928028,163.785184515455,960
955,16070.9448814059,3149.22601505103,67.1169858571728,960
956,13987.6733530384,2537.66544554462,68.7320073594112,960
957,57073.3362977541,13485.2494692494,167.759251194528,960
958,22968.9454146695,2910.22791513912,215.255819917711,960
959,35196.6003562987,5306.34058213447,208.584186919643,960
960,52602.2212918464,11423.2157706258,183.04792839351,960
961,14631.6259482919,3333.4898630613,48.8329002826595,960
962,25427.9390835731,4721.87712610976,117.410487571509,960
963,15443.1603578132,2688.08943597211,85.7803879865364,960
964,11875.6852466799,2892.88301642037,39.0094404603428,960
965,28205.1611430498,6676.22515351247,78.3581505648662,960
966,39519.5128035647,4109.96491082878,512.420972571219,960
967,34760.1687310433,6456.89373500679,161.136099297096,960
968,22672.316855936,7182.67468831063,49.807138141775,960
969,39573.3317851225,3943.24443332115,595.815549969826,960
970,34150.1958012271,4305.96282833893,323.086307098297,960
971,12175.5296041163,2721.87569604498,42.4382155613755,960
972,17108.2637924884,4048.10090840786,53.0071165539265,960
973,42818.6442885154,5840.62384400524,364.887950703865,960
974,8386.88271387933,2309.581602133,19.2721282006777,960
975,19425.1907315214,7072.46066237712,32.3858964361712,960
976,24299.6693303001,3305.88277788801,205.729458581871,960
977,34960.93815044,4445.41888602042,351.950725180813,960
978,27771.9200537426,6454.99094128483,89.9274587607439,960
979,25147.3229703979,5816.00926806572,91.1623102391953,960
980,30050.6805164767,6756.6240498376,101.699359153488,960
981,19428.3129224592,5534.96268439074,44.5088397105125,960
982,58787.6761747794,8923.83413960938,429.719271925874,960
983,14595.9332477783,3344.15541709697,46.9563327844438,960
984,35399.5780228392,4817.45908603598,319.695821060682,960
985,98498.1684371801,9320.41759733675,1599.35922001086,960
986,12407.7587361256,2290.67301186772,55.0239757986314,960
987,12383.2619820527,2419.15176995329,58.7646197774351,960
988,14696.8074932006,2255.74704949365,85.042416388161,960
989,23288.8976981725,7064.90420060286,54.1089935517706,960
990,16376.6995371845,2771.42688570087,97.3789972404257,960
991,43946.8992821209,4337.10905260473,639.461906642309,960
992,19439.0878519814,4605.27981727942,61.4181403699722,960
993,59698.3123825981,13970.5395741602,212.353363648926,960
994,24291.7109726391,4498.64362953913,114.158784397455,960
995,22665.3236812476,3127.82250314152,204.835985242364,960
996,25301.3216512843,5628.3896640823,96.0037626084004,960
997,35679.4342667542,3644.85064185084,507.047510515852,960
998,43796.2467737924,19765.3118431648,59.1026002396546,960
999,56770.1846877988,13310.9689239539,180.490028605421,960
1000,37880.1682676598,4713.27764654618,365.702583950182,960
1,9611.72281688469,1727.62331330281,45.7014119287388,240
2,5726.23911054208,1647.32294239841,13.247389093943,240
3,22137.5725089102,3579.57067266444,113.709101485264,240
4,30637.1861697031,5147.03283062041,161.53646584793,240
5,13081.4521053183,2407.14391654138,66.5982770694202,240
6,17288.3081512144,3634.63046655775,73.9946546844755,240
7,14271.9900713131,2475.4267154214,69.8393612684681,240
8,14069.0616616418,3211.62537518361,48.292413833336,240
9,18249.004648904,4983.27869678825,50.4304228920043,240
10,22040.9216150128,3056.95074957293,172.278261458833,240
11,15391.2944761388,3009.74913076015,66.0584206028769,240
12,14407.0944634088,1735.0348870822,142.928529764468,240
13,19053.0197960779,4345.71532040421,67.7527369763336,240
14,17035.8635286091,2831.57337618296,103.412116331668,240
15,19061.3881696104,4347.40676215437,68.5627923859289,240
16,11857.9383583511,4534.05501064862,19.3454652162821,240
17,28696.0332993445,7025.54456152615,79.4588145186914,240
18,16849.7023930989,1536.70572348291,272.436037504301,240
19,17852.3681760751,2010.35993186198,200.634818664385,240
20,6861.43661855765,1987.7440775187,12.2348062249985,240
21,8632.63900417563,3268.45231535009,13.3944192624962,240
22,19902.8242349185,2738.54163447234,164.765533157115,240
23,21787.7018575893,3679.45815139536,121.984817200368,240
24,23906.439672772,2761.45006854166,251.719278364542,240
25,13979.7360818515,2975.0988717052,54.3900507674308,240
26,28402.8597476402,5169.89452723268,157.205890159541,240
27,14397.6012226865,2459.08973798561,77.6433037973785,240
28,20132.0539956453,3830.87512506281,75.6432563828436,240
29,34652.9127114294,5160.87263015997,248.309877252245,240
30,19829.0069233991,3351.79195559225,105.82438557959,240
31,9391.87720751869,1753.62527602305,42.3931455587284,240
32,5197.82095991638,866.186589189189,30.5734670981867,240
33,15834.3264584543,6145.66023782243,24.0219562781801,240
34,12845.031618328,3335.52127018587,37.6111181429904,240
35,67446.3388896843,14057.6421673907,307.255438155787,240
36,15470.9686386179,4025.71267439695,45.5834179399209,240
37,22095.1785125303,4007.51071426976,115.502587363036,240
38,16550.0267323781,2259.36499942337,142.299760581577,240
39,16560.0418846783,3491.93695211261,63.8237156074011,240
40,9092.66579714651,1095.84401045251,86.2351681147556,240
41,24456.101306378,3120.83077227948,193.888466938048,240
42,23046.8380566142,8819.30315085977,43.6383586434891,240
43,13663.4297245912,3182.96871536182,39.7598530287094,240
44,19924.4622676813,3174.5983257622,117.338221109032,240
45,27423.8964447988,3722.13141419062,209.566240688827,240
46,10600.7123589433,1711.93098540698,66.8570303540674,240
47,19815.4894503874,2353.34177889116,209.744769332095,240
48,19176.7862541036,4229.12157771723,63.3415955254914,240
49,21457.8042867503,3986.80979702646,107.13738378438,240
50,7791.59849403942,1327.40820898247,40.6092872853853,240
51,17828.9876654604,3904.48453183883,55.911430342981,240
52,30715.8164461784,5047.78767663525,160.485713267904,240
53,26804.3959947127,4532.8036642744,164.188231374066,240
54,18945.6862514428,1987.6231010533,244.195140063431,240
55,19210.805028877,3781.29454097015,69.7232844203835,240
56,12616.2634707367,1837.345934197,85.0351831363481,240
57,10879.273479038,2547.31994449621,34.3365480646337,240
58,25082.6900664029,7768.97869805861,49.0846987614186,240
59,5587.4250853495,1913.61622121755,9.68439420379299,240
60,14358.424099525,4372.42985314923,30.4875354046174,240
61,39634.3416305033,7563.59418943145,140.230786817134,240
62,25740.9530760142,8041.31055718,55.632200690113,240
63,25082.0729229426,9777.08042586676,44.3345424740369,240
64,16368.083333224,1571.11214119473,237.869476473335,240
65,12519.2781137168,2622.80386867877,45.8075095532999,240
66,34991.724087092,6457.20595650856,176.493674863371,240
67,16124.934388701,2691.48367208118,98.6191853298691,240
68,22387.6562616037,4824.36485012196,91.374337645544,240
69,11833.459971548,1541.53782814927,93.9609787174872,240
70,26822.9831915753,3681.1840038529,222.541217064872,240
71,32753.411929045,4632.04632761687,229.74188906548,240
72,27723.5913012192,5554.85484806552,112.477969176906,240
73,14880.1414335559,3012.83134069704,68.0183169158033,240
74,25962.4959843155,5820.56690740925,92.0579415593379,240
75,25111.3292478248,4281.61061743898,130.420937149377,240
76,20345.7505966282,2032.54961001317,283.357405334245,240
77,16848.0353597835,3697.96278900233,61.9620734183548,240
78,16722.4820133539,2969.67426695843,90.5425831441887,240
79,13189.2588641338,1996.70280422676,90.0616686845044,240
80,23624.2961107521,5867.89345700263,68.7442558642222,240
81,36535.2219641378,4366.03107273917,363.722390919356,240
82,17090.7507604419,1850.00725474903,116.973093925399,240
83,18845.1676564585,2738.00944683805,139.980373800811,240
84,6564.02883814234,1238.80711636479,31.8468185527022,240
85,16935.3537362194,1862.00282486755,198.571156051751,240
86,14985.4425872935,7321.76662998069,18.8600772618466,240
87,47789.9994241244,8839.58787619095,230.86478376727,240
88,13586.0903361636,3077.87057075201,38.4805843239453,240
89,22835.3904270166,4999.70968151177,83.0315062180667,240
90,19680.02076446,6570.84639919832,40.3513103531841,240
91,16718.0791278504,3808.30215760348,54.9561191573633,240
92,14888.6536444626,6524.57152412246,20.1994234081865,240
93,31724.4996549112,6935.08383138126,106.078428613874,240
94,9522.00586817798,1507.78366594042,59.213253724509,240
95,13886.194411557,5539.74910638979,23.1453663624024,240
96,33658.8925803303,5272.57284669283,234.104172735234,240
97,13339.9536894981,2199.63774387284,75.6450879957946,240
98,14576.0918623679,1768.75718034402,153.801211276703,240
99,8151.01188549817,934.81154753813,91.2592179843852,240
100,43554.3640907917,3294.90027665174,900.668490052008,240
101,18001.0337089589,2181.87563079569,183.94890687631,240
102,31876.484782457,8922.28732710204,80.2078892418637,240
103,23880.4932002029,4996.27308364162,101.989822678813,240
104,20049.2720959614,4207.92857407523,86.5576445774254,240
105,48025.733475941,8431.90373046865,268.7287966309,240
106,17507.4994590721,2302.6497343623,157.721327503146,240
107,5103.07066803951,1393.23882872324,12.9763704259191,240
108,11532.8020709532,2835.25065253162,34.8520632567584,240
109,7408.71344802332,905.707531158047,59.0424106355943,240
110,21254.0076950463,2636.04410872197,186.250744299587,240
111,9622.14729965893,1542.73950968515,52.5490499089321,240
112,25537.6207644253,3402.21119082076,221.430459781485,240
113,22302.0953648891,2176.55023472949,322.462028367913,240
114,19425.1706861251,3405.7154514826,105.340253247629,240
115,28001.9589484421,7027.11253648056,88.6505850983224,240
116,10302.0269897262,2709.75153371432,24.9267133547973,240
117,17604.2168801912,3734.57605566217,67.3950628257378,240
118,10188.0619998225,1246.68309494313,101.390288646531,240
119,7698.14547445993,1131.38766423835,42.3508384608664,240
120,7959.32657583231,1199.79816832292,58.690388797016,240
121,10813.9902569082,1643.86495679963,77.6097642377566,240
122,17664.2408696917,2036.55676332341,187.257550731872,240
123,19457.0715643609,3151.10934446337,106.867747991617,240
124,31673.4930890684,5973.68921633976,150.40761856581,240
125,26813.2789973436,2835.84743359857,338.135733212688,240
126,17571.7131845541,5904.36413254667,35.4205839516699,240
127,25107.9102450087,5992.13769825009,79.6970522348929,240
128,17676.2516279237,3711.12539127972,75.8376150147953,240
129,19685.4196617163,3384.37015886119,116.582451262184,240
130,15277.8514485721,1828.15538180553,147.906476540964,240
131,17558.1861504931,3958.56103926126,61.3476124258413,240
132,48489.9608565567,8011.36858006571,318.253355412209,240
133,13687.9438538942,3007.58228105264,50.2969504102966,240
134,33857.62464848,3079.69285566037,560.672643666387,240
135,12503.1669507061,1354.63387360916,152.623872406285,240
136,15347.6318454072,4303.40444799341,37.1502301331072,240
137,5216.05316241235,1285.75144520828,14.905013238743,240
138,19183.510515571,5583.34299858887,48.1637212406382,240
139,16321.8122764335,3210.70267807617,73.3723746163504,240
140,21152.630970373,3186.96484213096,149.197053228732,240
141,20038.6035347071,3238.50278675895,122.361993745657,240
142,11784.0030216184,3913.52631711614,24.4046221695209,240
143,15386.6006869112,5467.82783553727,27.9257512596056,240
144,33291.2767982237,2575.91652022471,647.262919324631,240
145,18096.6728435115,2637.12191620714,129.980941222149,240
146,12649.9416982107,1224.94793365549,187.29466508911,240
147,12973.388019168,3273.58284502521,40.688740885507,240
148,18546.769625548,1773.07275352127,263.908154913812,240
149,5534.53490468326,1136.16678185538,19.5196377930878,240
150,13819.1868371564,2001.98565600323,101.15974441929,240
151,12859.0158133828,1227.1017781042,193.015487101161,240
152,21449.5021769954,7542.03312567825,42.501504067546,240
153,31344.006259766,7780.28316668736,99.1306589664014,240
154,35120.5921064902,6040.19914589071,189.28679929886,240
155,15369.0033856244,1422.7156116337,234.840149456259,240
156,16614.3476158382,2159.79501458383,140.426609529858,240
157,15609.5862532058,1673.04587226998,192.119558712844,240
158,12657.9873223164,2560.19120238787,44.7387133306591,240
159,17476.7977905185,2116.22706441562,171.441490775504,240
160,9590.33443629923,2967.07508739718,21.8660949452405,240
161,16220.4890409406,1807.047223608,192.606167781624,240
162,26528.280410465,2408.91307670951,449.395939449007,240
163,26030.730690713,8718.51840941699,48.406320567476,240
164,18489.6831965041,2793.93870865713,114.03021919929,240
165,16445.3923653937,1772.93596330006,212.67819261961,240
166,16508.6544344284,3606.00839129173,61.2998471565168,240
167,13790.2485945445,1573.16826630091,168.996435487264,240
168,12560.6104874684,2366.7619714215,64.1664763497419,240
169,24352.2740163287,3299.54110837275,218.921564419161,240
170,23341.469879716,4156.85355520928,117.923782705403,240
171,5826.64118556567,1860.82819244781,12.3591460851631,240
172,19239.3313293052,6290.05038038043,40.7467717233816,240
173,25629.8404633185,4022.10785941506,175.909303015321,240
174,33755.6522694639,10797.6110376387,67.2297015160239,240
175,12097.9767851396,2521.88528251143,48.4325048984667,240
176,11462.0208730826,1853.42557298184,70.121510197736,240
177,8829.98224110781,2076.95576719484,30.1087471177756,240
178,12573.5764758394,1603.19822486583,108.587044584415,240
179,9829.73575405163,2005.95492687047,37.9867413696787,240
180,15052.9748525652,2278.73353106924,116.224827212633,240
181,8834.7253086035,2741.86274797051,15.3041923433603,240
182,19956.8107483874,3197.70313714727,119.311038470836,240
183,23052.2365725769,2026.57758424227,394.171283658032,240
184,32633.6948971347,3736.91617623582,376.748617033286,240
185,17829.8769826105,1908.17261983617,216.639117438375,240
186,6025.92457909312,1361.08657616001,18.7086707908561,240
187,7258.99570166247,1367.51213865594,33.436684905607,240
188,17325.0692589405,2701.96865980724,107.79696346758,240
189,28436.127196082,5186.50208210365,153.940488782016,240
190,22586.0765525206,4133.73750653297,116.024039455471,240
191,14089.6248095097,2062.46226660446,78.547922420374,240
192,21629.1174514529,2563.88156976411,226.9307375323,240
193,8199.91437459932,5062.9621988899,8.76852508991965,240
194,20452.5128377027,4279.18312780323,76.476116287375,240
195,27801.5041457603,5238.16119764146,135.368176224477,240
196,21614.0543725486,4675.95070765927,87.9887147386602,240
197,14430.4409326872,2681.35750380788,65.5878160728103,240
198,11858.6306899984,2385.67181308089,43.2412258429218,240
199,5783.98465297562,1390.05295705226,19.2384705193631,240
200,10928.9135342198,3055.06120285855,28.2478920756862,240
201,15937.0784233147,3836.48210680543,49.8677211396687,240
202,12150.9475561149,3224.08158156758,35.0970232783461,240
203,10215.4101180674,3501.2363537118,18.3548385585004,240
204,9075.05875448008,1432.03755891331,64.8908998639417,240
205,24062.8199198501,4082.67887461046,131.993520239814,240
206,11488.7484903154,974.691825488287,198.110795050492,240
207,16175.9175206488,1423.99573018499,284.610374719924,240
208,21878.1679177964,5722.40168000202,59.5065778608359,240
209,17072.6818518279,4234.57259763025,50.501009469171,240
210,34988.0116932621,7522.03823594619,143.582192662601,240
211,12771.1536514587,2129.24585917792,81.2388905708363,240
212,10566.905073056,3218.57595308334,21.835397530149,240
213,19581.4065630811,5025.07000722698,61.4837315477097,240
214,44304.7712953309,11390.7406321795,124.239748054685,240
215,5754.9746013882,1065.84931689496,21.9546351314251,240
216,14054.7796424248,2779.88861726198,60.9676394924574,240
217,8775.44696320856,1330.72040888659,56.342359342554,240
218,19684.6000224354,5197.94342032286,54.5565366462314,240
219,22079.1552367309,2159.28179921072,333.313742389678,240
220,23214.5183641115,4229.15912027504,113.003598044437,240
221,10887.9640352628,2281.29779964025,39.4241290190847,240
222,15446.722167613,3123.13047506143,63.9967440549466,240
223,11971.1635141629,2804.03828742818,37.5644429105848,240
224,14808.1767062599,3008.43743922753,62.0394618071757,240
225,16127.0283284117,2939.89956027599,67.8329779615226,240
226,24020.1977481482,4042.7256135241,144.580118176697,240
227,13504.2719965039,5089.30750008766,23.434788468668,240
228,12486.4800836921,4658.88135376649,21.7710040131442,240
229,9821.85425154931,1397.22864783306,68.253456737175,240
230,16969.5699453694,2914.89221142786,99.0202267756017,240
231,28851.685360165,2870.73202539117,370.569311503833,240
232,14679.5838843945,6309.92444873446,21.2994572137223,240
233,24360.4934636937,2720.97578673517,282.577611751356,240
234,40789.4646206991,7092.67399268605,235.182985815736,240
235,32262.9900353423,5747.88066866547,174.570252356878,240
236,27542.4662596234,6557.0617579604,95.0696103029021,240
237,13578.757983917,1115.50992102751,257.243935277678,240
238,19484.4219675594,3772.46230393246,96.3869692453289,240
239,23461.2077821615,4039.09432442922,119.782261515909,240
240,25189.7014086134,2967.38774715353,278.580092879907,240
241,26884.2283973073,5234.36036589257,114.66944926861,240
242,22505.2588208694,3404.53385086185,152.934068344073,240
243,6838.48879772984,2243.30871928042,13.002135832154,240
244,32176.286523049,2977.42827434278,464.010615429607,240
245,24299.7985290135,5163.77289773263,95.3913756900591,240
246,18858.1366692337,5793.80064631813,42.6535881684707,240
247,20941.910036186,2922.27927469622,137.620409947023,240
248,18611.3686973484,5355.62789576376,46.0643475588861,240
249,8239.06711128563,1777.8145672423,31.2556590691725,240
250,15107.2322369951,1217.90381817188,266.933946512731,240
251,20294.9006796016,2515.46642223723,222.079675901553,240
252,10612.018454799,2373.23461348034,38.8916522375167,240
253,7425.4974475817,3256.13394769605,9.95656835917535,240
254,13093.1703213668,2339.82041957327,58.0987533542144,240
255,13660.63278346,2841.2762165253,60.5993767476549,240
256,17690.7549323133,4205.49851117356,65.7576552107543,240
257,16012.5685797209,1478.00416595991,248.401227373757,240
258,28544.806428122,6270.34020192434,112.565983753555,240
259,37138.2716302126,10549.8646351608,95.3577835955164,240
260,30025.9638694687,4962.26570403672,166.352985063476,240
261,7210.24710542842,1235.00541266459,39.2316282125141,240
262,12368.9723083379,6498.10234298869,13.2510666957399,240
263,5757.97713754523,1826.68473046332,11.7567220010999,240
264,9392.01050611478,3929.71217293038,14.6111624694266,240
265,7544.84849782917,1869.07666577703,22.5139412882175,240
266,27266.0988856681,5832.20586056293,113.212083053018,240
267,29391.7798117507,6918.15837434333,95.6840334928101,240
268,12289.6556564178,1484.12777191015,121.052304344606,240
269,26858.9713091029,3139.46435556956,298.414048868249,240
270,26988.198964763,5919.76231887026,99.2437108668641,240
271,11759.2058068244,1693.73942965686,63.5658888301252,240
272,11761.8095875358,1706.37481003202,83.8137861887437,240
273,23555.9946371804,3175.72941631984,211.067610109828,240
274,9668.84416456729,2780.21016314184,24.7082818588947,240
275,14293.714973578,3166.46594016795,51.7475356965575,240
276,17443.1251380443,3382.14316405413,73.5494839401639,240
277,11361.7420820593,2032.2330276675,60.9560009777214,240
278,9116.12364089687,1674.6002835324,40.8311301575889,240
279,28106.254683904,6497.36279568831,99.1707023576569,240
280,18824.1231266424,3106.89064645485,106.566798988424,240
281,5478.38759956819,1937.61905579758,9.06493538206062,240
282,14230.6749789955,3020.54623478923,55.4589218569791,240
283,28807.3437373036,6498.36675763062,98.0863740936376,240
284,13994.5645121706,5108.69048935235,28.562858939842,240
285,5982.07058909519,1792.6623641879,13.8135098499185,240
286,15656.4833324973,1791.57906914265,163.876764655264,240
287,14488.4659811742,5144.4842435784,27.3159719074216,240
288,32524.166774686,5857.67880528592,145.498260723837,240
289,9650.85060625095,3069.3625829268,19.1278235229288,240
290,18204.4030568571,1931.80119350617,225.071446941139,240
291,37376.245006925,3823.0158438896,513.179803349832,240
292,16722.5938087311,6381.41687734963,25.8894311486706,240
293,8015.0797310866,2190.96742868561,20.5098894199847,240
294,13107.0713114737,4843.00067107121,23.3356174452274,240
295,13651.9549059691,3074.39646479693,48.571981053455,240
296,41754.1719916417,3960.73237211494,611.043059163046,240
297,8386.53377094269,2312.24449545424,19.2353304724688,240
298,12808.6837042604,1968.21584274972,89.1283070331889,240
299,50511.3228307513,4094.34529505162,1005.22187870791,240
300,27926.0126728651,8043.63549412478,70.9576284910584,240
301,9667.57147043624,6076.04363544147,8.23343077381902,240
302,4759.16343788824,1652.60364790516,8.3665479708644,240
303,16435.0116394132,3987.81299686659,45.3611728488385,240
304,43803.1215010407,4711.81104991763,537.323959490628,240
305,23112.097380504,3456.42291872138,171.028992379358,240
306,10108.3771842493,3183.81821327671,20.0188416504216,240
307,19391.3682286409,2688.29184317397,152.980196263992,240
308,36887.261990919,6795.61972593355,185.833207563398,240
309,22462.1647042573,6897.8453105546,46.7573610479555,240
310,23781.1257238196,2407.91389167329,277.57547109555,240
311,7431.94636125503,1180.64306154292,46.6682119844015,240
312,31316.0727381117,4311.33579128093,234.424038319064,240
313,12590.4397868365,1964.48341154212,68.5988850196996,240
314,9901.89365111118,3615.82549858738,17.9162630303819,240
315,66036.8566102787,11002.12135397,393.220609863578,240
316,4552.5841321563,1302.03330006537,9.9288421510633,240
317,21249.962447629,2795.37907982368,180.46278414959,240
318,37896.7635816343,5807.59075124622,272.001361086575,240
319,17838.5002854775,2327.56895800024,162.897855348108,240
320,17249.340589892,5297.6647753474,42.6829001709507,240
321,22299.1050539983,3730.7083373642,126.823211056807,240
322,10407.4710484277,1205.05225632067,120.628331050431,240
323,34155.8319268882,4303.94677356264,328.409014056708,240
324,10025.5252762341,2161.85113093807,38.0863972861735,240
325,34872.9231417726,5437.74081352713,215.544761815717,240
326,35710.2549517847,6550.8715904887,193.895642753763,240
327,12761.5471391157,2818.98220031654,48.9978008826706,240
328,40057.6805111745,5577.28704648504,313.344539294205,240
329,27355.6482904924,3340.35522338277,278.471075369387,240
330,24720.3653830411,2939.24167201901,270.231561669421,240
331,32918.2605631211,8432.22718080901,100.741476531002,240
332,36307.4081073226,2966.24668449552,680.657978709972,240
333,37331.4739398904,6428.27985816015,209.138873752888,240
334,14497.5634595984,2472.89562388983,75.3311117821906,240
335,18975.7795812975,3897.13036226385,84.6609446082011,240
336,25463.4187363488,3026.18001442179,247.178421678482,240
337,28514.669830834,2592.12729888351,468.065757800214,240
338,18984.5662384972,2001.15420832513,218.700126351092,240
339,50631.4548825235,11000.2429587476,189.602907817126,240
340,31869.7781980535,5752.96733395225,146.482119205884,240
341,15901.8902208123,1908.12521629261,161.397469089126,240
342,26358.4951522192,3166.94652608339,249.078100600302,240
343,11570.5898297366,1586.78689946611,88.7100817242195,240
344,22716.3954104378,1547.98636943104,530.902251496856,240
345,21107.251158755,6376.74119757602,47.9430146873211,240
346,22149.2598118141,8559.9381190951,41.5452735861374,240
347,16968.1421836855,4060.57548661567,58.0559211766096,240
348,16180.0051764463,2121.34422663351,142.92801949873,240
349,30411.2838069535,3600.87239449087,317.957506609595,240
350,17845.5832381536,2831.34347642477,107.598989308756,240
351,19396.4840964439,3225.90863915234,118.563897770132,240
352,11862.5960252429,3009.05896432803,31.0738757111977,240
353,10981.7757173196,2252.88471637807,38.9580618274794,240
354,42513.3306711236,3912.86430294006,672.486255084382,240
355,11321.2492990912,2418.12559097121,40.6403797841542,240
356,22348.8438348138,8649.92767712353,37.3951953308867,240
357,21361.1807420862,4855.76051378348,68.110706973541,240
358,6103.34886899122,2852.94045275314,7.91677706511387,240
359,27321.8803093721,5439.49526869013,119.912358427334,240
360,34187.9704625617,4179.26290447477,315.648683836377,240
361,5661.41277248594,1176.56159766302,22.8637794366533,240
362,18837.9615681244,3395.70521820776,99.6612815942261,240
363,19646.8025550875,2690.99833017293,173.329211425432,240
364,39760.6412698807,12237.6609594212,101.570858734338,240
365,36893.6856436321,9461.17480576156,110.962215758519,240
366,12847.193612617,1701.53632582116,105.270349766195,240
367,7913.27720859572,1319.24593121341,38.7941293984885,240
368,44807.8340793954,9347.47449626563,180.653526437119,240
369,14673.2970434681,2454.10245422602,73.9807146661873,240
370,13195.5469895252,1418.08727857878,155.121627859396,240
371,15576.5951612923,2583.55610845794,80.0535525068886,240
372,17438.5050024544,2491.42038279764,148.450436223436,240
373,14030.8139708682,2115.64041760743,96.2407346437395,240
374,5269.73353869055,1624.9734820775,11.7121029465894,240
375,10131.6597089422,1547.16824105067,73.176769248396,240
376,27951.8862636826,6050.48093833692,110.586553954817,240
377,35738.52975858,5965.45820714454,231.893450448116,240
378,11045.1401767213,2056.53607427888,57.7144821024296,240
379,46549.9381558964,5690.15850689686,458.820009761714,240
380,25243.1823629237,6656.18541395693,73.7012674440606,240
381,23863.6931942106,3938.23393150985,139.504687504518,240
382,4562.37491398832,1094.5254672616,14.1315857579962,240
383,77127.0015431143,5060.73721658653,1882.02657621485,240
384,21933.9807461286,2742.64142532849,214.003685841227,240
385,13785.2242788812,2161.83531205925,86.3729394520248,240
386,11709.3836557174,1976.8414190097,53.3177668401592,240
387,30069.3956790978,8478.15976865258,79.0394077082206,240
388,18135.6472867104,2941.85044238494,100.511008175144,240
389,26104.7777405718,4201.21617517021,161.949251541111,240
390,16033.1756325518,5202.4336718227,33.9150978355335,240
391,15982.7322247643,2943.62855126542,80.6536590325234,240
392,24028.9920117859,2210.76028806205,368.397547491902,240
393,25585.1904778612,4155.73956588831,155.660079352169,240
394,19021.5017397449,3509.46751430926,94.532894564989,240
395,23488.6742491932,1890.93898520493,429.609118882369,240
396,26688.679045714,3384.5774230441,264.857889356932,240
397,10264.2171771602,3192.67821684718,21.271239177412,240
398,12528.8901804136,2247.11572724033,63.1104821027303,240
399,18506.7067062204,3081.90349428898,100.627907155648,240
400,3111.40910466313,1130.86510385421,5.67851188935255,240
401,14315.0487014106,1443.15678272685,204.325066550846,240
402,14736.1507901583,3016.56202579204,65.4306024718881,240
403,18109.9351200219,3056.87361028089,111.054211306958,240
404,11565.7131856527,2106.21008522744,59.1918822137287,240
405,11540.4374984826,3714.00903241782,24.8771998762852,240
406,27217.1532257386,4455.93647115106,171.322468602853,240
407,29012.6994933811,3674.66613735833,290.621085735289,240
408,17727.6605908138,3465.02887225453,86.2874322655798,240
409,25088.222735203,5816.95952975673,84.8921848840183,240
410,9665.36373439747,3590.39278878059,18.5105481881275,240
411,9624.58168224245,2338.58395191564,27.438973662419,240
412,8433.04382447823,2069.05064294643,23.8904234994453,240
413,17646.948352694,5256.15888188623,36.3442506273243,240
414,7116.83794543344,2892.7135292514,11.1395823730561,240
415,39275.2420046169,4846.34176364505,416.886666891052,240
416,30425.5349248369,5819.25263249288,136.846392718989,240
417,23927.0043475279,3968.89710458924,126.011972485873,240
418,24192.3736171736,2157.81386899828,400.891049278447,240
419,26288.2761879168,4864.94074789511,128.760245127855,240
420,12089.9075330893,5048.35984718914,16.7887348535255,240
421,6377.20431719279,2336.91093341643,12.3765788417317,240
422,20434.8440672367,4769.73845273849,70.1530507614984,240
423,21341.620044187,5281.81923827707,61.8785524232563,240
424,12584.4647146428,6863.49988039417,12.7874934089583,240
425,44887.0874958748,11019.4261734177,135.132801800598,240
426,34317.8739180981,2899.50751928578,647.231855808363,240
427,31358.5347667348,5362.86732290712,185.159201699542,240
428,18100.5618580787,3829.96760814282,71.525266693333,240
429,37404.0061249281,8154.45529529933,149.077000786571,240
430,17683.9958689438,3349.94002423323,84.6711523190352,240
431,18725.967607339,3130.86220412659,85.4099582658957,240
432,28725.857499648,5167.85791848831,129.488987982287,240
433,5893.67873215917,1305.58230534486,18.1740517384743,240
434,8152.06329326014,2788.76889292107,16.0553740726515,240
435,14417.5966802191,5329.83305811978,23.1617900994451,240
436,21356.7125109905,13091.1035166652,23.4543017377544,240
437,26616.1660740977,8176.39343906143,67.3991268483044,240
438,27313.7913493026,2838.11636648565,344.665745183699,240
439,27703.1429146612,3042.85475541275,326.080806456778,240
440,30896.0541430236,3127.96051526948,446.510934789901,240
441,19903.39813085,1911.1104307708,296.23049086502,240
442,31239.981501902,3297.7290760197,389.318284716573,240
443,18780.1296659709,7084.34913477319,36.6787178099924,240
444,20691.5810208299,1962.96401669871,340.383824685743,240
445,12315.3554700362,1241.14068473022,166.330003266031,240
446,5100.65556528516,1460.20211586582,10.9969527910813,240
447,30014.8221892375,5882.11860291471,135.871312272811,240
448,8329.62105219446,3868.64402491745,10.8727855125301,240
449,14649.1133852161,2037.45065804473,124.847869699979,240
450,18353.0795543017,2357.01890808361,174.755002838845,240
451,13959.9404964283,3564.36744072167,42.9610845727846,240
452,11381.3506870899,2821.10958427164,35.097124539703,240
453,7695.65550601345,1576.27947354006,29.1861075290524,240
454,17405.5262371087,4398.32064627689,54.2720444501181,240
455,18028.2413747621,2317.38611091761,149.042137784811,240
456,16887.50944557,2169.6891490543,152.424371127353,240
457,6619.22572820615,1118.06551945956,39.3563183126632,240
458,13505.4989235321,4883.76771817466,22.675341626287,240
459,18496.0923597063,3950.83499887587,62.6859209539236,240
460,28690.0689340802,2354.6302383965,529.060452149068,240
461,28353.3915611054,2671.37798462209,422.101319750247,240
462,20909.8771860954,3386.35933754772,126.96286922089,240
463,12114.6312925057,2236.6383117028,46.2041135210972,240
464,20920.582082299,5445.4846087123,61.642087006046,240
465,19129.3196508258,8027.38220216949,28.6791822877241,240
466,27087.8823934026,10004.7745792714,48.344882104258,240
467,10654.3130848128,2882.63021728855,27.476272202474,240
468,31170.8819326002,6446.96065898411,127.274221516892,240
469,12613.3031329633,1735.69631177567,86.1234235157859,240
470,14552.3701049894,3754.44860716594,40.4657456187612,240
471,7128.71593864181,2573.80486589639,11.9925554230073,240
472,33495.376069661,2910.60887739822,603.72160705099,240
473,31464.7347182563,3671.78017398364,350.899486938373,240
474,31780.9112931008,4793.77050543547,227.661224600433,240
475,11585.1523686124,3078.97048781479,32.9731529306948,240
476,34114.0405302138,4360.0252615474,299.188714962416,240
477,10021.5217139761,948.607658119082,160.867203285546,240
478,21526.8324486692,4497.26665275408,93.5951657692011,240
479,20643.4074689061,1420.96567131608,490.429892049432,240
480,5935.56953976413,1545.02586535499,17.1930954401398,240
481,13319.3947108037,3728.86295578783,29.8760662096465,240
482,12202.7146849364,5047.28036977673,18.5008175646543,240
483,76036.653933304,12891.1691179199,405.244776532604,240
484,15946.0682716235,2040.61586679633,139.016934665162,240
485,8380.49719150479,2405.75646863718,21.1690533955115,240
486,12967.5667145255,3408.02422153605,37.5010497227141,240
487,53385.6473876533,6325.83968697176,578.271592006654,240
488,16761.2678804242,1936.19599901191,162.611128828472,240
489,7382.72613773099,2845.34724634328,12.3174286877353,240
490,6180.99406373072,2516.74874999998,9.0206906326136,240
491,23450.6378990796,3603.15363724853,150.672189807495,240
492,21478.0652899593,2074.17317554718,304.984710861761,240
493,20695.2886139867,2056.78950122087,283.129179875273,240
494,10866.798450317,5056.92973941224,13.8099503239878,240
495,19679.2315802875,1282.51875094089,496.974571888089,240
496,26344.0389004015,5055.68140701017,123.763185055805,240
497,19765.9655013535,3113.86125029498,133.715447769858,240
498,23912.6390655887,2275.33428415883,343.733401509059,240
499,14291.7791488662,2506.26308268387,63.8495368589999,240
500,27213.2847139187,5321.94211910263,115.532356053564,240
501,26893.7566416936,3517.0328510945,247.814840965861,240
502,8160.7143614213,1495.95013051852,39.2503498976506,240
503,22257.8241077335,6766.92678269114,49.9138980181112,240
504,12675.8820452561,1446.15520253666,134.412939591925,240
505,14995.1432791749,5859.33451053288,24.7726134513132,240
506,15505.3183204332,2820.31978887651,68.5281770646962,240
507,10829.4548790008,2319.37782107445,32.6615766490293,240
508,9084.1754356701,1915.55879315334,30.0099662917645,240
509,9980.45203950935,3919.22756669398,16.3529825709404,240
510,40247.5910000983,4939.52240027549,389.241268737429,240
511,16561.1454563674,2829.1854402199,83.200959015112,240
512,18915.0577688729,4303.06230318472,70.1605948112521,240
513,11963.6116284588,3239.48538766682,33.4617191883542,240
514,21236.318604513,2524.70141334627,236.336929132815,240
515,12625.9363548133,2008.71624711099,74.5188501563793,240
516,6927.45076468363,1868.48804574667,15.3375807930399,240
517,19478.6129600628,4030.79971460913,85.5938617653891,240
518,14966.0092184669,3487.73597540199,50.0035297155485,240
519,9855.69000767286,2091.69396006507,38.5410891195847,240
520,7773.57961944263,1908.18321582131,21.386017474763,240
521,27262.1842139447,3795.18506600317,198.911088518878,240
522,9191.41797157261,2253.99894514772,27.8355177809339,240
523,41470.6638408635,7658.71691987089,208.741779686241,240
524,8687.58532014952,1140.16054453997,82.752793538072,240
525,41282.2894741858,7476.49197473444,227.59005858079,240
526,41337.3107447078,4825.57106169952,402.9260826477,240
527,27334.9349412992,2885.90600312917,329.849181191958,240
528,6965.80862022351,1279.70998970248,37.7361485512408,240
529,25677.7195782417,2587.50328395836,284.54131590715,240
530,19164.6987711047,3729.71193925364,77.3381282920871,240
531,15391.2977196366,4213.05019635834,42.4480483377815,240
532,21178.3588228578,4236.31946915025,92.2603823200237,240
533,17711.73455057,2343.81918190668,146.251665244821,240
534,16014.3963962223,1660.94417320641,217.245191595903,240
535,7165.88424983122,1123.88319089851,45.3938537262409,240
536,34369.9022672226,3775.46290965165,430.928183820187,240
537,26955.2932247804,3659.98309109216,239.612773147238,240
538,14143.1084472784,3289.4926618905,47.8131592414199,240
539,18392.5727607863,2877.0885088225,126.086284366338,240
540,15706.1329352871,4437.9978749139,40.4140471382847,240
541,9804.48885623033,860.13243819336,161.969818297954,240
542,20029.7835824023,4329.05976568539,75.7973425357911,240
543,19346.5336498432,2614.29527931413,157.513705534145,240
544,14305.3597223215,3325.01956488891,42.6279393616606,240
545,32896.8172049614,4015.98799630304,342.827172235569,240
546,16660.9935032091,1996.333345466,175.408613571171,240
547,20171.8539432397,2140.05935905047,267.891963947511,240
548,21090.3402706681,3803.17790515928,114.194514703217,240
549,16270.3132363799,1783.95435413507,201.1323730886,240
550,31767.6757425383,3257.55806373427,445.12092295184,240
551,13618.9492765297,1656.80190576214,141.078547282576,240
552,11153.3004032285,1984.15809645198,47.6581938624437,240
553,28735.8405361017,10688.6382787256,57.6998789231753,240
554,11838.3305593193,2723.89959670389,41.2079464413332,240
555,19260.4530559134,1558.18927966074,359.035194679201,240
556,12681.5011960632,1440.31203910725,139.472287916878,240
557,11407.5835297196,2866.20449490366,35.5116477142587,240
558,26996.4964772558,5191.33688944066,135.502024553846,240
559,13776.2061779913,2314.89025803097,65.7762396194912,240
560,8573.42947619346,3053.97561812005,15.9011547831065,240
561,5206.50778431523,2157.54939478583,6.16975863254604,240
562,30004.8995936294,7575.00928429745,92.9123848124021,240
563,7316.84837245216,2257.05942190793,13.8419224235502,240
564,7650.0730401101,1935.86384778929,18.5878544392983,240
565,12999.2093690427,3074.6634998792,38.461047623198,240
566,12782.0585304437,3252.2724403071,36.4767159492128,240
567,34186.3032512791,2727.81730541988,655.907478537798,240
568,10856.1713257021,2130.3137125412,44.8763705231779,240
569,15902.7188289228,4558.92832347574,39.4986093390965,240
570,36165.2917931923,5290.50517810058,266.474485992626,240
571,13327.9061270657,1715.81174889462,117.172191128123,240
572,15184.4519399796,2924.48738618065,65.5830021407814,240
573,39032.0605986203,6706.73855162529,240.176104853998,240
574,13253.7295026046,3202.80205677534,40.8736642051977,240
575,66467.2700745651,5761.50904481853,1227.24120046004,240
576,13591.459052197,3716.68222250733,35.7430638517369,240
577,29015.778092115,5865.92854111857,121.113919929748,240
578,13572.8267139691,2255.39687067916,76.8649847015114,240
579,55175.6331895677,6056.25201998529,660.242644317077,240
580,62345.1669570884,6470.73995644145,863.944029349979,240
581,20561.5531186043,5062.31728319474,61.9521888859765,240
582,9697.2503278392,1535.5854833061,58.610747788678,240
583,28294.6830994545,3993.63617622949,200.745316206738,240
584,13095.8995598958,3809.35302473117,32.2685147790395,240
585,20992.2707318666,3099.97525142005,159.765534739598,240
586,26266.9944963904,2885.72847928161,309.874250919529,240
587,24745.5221259155,2573.74918981886,281.906892157697,240
588,31200.0968622583,3945.28753780609,301.980387653064,240
589,8252.7115899901,1887.23466787693,28.0976482173971,240
590,22011.6564095533,4422.57086320699,88.7876322743458,240
591,10948.8464042821,1930.05936864129,55.2960357074751,240
592,17644.3636970525,2767.94760254714,110.638868870967,240
593,21871.7784922333,7659.20969120687,42.0269854076519,240
594,17872.4565136026,3006.13097504663,96.9335373195934,240
595,12010.5142531112,3889.62864067779,25.7264039357028,240
596,11832.3621889673,3518.79619106062,24.4552817554168,240
597,22740.7443646029,2712.47632720091,207.69927544253,240
598,33879.9808286383,3317.13963144581,466.885901732949,240
599,16830.3327416277,3335.08141773971,68.2009976434387,240
600,11580.2875664594,2817.79182614311,35.4244997391518,240
601,26975.0550629009,5112.87068111486,129.94070529543,240
602,15206.2761695821,2066.38591417286,107.890813828874,240
603,11825.2614340625,2535.07591083537,45.3009596989386,240
604,13854.7491909706,1383.65744065461,194.845829378724,240
605,10094.1748596185,2438.7866579583,26.6725411894301,240
606,18307.4035055668,3164.25569695189,87.777088025877,240
607,19687.9704090678,1693.51162739819,355.432821104217,240
608,19577.4518313097,3170.25734833439,115.721903167053,240
609,15946.2275464124,3258.39877451282,69.7054941577332,240
610,20373.6655940954,1685.80877976189,382.573210310655,240
611,17029.8486833286,6969.29366306503,26.3215610474015,240
612,25571.9097923258,3495.27913143285,215.929182624847,240
613,49823.2298785082,9970.44422387501,214.471963971901,240
614,15184.9358518763,4339.2315098628,35.1823916129185,240
615,8063.62396892241,1358.10251525063,46.0384018335647,240
616,6803.21534215905,1232.21698245029,31.2848800324695,240
617,42471.7848863681,3622.99789047776,790.008312278443,240
618,17999.8279043156,3789.30023943065,76.6012860903809,240
619,15692.1621686461,2393.64575519714,113.124878160729,240
620,14617.4357402127,2736.57213274971,66.8608087547564,240
621,10999.120116126,1709.71686866881,76.669472966105,240
622,38449.2089287485,10037.7470342289,118.043907881966,240
623,11911.2726831653,2650.26495401511,42.5274377417084,240
624,7735.84184810852,1852.03443863268,24.4344714113474,240
625,13070.4892182357,3192.15919371407,42.7546466153769,240
626,20298.4366228474,3577.81407941923,98.4369009904721,240
627,7555.34480705051,1776.72615280986,24.6416866416003,240
628,27461.1332796074,4103.32142941877,202.071744842736,240
629,41337.3947686794,3146.14068986417,840.172174939014,240
630,12571.5296807553,2474.87104413735,55.3252593648434,240
631,6767.87142817604,3151.98214524182,8.40634858919611,240
632,12352.606926866,1845.8550459043,83.3705199359333,240
633,9039.31477825352,3368.18723768954,15.7880694284995,240
634,18250.2397990885,3309.55183120011,94.2581355579507,240
635,18642.0735811662,3499.14874872898,97.4496190987861,240
636,40199.929049999,3858.1694714046,626.369055804258,240
637,61210.2971977128,6872.42510311031,716.259614224282,240
638,46783.3298856015,7807.88947323711,303.621045873655,240
639,20880.8366902952,6309.81136756877,45.2386335941795,240
640,10407.9403122424,3566.19680640328,19.6126980400818,240
641,24627.419518635,5774.81051400943,73.6414508874102,240
642,23753.7569231894,2264.99267562744,326.668466167285,240
643,36707.7339319357,6179.49860204425,186.458682188869,240
644,18516.96617772,2286.93281137593,187.983075383331,240
645,24962.1175547443,5945.8355178317,85.0801647433626,240
646,18290.9108515938,2927.74926456356,104.972365885667,240
647,24696.0111894899,3995.85091751409,121.438531514576,240
648,27561.8630298609,2749.77758500628,393.61484882127,240
649,17835.6887916619,3124.03664291972,93.5129524192864,240
650,20807.7153302198,3288.39796067059,140.854658278119,240
651,33948.1015825901,5775.58715371793,200.358782225164,240
652,14646.9054688229,2717.89899926338,73.4097448600604,240
653,28148.1262174416,5907.35821164837,99.7704894392292,240
654,64093.8021720268,10489.558778431,398.404874247001,240
655,7898.60981527089,1565.57638085657,32.6462289724005,240
656,5955.98706982753,2889.24672578489,7.31002409280188,240
657,7283.76765876701,2536.16651987648,13.6269985800416,240
658,46070.2344056943,7618.76951524579,266.685175709756,240
659,12061.4638458729,5520.44987266317,17.5545483525784,240
660,21046.0826067637,3969.00807728724,102.155052782924,240
661,16917.5818534881,3537.95235878977,67.899591982801,240
662,14854.206861743,4182.25198739949,39.2026052984434,240
663,38324.4909956691,4040.55811891947,471.522327325871,240
664,18984.4384345309,2369.92760480508,188.059916492248,240
665,12524.1276272406,1852.28302582272,93.1028963339226,240
666,9571.91632561207,3050.56754597379,19.1180257532342,240
667,24271.6406995407,7823.68493875243,52.2408957611146,240
668,11560.4797532488,4989.44278160854,14.5039888512173,240
669,14412.1831556917,2886.63540733829,62.6427509354185,240
670,16302.4811864298,2703.62634749732,84.2698941781401,240
671,25891.7335481084,4026.39244785729,167.011030877784,240
672,28633.9999786959,4123.56535573253,197.447721857113,240
673,13220.9959348441,2059.53702919468,81.9681529214968,240
674,13560.1385101521,1571.09693680276,155.198289263727,240
675,10738.7503384485,2218.20962869988,41.1505340205543,240
676,9498.57317963539,1677.65344071756,47.9369084646204,240
677,37406.8560739439,9166.95708342048,113.073833375114,240
678,22541.559645082,8358.44569521755,39.8968809065303,240
679,19003.5793871538,11448.1083714196,21.1921544877674,240
680,42230.0337175818,3567.21032238553,699.566792179625,240
681,18959.7878719757,2848.49577681034,135.506467134109,240
682,14640.9776293821,1742.41575635871,160.485551379235,240
683,14633.9022198935,2600.43400341913,78.4921895692016,240
684,5724.25524431642,1679.51665524033,12.4101923614615,240
685,38774.7301486308,3968.17356217365,532.34126248497,240
686,38961.857846579,4339.88499372051,476.968127492337,240
687,31144.0781987453,4603.9207974649,189.189835648792,240
688,27215.0747970445,3075.45482585735,322.794746220807,240
689,10845.3874689497,6115.36260324237,11.2629156195615,240
690,22200.7847236595,5853.3688916428,58.1773073587679,240
691,11081.3442227534,3117.77147235426,26.8648436305351,240
692,54318.5358264616,7998.82695093799,400.902599868444,240
693,8327.2809551483,811.826589308402,120.345951335614,240
694,8762.45018184463,1273.3564097333,65.4053020202164,240
695,11875.4441899959,3808.11907730233,23.1134134505689,240
696,17768.5557966534,2295.25384174601,151.6092522168,240
697,28169.37978075,4670.57807496332,174.480529916351,240
698,27228.9983463477,7847.84200114887,64.9777969233653,240
699,10620.5621918273,2666.88311999726,30.9488522460765,240
700,22717.4338401236,2908.81308761974,202.654167343468,240
701,25448.8272133532,2608.2738248999,323.938456574824,240
702,18678.8026816078,2152.70221097336,204.352270290453,240
703,11278.1206215803,2882.94479146444,30.8211535331764,240
704,21467.3271189368,3614.6953735559,105.513881063042,240
705,12302.0208927247,1897.3901615071,78.6713748234422,240
706,32827.5104713702,7176.53260271296,121.681262972404,240
707,20320.7491270914,2727.47034350243,185.532479342804,240
708,13972.8144277833,2503.04788934413,74.8291041677768,240
709,5908.56392481647,1326.04430942329,20.3687293644953,240
710,30266.1118737236,3329.20470004723,353.939187450605,240
711,11118.9012571074,1825.05186688026,51.5393651019752,240
712,25372.4683659149,5214.07434513796,113.004211395422,240
713,47862.7581848438,8100.91663228236,289.824979403311,240
714,32185.5035688531,6712.38537847185,120.900832777733,240
715,20163.8858179926,2637.04522010489,192.244222597064,240
716,11819.1235922989,1406.4722953433,124.543143317151,240
717,20348.8091802215,2757.96138308021,182.987514008263,240
718,36671.7730100867,4809.82050851568,341.306342073106,240
719,13489.1310882738,2201.08119402218,76.6293403522991,240
720,19676.7237535126,7043.98410151351,36.5710231648654,240
721,25221.8768455807,3244.08911896976,220.410000413183,240
722,26086.6069819376,3325.45907176982,244.553589162564,240
723,11665.3353523024,1562.40478216443,95.4491828482277,240
724,11750.4319071648,1879.76559344872,69.73595462164,240
725,13958.3161856561,2510.01300781169,69.7603254967221,240
726,7459.46268038899,1516.89375619747,28.7932610020432,240
727,19212.6392003143,3946.57578698396,79.7299090133836,240
728,22361.4203244352,3587.92598713257,137.739748844688,240
729,34126.7711299022,5801.44311182758,192.142030956168,240
730,8779.60799242865,2868.71130226813,18.5444966868216,240
731,19018.4032690709,2404.18373787786,181.873391675657,240
732,11545.117415247,2898.67724726759,35.6598170111834,240
733,54537.5948124188,5416.36332653316,785.138261783593,240
734,19843.8444108178,4525.1947252752,71.3170074312882,240
735,7773.46859751204,2281.05318542057,17.2337340370058,240
736,20241.705692812,8066.31137177862,31.2837936919066,240
737,10289.8404239449,1961.57565317411,39.4119482342799,240
738,9255.47462407296,1788.36609942057,41.9732314607902,240
739,68033.1774521209,9663.92918453267,537.089245235235,240
740,10686.7083945287,2491.50511347356,30.3622134678822,240
741,14722.1103306168,2436.36304630229,83.2502695842343,240
742,26535.0765711255,4511.10175809217,136.018772234567,240
743,10645.9593813742,4359.55554344605,15.6973308363608,240
744,14812.6036320731,1861.4118050481,134.460986987312,240
745,23828.7538031944,7408.32116221822,54.0631153455324,240
746,18792.0655613582,2821.05885110949,133.453056988629,240
747,9528.71106227523,2462.10724961626,26.0540772374241,240
748,9961.12895181198,2568.77519369213,28.0550234491369,240
749,7806.17643691906,2691.76154474797,13.8981959290684,240
750,22844.5293364653,3941.73497128183,125.490719123843,240
751,18870.0541415567,2956.09510727379,97.9136104776644,240
752,8730.59607758266,3849.07583702726,12.2368815175538,240
753,10973.4228833241,1861.51603429433,60.1323472383653,240
754,20918.5921517294,5652.82100141725,59.7881057895127,240
755,25516.6199147079,4777.5752231701,125.628112344965,240
756,28485.0649524974,3064.79756520843,324.761822998748,240
757,12653.3552129184,1397.02417407209,152.950850458683,240
758,51574.0471176081,6112.64754107538,566.993566608636,240
759,21115.7222493048,4136.3292308916,97.4310535514382,240
760,13654.3188487189,2674.83016534315,57.1229356045904,240
761,6057.80381224686,766.973688963329,43.1172623088392,240
762,12672.4120729269,2667.07223155912,48.6073841292768,240
763,16637.4263041905,2060.78734651666,168.121791159351,240
764,20459.5029772307,1988.06189157286,293.971489090994,240
765,29594.358305858,7410.42993406034,87.7463460994496,240
766,18708.1299967488,3484.013938508,85.1380729471363,240
767,17975.445887511,4431.48520684041,58.6018705198968,240
768,14955.5370106208,2219.00325475005,113.108449637687,240
769,20988.1510403922,3374.80256966577,104.533693948771,240
770,10390.3265817843,1726.50560003896,67.0801848212671,240
771,6055.70554804305,2062.36296509315,12.0911734983803,240
772,20055.4983394363,4327.7216776014,75.4652620858037,240
773,11249.4532743219,2283.70298455678,50.7387960378356,240
774,29738.6972169009,3233.57635278489,372.583278401825,240
775,8571.54436408151,3816.88796388303,13.0537595301016,240
776,21116.6528784634,4580.58836840286,78.5147104148011,240
777,9908.46385794624,1193.7089685009,109.58624861009,240
778,17191.9316430989,2645.49524542115,122.227879865268,240
779,7859.02747562465,2334.05306452177,18.9206171657832,240
780,16480.2497541607,2089.13996029223,148.32784234924,240
781,13360.702378595,2779.35391700616,55.3976123599811,240
782,25786.0041306044,3770.82307659121,192.562954625733,240
783,13846.6269948546,3064.50216412234,47.2724272471768,240
784,31494.5138990452,4319.47466985008,258.878862529434,240
785,19528.0033051003,1944.47771310926,269.712679388177,240
786,16248.0657609432,3056.11152665982,72.7310053137058,240
787,17520.643169137,2285.10928605923,144.721915173989,240
788,12577.9950334687,1655.78497218978,97.7348937301169,240
789,16323.3124172222,6286.52622131931,27.4720282560985,240
790,13604.9763944543,1909.12611040509,108.179742677407,240
791,11248.790040738,4123.03635217744,16.1943214389034,240
792,37774.9877404351,4678.77504535385,413.337805168581,240
793,16988.54391559,3398.86589915516,54.1965038698069,240
794,11532.095103843,1640.96833309498,89.6057482447611,240
795,24082.7856734682,2474.69947269509,337.444172511903,240
796,53677.5412770933,7010.06355792668,509.234203607644,240
797,27412.683253502,4522.40462827429,152.594705382204,240
798,18171.8406659682,4865.22885593513,48.369936075492,240
799,16301.8959521658,4769.80761224072,40.5637406365162,240
800,23125.9437500371,6241.38978513107,59.7086811268307,240
801,26780.7767249882,3782.4997017186,222.779258344889,240
802,16082.2524321752,3401.16350043542,67.9405185126778,240
803,35008.8280937296,9533.78124865974,88.727855315536,240
804,31980.4322237248,4571.30766021034,253.653509015485,240
805,63742.0864642874,9741.28462569224,445.658967062933,240
806,10480.9420083755,2092.72071727628,46.6539634863464,240
807,6418.93925154818,2206.87349720044,11.4776870767276,240
808,10164.045803851,2816.51962267932,24.5466632950349,240
809,14539.8699680743,2864.92505114084,69.828093572645,240
810,24793.6702939486,4668.62418490965,114.37373537768,240
811,23435.682931517,3707.4235349323,133.062939220326,240
812,18905.349507672,3650.80207934539,76.6938529769923,240
813,48646.5145720244,4208.59735851221,855.360125527224,240
814,12108.3627960973,2556.86577490229,50.9496851459472,240
815,48611.750524316,5587.43700371624,572.236901222214,240
816,16626.6735831505,2633.06236012961,112.060818050604,240
817,16833.9738942951,5923.58782271046,31.5877913482198,240
818,14071.3864120762,3121.26977083358,53.7887531564907,240
819,20713.3860549756,6454.5402096856,45.256825955354,240
820,12102.664885189,3221.30716255191,34.8401150273907,240
821,24775.619515628,6558.62978481679,66.2114659470258,240
822,9438.18520847646,2121.74273791154,33.2643605299396,240
823,13718.3704842919,2156.19935891462,83.3732149753331,240
824,7320.1819973821,1509.50433961437,31.8967748821864,240
825,23138.6946810885,5542.35408592581,76.3169437614575,240
826,19916.6274962724,2935.44462039688,146.433499500192,240
827,13634.0477465064,2982.94479140575,50.4574118970652,240
828,23731.0937499921,5374.26460731878,82.5404399372438,240
829,4914.76000291486,1203.28006455586,15.9470900414173,240
830,32326.6779116618,5449.40889946454,193.695497705841,240
831,20224.6195719421,1730.60211042969,353.756006561765,240
832,20939.3658650695,3126.51430489409,110.69557528544,240
833,31412.2186133401,7345.3935433995,111.163813561987,240
834,14095.5641604523,3986.80417388201,36.9087411282533,240
835,7403.41234077539,4669.10113535932,6.6740552552964,240
836,44682.1731891103,5157.89068057235,514.204724350927,240
837,8072.84755283754,2625.50172517108,14.1637361851133,240
838,37468.8558841783,7754.06706866919,130.58950825102,240
839,37464.709055235,4571.39562886411,362.926678138435,240
840,40390.3800625507,4498.64740859271,454.622065549115,240
841,8473.18529451966,1273.17259357306,63.0970220794456,240
842,31448.0748879877,5262.99542049006,180.79085148363,240
843,26063.7996697935,3013.64984291323,293.024964948583,240
844,22915.6246222913,2778.86692856047,184.000290398768,240
845,15455.3851850229,2345.55404373094,112.195207418212,240
846,16927.2257986758,2765.90950919799,77.1789801934968,240
847,13061.4923434311,1902.90747511003,90.3562702055819,240
848,23283.2200684188,4349.66369346939,115.224117347234,240
849,15167.3632580098,3283.40682178604,63.5715487073157,240
850,14872.3573203457,7755.74040526747,16.5249160481474,240
851,21560.1051554318,1935.68641193148,361.536159722402,240
852,8820.57415792366,2185.60445978927,24.6145758137566,240
853,10491.574791155,1198.94234409088,107.138086956142,240
854,11479.0625110282,2304.88536999707,44.5246044553731,240
855,35867.2277609825,5353.85381035448,282.740875404653,240
856,14940.699223282,2694.19566731437,78.7109087441525,240
857,17402.5559852123,1946.50298554446,204.42167968246,240
858,21270.2100951426,3587.82099350473,128.630250582306,240
859,11130.9093508321,2408.10594791904,43.9139508002121,240
860,21879.8534570225,2532.14503617529,237.259242320606,240
861,12500.1965296515,2236.50597716985,56.5888398866521,240
862,26652.494219263,3070.21409096107,281.993197424926,240
863,13254.9279141649,1458.31294481511,154.285788324043,240
864,4862.4057976343,1535.24416402263,9.68090828846253,240
865,14622.0535781564,1315.30677276444,224.226604976522,240
866,22155.2116457719,5994.15660815119,65.2132733752957,240
867,22842.583612237,4427.38026335814,105.43071104078,240
868,13197.7547784787,3386.23134022532,36.0609417139098,240
869,9231.02827922419,2393.85171767783,25.1949751214584,240
870,31392.8046477783,4194.40077775117,253.464064483369,240
871,13950.1428133944,1819.38125706592,135.080248064121,240
872,5014.57268535497,1699.68474108643,9.36359719379731,240
873,37116.06843948,9817.08509425025,106.343595350013,240
874,37004.3778399756,5110.38006707433,287.56297946569,240
875,26906.4656682999,7327.6457410311,70.4600263943707,240
876,23189.7190800434,5667.53916128857,73.0717584147063,240
877,10354.1826259753,2110.95874201173,40.5706110005454,240
878,15574.878701274,4561.49829319439,34.2936226071165,240
879,22903.4264663922,6285.11474342192,62.8153831831323,240
880,37931.7159741848,3145.18907978282,708.865195515786,240
881,17666.7200921588,2850.24288741905,110.924882198342,240
882,21837.918698739,3306.85051849031,138.437939898566,240
883,15948.3015066401,2474.54523040485,100.51960238586,240
884,41635.4565852376,3087.99920869737,878.065287236324,240
885,22741.1873327973,5517.86259080696,75.8036306073722,240
886,14470.1340907448,1630.14271840069,150.114280636311,240
887,16542.880519229,1789.88557321614,198.194855088702,240
888,25252.4388149634,9820.56142117661,41.9950047218742,240
889,9613.59580848873,1300.16682584535,73.9838484451304,240
890,29387.3417908794,3064.34544153069,390.879164002277,240
891,24521.3628669769,4448.84285111613,136.291791910732,240
892,38674.7015210726,8682.22702708095,147.055157721129,240
893,47467.9830260179,10849.0994409679,162.692739723918,240
894,9720.43440367011,1379.23836994599,73.8800204160396,240
895,8937.39024973451,1770.48390812073,36.8577803344008,240
896,21773.5478324647,2888.16496033014,193.8531158143,240
897,20827.9302050506,5526.79569614873,60.2606422594776,240
898,12025.4835260482,2944.59596692253,32.8578461496682,240
899,35372.2685111207,7380.28662436408,128.850049623769,240
900,6936.88176422941,2624.03089700471,11.388881298585,240
901,19241.8980801799,1935.37418896808,261.632335315824,240
902,14122.0472868908,2866.43165103892,59.3495129122344,240
903,35298.145489423,6436.39287469493,171.220803701563,240
904,25586.7462673703,3169.76730588826,220.263955948187,240
905,22694.1961840289,2555.32686679985,228.814524897765,240
906,16469.776424341,1827.08584205704,182.325067027994,240
907,11453.3019152779,2587.13845040422,41.4224517070804,240
908,18600.2595201835,6919.39508033473,30.1372082786981,240
909,18369.709256585,3951.80491275703,54.8969637418265,240
910,30093.8509385821,6690.65578859279,110.467224611793,240
911,25371.8842082535,3444.62030279793,213.912417820315,240
912,16828.3971045271,1975.44475190412,174.724172787092,240
913,10020.7566830102,2616.6451211458,25.2232774471957,240
914,10417.7860677795,3332.57667719067,21.2320157090598,240
915,26068.1479036769,2832.13588779877,342.523872138582,240
916,10661.9227845657,5199.19483994227,11.2794536163696,240
917,36509.4777846015,6194.83799112662,213.872956409426,240
918,58104.0059872091,7656.52343798314,526.2637017124,240
919,19336.7577428421,5303.86079101709,49.143106686317,240
920,31139.0510255158,4391.56348065399,259.027396268245,240
921,47133.3865316512,4058.27899910945,848.780806949127,240
922,34443.0837441483,4153.07476446874,325.095793348448,240
923,29640.1386286686,5112.10926383092,137.776940217717,240
924,18310.4345213103,2662.47094753,144.889611817991,240
925,30032.557592606,6478.12812512137,111.180053661506,240
926,30986.9835052222,11092.9237183885,64.9882958813233,240
927,5303.70971896345,1356.77402438151,15.0012389016611,240
928,5532.46021994686,1464.69892324983,14.5398456682933,240
929,24348.2915614662,4491.35004551537,121.869729992498,240
930,12938.411686017,4218.11130997485,20.0708657897543,240
931,17395.92443352,4678.56163973106,39.4539775661475,240
932,16137.8089164659,2031.09709382814,148.185968605843,240
933,19415.1123840212,2694.36275858649,153.554236287378,240
934,8498.46364306005,2332.86669616476,17.6664076024248,240
935,17526.0073711632,3597.38004551036,67.7113520349958,240
936,42719.1427332198,12178.4588130097,110.678878744894,240
937,6082.26518777402,699.506958151922,64.8393311162918,240
938,28398.0047836539,7813.9350365567,77.0656710844098,240
939,11650.822277782,1629.06676425429,92.8897950932973,240
940,10219.5260068285,2424.84194455109,32.2063447814576,240
941,12713.9779889994,4340.85990969654,25.3081631776247,240
942,14614.1327231603,3215.83223084228,44.2737910120168,240
943,42384.5495270434,3880.7008073519,686.704458982513,240
944,32796.2533817506,7677.71657107043,109.63176823835,240
945,12786.7502303527,1613.69897321464,119.977706993052,240
946,5963.73667379714,2255.50506411456,8.02411998583223,240
947,15757.9937062787,2896.74594155027,80.3735353914376,240
948,24994.7876463981,8635.71504781397,49.9808359037753,240
949,28140.1474313045,4245.60536166864,189.060417528003,240
950,15100.2667087728,5293.3679651124,28.9829586015462,240
951,9390.72781030854,1151.25479912385,96.472514832153,240
952,14885.652181307,2914.28413719887,65.8227465918922,240
953,17558.188191039,4479.10431151017,53.1978214968168,240
954,10907.6802083429,1204.50784411297,134.006627685613,240
955,13150.672124669,2577.01358996373,54.9150533606699,240
956,11445.9138689698,2076.56942005859,56.2365067629478,240
957,46702.7469914888,11035.0189503983,137.260203716128,240
958,18794.7205951579,2381.40105305294,176.121516814051,240
959,28800.7448049356,4342.15950077128,170.663953349479,240
960,43043.9464367273,9347.64018047478,149.769444957035,240
961,11972.9416610242,2727.80240805361,39.954967221674,240
962,20807.3505202617,3863.91065055448,96.0652135710023,240
963,12636.8780767209,2199.65759749563,70.1855062411595,240
964,9717.78039058675,2367.25356090217,31.9174168144155,240
965,23080.122505805,5463.17567251875,64.11244756759,240
966,32336.7076140119,3363.06835978888,419.254358064302,240
967,28443.7898568097,5283.67408452552,131.841492944514,240
968,18552.6823800846,5877.61384269095,40.7520886930426,240
969,32380.0923045817,3226.59945529949,487.476909633934,240
970,27943.9489715565,3523.51117101194,264.347941710082,240
971,9963.13038410622,2227.31646564387,34.7228554678238,240
972,13999.5713965719,3312.57191074189,43.3702893234824,240
973,35037.2318116817,4779.32231245865,298.55041382903,240
974,6862.95532077689,1889.93986105196,15.7684110117719,240
975,15895.6153223438,5787.42986362764,26.4981361476948,240
976,19883.70987128,2705.17012998302,168.32741877599,240
977,28607.2305093598,3637.61766213611,287.963597413814,240
978,22725.5497764101,5282.13514220354,73.5784310622247,240
979,20577.8222995038,4759.25183251184,74.5887873136717,240
980,24590.2251393605,5528.96022076339,83.210192674292,240
981,15898.1177783484,4529.28243653577,36.4170287446278,240
982,48104.5231711576,7302.31469311875,351.595849975542,240
983,11943.7421547941,2736.5305826055,38.4195607732435,240
984,28966.336676508,3942.06929153292,261.573732588507,240
985,80593.1772649071,7626.44923668335,1308.52928316694,240
986,10153.1162438324,1874.45772377687,45.020595337724,240
987,10133.0537245477,1979.59111802337,48.0811719006634,240
988,12026.1409841122,1845.87035417566,69.581841970942,240
989,19057.2228841067,5781.24035813028,44.271851171788,240
990,13400.7509832085,2267.85006978908,79.6754775466097,240
991,35958.893776039,3548.89647827021,523.190574516324,240
992,15906.8633558102,3768.51266891237,50.2521703057775,240
993,48850.5844638847,11432.121646233,173.746822174279,240
994,19877.5819539386,3681.23814667242,93.404671333487,240
995,18546.3039021874,2559.46055127518,167.595880532066,240
996,20703.8201786608,4605.72028990947,78.5500738442429,240
997,29194.2318705944,2982.45309493736,414.853011073339,240
998,35838.4999321065,16174.0617310363,48.3578524954252,240
999,46454.622517611,10892.4002180727,147.676504544446,240
1000,30996.0247103586,3856.80803855826,299.216281721572,240
